CASE_ID,ACCIDENT_YEAR,PROC_DATE,JURIS,COLLISION_DATE,COLLISION_TIME,OFFICER_ID,REPORTING_DISTRICT,DAY_OF_WEEK,CHP_SHIFT,POPULATION,CNTY_CITY_LOC,SPECIAL_COND,BEAT_TYPE,CHP_BEAT_TYPE,CITY_DIVISION_LAPD,CHP_BEAT_CLASS,BEAT_NUMBER,PRIMARY_RD,SECONDARY_RD,DISTANCE,DIRECTION,INTERSECTION,WEATHER_1,WEATHER_2,STATE_HWY_IND,CALTRANS_COUNTY,CALTRANS_DISTRICT,STATE_ROUTE,ROUTE_SUFFIX,POSTMILE_PREFIX,POSTMILE,LOCATION_TYPE,RAMP_INTERSECTION,SIDE_OF_HWY,TOW_AWAY,COLLISION_SEVERITY,NUMBER_KILLED,NUMBER_INJURED,PARTY_COUNT,PRIMARY_COLL_FACTOR,PCF_CODE_OF_VIOL,PCF_VIOL_CATEGORY,PCF_VIOLATION,PCF_VIOL_SUBSECTION,HIT_AND_RUN,TYPE_OF_COLLISION,MVIW,PED_ACTION,ROAD_SURFACE,ROAD_COND_1,ROAD_COND_2,LIGHTING,CONTROL_DEVICE,CHP_ROAD_TYPE,PEDESTRIAN_ACCIDENT,BICYCLE_ACCIDENT,MOTORCYCLE_ACCIDENT,TRUCK_ACCIDENT,NOT_PRIVATE_PROPERTY,ALCOHOL_INVOLVED,STWD_VEHTYPE_AT_FAULT,CHP_VEHTYPE_AT_FAULT,COUNT_SEVERE_INJ,COUNT_VISIBLE_INJ,COUNT_COMPLAINT_PAIN,COUNT_PED_KILLED,COUNT_PED_INJURED,COUNT_BICYCLIST_KILLED,COUNT_BICYCLIST_INJURED,COUNT_MC_KILLED,COUNT_MC_INJURED,PRIMARY_RAMP,SECONDARY_RAMP,LATITUDE,LONGITUDE,COUNTY,CITY,POINT_X,POINT_Y
90454477,2017,2017-05-12,9720,2017-05-06,0221,021561,,6,3,9,4400,0,2,4,,1,024,"CHANTICLEER AVE","SOQUEL AVE",0.00,,Y,A,-,N,,,,,,,,,,Y,3,0,1,1,A,-,01,23152,A,M,E,I,A,A,H,-,C,A,0,,,,,Y,Y,A,01,0,1,0,0,0,0,0,0,0,"- ","- ",36.984999999999999,-121.97875999999999,"SANTA CRUZ",UNINCORPORATED,-121.97882996,36.984970099999998
90489702,2017,2017-06-28,9720,2017-06-18,1135,021268,,7,1,9,4400,0,1,3,,1,015,SR-9,"EXIT RD",3168.00,N,N,A,-,Y,,,9,,,,,,,N,3,0,1,2,A,-,06,21750,,N,B,G,A,A,H,-,A,D,0,,Y,,,Y,,E,22,0,1,0,0,0,0,1,0,0,"- ","- ",37.008000000000003,-122.04810000000001,"SANTA CRUZ",UNINCORPORATED,-122.04806000000001,37.008110000000002
90491503,2017,2017-06-30,9720,2017-06-23,1913,021333,,5,2,9,4400,0,3,5,,2,300,"BUENA VISTA DR","LARKIN VALLEY RD",528.00,E,N,A,-,N,,,,,,,,,,Y,4,0,1,1,A,-,08,22107,,N,E,I,A,A,H,-,A,D,0,,,,,Y,,A,07,0,0,1,0,0,0,0,0,0,"- ","- ",36.939160000000001,-121.80573,"SANTA CRUZ",UNINCORPORATED,-121.80644940000001,36.938741440000001
90502830,2017,2017-07-18,9720,2017-07-09,1730,021140,,7,2,9,4400,0,2,4,,1,024,"EAST CLIFF DRIVE","19TH AVE",110.00,S,N,A,-,N,,,,,,,,,,N,4,0,1,2,A,-,08,22107,,N,D,G,A,A,H,-,A,D,0,,Y,,,Y,,A,01,0,0,1,0,0,0,1,0,0,"- ","- ",36.961190000000002,-121.98665,"SANTA CRUZ",UNINCORPORATED,-121.98658304999999,36.96123205
90551615,2017,2017-09-19,9720,2017-09-14,2001,021321,,4,2,9,4400,0,1,3,,2,030,"SR-1 S/B","SAN ANDREAS RD",2112.00,S,N,A,-,Y,,,1,,,,,,S,Y,3,0,1,2,A,-,03,22350,,F,C,C,A,A,H,-,C,D,0,,,,,Y,,A,01,0,1,0,0,0,0,0,0,0,"- ","- ",36.954639999999998,-121.85665,"SANTA CRUZ",UNINCORPORATED,-121.85665477000001,36.954635150000001
90567357,2017,2017-10-11,9720,2017-10-05,1525,021798,,4,2,9,4400,0,2,4,,1,021,"SOQUEL DR","PORTER ST",330.00,E,N,A,-,N,,,,,,,,,,Y,4,0,1,3,A,-,09,21804,A,N,D,C,A,A,H,-,A,A,0,,,,,Y,,A,01,0,0,1,0,0,0,0,0,0,"- ","- ",36.98883,-121.9568,"SANTA CRUZ",UNINCORPORATED,-121.95632999,36.988473849999998
90573326,2017,2017-10-18,9720,2017-10-07,1400,021227,,6,2,9,4400,0,1,3,,2,020,"SR-1 N/B","EMELINE AVE",250.00,N,N,A,-,Y,,,1,,,,,,N,Y,2,0,2,3,A,-,08,22107,,N,C,C,A,A,H,-,A,D,0,,,Y,,Y,,C,02,1,1,0,0,0,0,0,0,2,"- ","- ",36.98939,-122.01958,"SANTA CRUZ",UNINCORPORATED,-122.01958324,36.98936681
90577533,2017,2017-10-24,9720,2017-10-13,2230,021714,,5,3,9,4400,0,3,5,,2,300,"EUREKA CANYON RD","TINDALL RANCH RD",65.00,S,N,A,-,N,,,,,,,,,,Y,3,0,1,1,A,-,01,23152,A,N,E,I,A,A,H,-,D,D,0,,,,,Y,Y,A,07,0,1,0,0,0,0,0,0,0,"- ","- ",37.044800000000002,-121.8087,"SANTA CRUZ",UNINCORPORATED,-121.80842,37.044670000000004
90577893,2017,2017-10-25,9720,2017-10-15,1918,021860,,7,2,9,4400,0,2,4,,1,021,"SOQUEL DRIVE","EAST WALNUT STREET",80.00,N,N,A,-,N,,,,,,,,,,Y,2,0,1,2,A,-,01,23152,A,N,E,I,A,A,H,-,C,A,0,,,,,Y,Y,D,23,1,0,0,0,0,0,0,0,0,"- ","- ",36.987580000000001,-121.95256000000001,"SANTA CRUZ",UNINCORPORATED,-121.95264285,36.987656119999997
90582534,2017,2017-11-30,9720,2017-10-24,1237,021215,,2,1,9,4400,0,2,4,,1,022,"SOQUEL SAN JOSE RD","ONEIL LN",0.00,,Y,A,-,N,,,,,,,,,,Y,4,0,1,2,A,-,12,22450,A,N,A,C,A,A,H,-,A,B,0,,,,,Y,,-,"- ",0,0,1,0,0,0,0,0,0,"- ","- ",36.992809999999999,-121.9572,"SANTA CRUZ",UNINCORPORATED,-121.95723993999999,36.99281002
90584370,2017,2017-11-01,9720,2017-10-22,0300,021477,,7,3,9,4400,0,3,5,,2,100,"GLEN ARBOR RD.","CALEDONIUM AVE",6.00,N,N,A,-,N,,,,,,,,,,Y,2,0,2,1,A,-,01,23152,A,N,E,I,A,A,H,-,C,D,0,,,,,Y,Y,A,01,1,1,0,0,0,0,0,0,0,"- ","- ",37.074199999999998,-122.0804,"SANTA CRUZ",UNINCORPORATED,-122.08039890000001,37.074263879999997
90586351,2017,2017-11-02,9720,2017-10-29,1433,021333,,7,2,9,4400,0,1,3,,1,017,"STATE ROUTE 17 S/B","SUMMIT RD",5280.00,S,N,A,-,Y,,,17,,,,,,S,Y,4,0,1,2,A,-,01,23152,A,N,D,C,A,A,H,-,A,A,0,,,,,Y,Y,D,22,0,0,1,0,0,0,0,0,0,"- ","- ",37.131419999999999,-121.97951999999999,"SANTA CRUZ",UNINCORPORATED,-121.97950606000001,37.131433080000001
90589612,2017,2017-11-07,9720,2017-11-02,0705,021806,,4,1,9,4400,0,1,3,,2,020,"SR-1 S/B","PARK AVE",2112.00,S,N,A,-,Y,,,1,,,,,,S,Y,3,0,2,3,A,-,03,22350,,N,C,C,A,A,H,-,A,D,0,,,,,Y,,A,07,0,1,1,0,0,0,0,0,0,"- ","- ",36.982819999999997,-121.92507000000001,"SANTA CRUZ",UNINCORPORATED,-121.92506324999999,36.982868969999998
90589949,2017,2017-11-08,9720,2017-11-03,1142,021840,,5,1,9,4400,0,1,3,,2,020,"SR-1 N/B",SR-9,300.00,S,N,B,-,Y,,,,,,,,,,N,4,0,1,2,A,-,03,22350,,N,C,C,A,B,H,-,A,D,0,,,,,Y,,A,01,0,0,1,0,0,0,0,0,0,"- ","- ",36.9863,-122.0245,"SANTA CRUZ",UNINCORPORATED,,
90593394,2017,2017-11-13,9720,2017-11-07,0445,021561,,2,3,9,4400,0,1,3,,1,012,SR-236,"LODGE RD",1056.00,W,N,A,-,Y,,,236,,,,,,,Y,4,0,1,1,A,-,03,22350,,N,E,I,A,A,H,-,D,D,0,,,,,Y,,A,01,0,0,1,0,0,0,0,0,0,"- ","- ",37.170560000000002,-122.18340000000001,"SANTA CRUZ",UNINCORPORATED,-122.18348456,37.170716589999998
90593753,2017,2017-11-14,9720,2017-11-09,1350,021877,,4,1,9,4400,0,1,3,,1,017,"S/B SR-17 TO S/B SR-1","EMELINE AVE",1584.00,N,N,B,C,Y,,,17,,,,R,,,Y,3,0,2,2,A,-,07,21658,A,N,B,C,A,B,H,-,A,D,0,,,,,Y,,A,01,0,2,0,0,0,0,0,0,0,"- ","- ",36.990229999999997,-122.02242,"SANTA CRUZ",UNINCORPORATED,-122.02242,36.990229999999997
90595900,2017,2017-11-16,9720,2017-11-14,1025,021760,,2,1,9,4400,0,1,3,,1,017,"SR-17 S/B","SIMS RD",528.00,S,N,A,-,Y,,,17,,,,,,S,Y,4,0,1,3,A,-,03,22350,,N,C,C,A,A,H,-,A,D,0,,,,,Y,,D,22,0,0,1,0,0,0,0,0,0,"- ","- ",37.015320000000003,-122.02597,"SANTA CRUZ",UNINCORPORATED,-122.02583067,37.015431980000002
90601751,2017,2017-11-27,9720,2017-11-16,1205,021840,,4,1,9,4400,0,2,4,,1,031,"FREEDOM BLVD","HAMES RD",940.00,S,N,C,-,N,,,,,,,,,,Y,2,0,2,1,A,-,01,23152,A,N,E,I,A,B,H,-,A,D,0,,,,,Y,Y,A,01,1,1,0,0,0,0,0,0,0,"- ","- ",36.985430000000001,-121.83228,"SANTA CRUZ",UNINCORPORATED,-121.83366549,36.986223189999997
90610719,2017,2017-12-05,9720,2017-11-25,1345,021248,,6,1,9,4400,0,1,3,,2,030,"SR-1 N/B","HARKINS SLOUGH RD",3168.00,S,N,A,-,Y,,,1,,,,,,N,N,4,0,3,2,A,-,03,22350,,N,C,C,A,A,H,-,A,D,0,,,,,Y,,A,07,0,0,3,0,0,0,0,0,0,"- ","- ",36.905810000000002,-121.78127000000001,"SANTA CRUZ",UNINCORPORATED,-121.78126001,36.90581641
90611703,2017,2017-12-06,9720,2017-11-25,2145,021860,,6,2,9,4400,0,1,3,,1,012,SR-236,"BOULDER BROOK DRIVE",40.00,E,N,A,-,Y,,,,,,,,,,Y,3,0,1,1,A,-,01,23152,A,N,E,I,A,A,H,-,D,D,0,,,,,Y,Y,A,01,0,1,0,0,0,0,0,0,0,"- ","- ",37.129109999999997,-122.13777,"SANTA CRUZ",UNINCORPORATED,,
90625750,2017,2017-12-25,9720,2017-12-16,1856,021760,,6,2,9,4400,0,3,5,,2,300,"CARLTON RD","KEER RD",500.00,S,N,G,-,N,,,,,,,,,,Y,3,0,1,1,A,-,08,22107,,N,E,I,A,A,H,-,D,D,0,,,,,Y,,A,07,0,1,0,0,0,0,0,0,0,"- ","- ",36.950090000000003,-121.72051,"SANTA CRUZ",UNINCORPORATED,-121.71131534,36.941773529999999
90637962,2018,2018-01-11,9720,2018-01-01,1425,021860,,1,2,9,4400,0,1,3,,1,017,"SR-17 N/B","MOUNT HERMON RD",2112.00,S,N,A,-,Y,,,17,,,,,,N,Y,4,0,1,1,A,-,01,23152,G,M,E,I,A,A,H,-,A,D,0,,,,,Y,Y,E,22,0,0,1,0,0,0,0,0,0,"- ","- ",37.028938293457031,-122.02317047119141,"SANTA CRUZ",UNINCORPORATED,-122.02333068847656,37.029033660888672
90641838,2018,2018-01-17,9720,2018-01-09,0127,021549,,2,3,9,4400,0,1,3,,1,017,"SR-17 S/B","PASATIEMPO DR OVERCROSSING",850.00,N,N,B,C,Y,,,,,,,,,,Y,4,0,1,1,A,-,01,23152,A,N,E,I,A,B,H,-,D,D,0,,,,,Y,Y,A,01,0,0,1,0,0,0,0,0,0,"- ","- ",37.008190155029297,-122.12767028808594,"SANTA CRUZ",UNINCORPORATED,,
90656875,2018,2018-02-07,9720,2018-01-29,2150,021717,,1,2,9,4400,0,1,3,,1,017,"SR-17 S/B","MOUNT HERMON RD",3168.00,S,N,A,-,Y,,,17,,,,,,S,Y,3,0,1,3,A,-,03,22350,,N,C,C,A,A,H,-,D,D,0,,,,,Y,,A,01,0,1,0,0,0,0,0,0,0,"- ","- ",37.027599334716797,-122.02461242675781,"SANTA CRUZ",UNINCORPORATED,-122.02458953857422,37.027580261230469
90660960,2018,2018-02-14,9720,2018-02-04,0315,021540,,7,3,9,4400,0,1,3,,1,017,"SR-17 S/B","MOUNT HERMON RD",910.00,N,N,A,-,Y,,,17,,,,,,S,Y,2,0,3,1,A,-,01,23152,G,N,E,J,A,A,H,-,D,D,0,,,,,Y,Y,A,01,1,1,1,0,0,0,0,0,0,"- ","- ",37.036880493164062,-122.01918029785156,"SANTA CRUZ",UNINCORPORATED,-122.01915740966797,37.036846160888672
90682469,2018,2018-03-15,9720,2018-03-07,1645,021702,,3,2,9,4400,0,2,4,,1,021,"SOQUEL DRIVE","THURBER LN",0.00,,Y,A,-,N,,,,,,,,,,Y,4,0,1,2,A,-,12,21453,A,M,D,C,A,A,H,-,A,A,0,,,,,Y,,A,01,0,0,1,0,0,0,0,0,0,"- ","- ",36.988899230957031,-121.97920227050781,"SANTA CRUZ",UNINCORPORATED,-121.97911834716797,36.988739013671875
90688843,2018,2018-03-23,9720,2018-03-20,2030,021230,,2,2,9,4400,0,1,3,,1,035,SR-129,"MURPHY CROSSING RD",3168.00,E,N,B,C,Y,,,129,,,,,,,Y,3,0,1,1,A,-,03,22350,,M,E,I,A,B,H,-,D,D,0,,,,,Y,,A,01,0,1,0,0,0,0,0,0,0,"- ","- ",36.914070129394531,-121.66616821289062,"SANTA CRUZ",UNINCORPORATED,-121.66616058349609,36.914134979248047
90700322,2018,2018-04-06,9720,2018-03-30,1300,021561,,5,1,9,4400,0,1,3,,1,017,"SR-17 S/B","SUMMIT RD",528.00,S,N,A,-,Y,,,17,,,,,,S,Y,3,0,1,1,A,-,03,22350,,N,F,J,A,A,H,-,A,D,0,,,Y,,Y,,C,02,0,1,0,0,0,0,0,0,1,"- ","- ",37.142459869384766,-121.98522186279297,"SANTA CRUZ",UNINCORPORATED,-121.9852294921875,37.142459869384766
90702187,2018,2018-05-24,9720,2018-04-07,0807,021714,,6,1,9,4400,0,1,3,,1,017,"SR-17 N/B","MT HERMON RD. O/C",2112.00,S,N,C,-,Y,,,,,,,,,,Y,3,0,2,1,A,-,08,22107,,N,E,I,A,B,H,-,A,D,0,,,,,Y,,A,01,0,1,1,0,0,0,0,0,0,"- ","- ",37.029788970947266,-122.02210235595703,"SANTA CRUZ",UNINCORPORATED,-122.02291107177734,37.030055999755859
90707090,2018,2018-04-17,9720,2018-04-09,1030,021215,,1,1,9,4400,0,2,4,,1,021,"SOQUEL DR","HARDIN WAY",20.00,E,N,A,-,N,,,,,,,,,,N,3,0,1,2,A,-,09,21804,A,N,G,G,A,A,H,-,A,D,0,,Y,,,Y,,L,04,0,1,0,0,0,0,1,0,0,"- ","- ",36.987880706787109,-121.94429016113281,"SANTA CRUZ",UNINCORPORATED,-121.94438934326172,36.987812042236328
90728026,2018,2018-07-03,9720,2018-05-06,0233,021717,,7,3,9,4400,0,1,3,,2,030,"SR-1 N/B","MAR MONTE AVE",3696.00,S,N,A,-,Y,,,1,,,,,,N,Y,2,0,1,1,A,-,08,22107,,N,E,I,A,A,H,-,D,D,0,,,,,Y,,D,22,1,0,0,0,0,0,0,0,0,"- ","- ",36.943031311035156,-121.84162139892578,"SANTA CRUZ",UNINCORPORATED,-121.84158325195312,36.943092346191406
90754698,2018,2018-06-25,9720,2018-06-02,0205,021940,,6,3,9,4400,0,1,3,,1,010,SR-1,"DIMEO LN",5808.00,N,N,A,-,Y,,,1,,,,,,,Y,2,0,1,3,A,-,03,22350,,N,C,C,E,A,H,-,D,D,0,Y,,,,Y,,A,01,1,0,0,0,1,0,0,0,0,"- ","- ",36.970489501953125,-122.12238311767578,"SANTA CRUZ",UNINCORPORATED,-122.12238311767578,36.970451354980469
90755838,2018,2018-06-26,9720,2018-06-23,1330,021714,,6,1,9,4400,0,2,4,,1,032,"HOLOHAN RD","GRIMMER RD",500.00,N,N,A,-,N,,,,,,,,,,N,4,0,3,2,A,-,03,22350,,N,C,C,A,A,H,-,A,D,0,,,,,Y,,A,01,0,0,3,0,0,0,0,0,0,"- ","- ",36.939151763916016,-121.75736999511719,"SANTA CRUZ",UNINCORPORATED,-121.75731658935547,36.939144134521484
90763186,2018,2018-07-05,9720,2018-06-28,1725,021227,,4,2,9,4400,0,1,3,,2,020,"SR-1 S/B","SOQUEL DR",528.00,N,N,A,-,Y,,,1,,,,,,S,Y,4,0,2,4,A,-,03,22350,,N,C,C,A,A,H,-,A,D,0,,,,Y,Y,,A,07,0,0,2,0,0,0,0,0,0,"- ","- ",36.987419128417969,-121.98739624023438,"SANTA CRUZ",UNINCORPORATED,-121.98741912841797,36.987293243408203
90763427,2018,2018-07-05,9720,2018-06-29,1610,020836,,5,2,5,4402,0,1,3,,2,020,"SR-1 S/B","41ST AVE",1056.00,N,N,A,-,Y,,,,,,,,,,N,4,0,1,2,A,-,03,22350,,N,C,C,A,A,H,-,A,D,0,,,,,Y,,A,01,0,0,1,0,0,0,0,0,0,"- ","- ",36.982810974121094,-121.96714019775391,"SANTA CRUZ","SANTA CRUZ",-121.96071624755859,36.982830047607422
90773289,2018,2018-07-20,9720,2018-07-10,2305,020413,,2,3,9,4400,0,1,3,,2,020,"SR-1 N/B","PARK AVE",1584.00,S,N,A,-,Y,,,1,,,,,,N,Y,3,0,3,2,A,-,01,23152,A,N,B,C,A,A,H,-,D,D,0,,,,,Y,Y,A,01,0,3,0,0,0,0,0,0,0,"- ","- ",36.983871459960938,-121.93064880371094,"SANTA CRUZ",UNINCORPORATED,-121.93065643310547,36.983802795410156
90782354,2018,2018-08-01,9720,2018-07-25,0840,021489,,3,1,9,4400,0,3,5,,2,100,"GLENWOOD DR","SAND HILL RD",1036.00,N,N,A,-,N,,,,,,,,,,Y,3,0,1,1,A,-,08,22107,,N,E,I,A,A,H,-,A,D,0,,,,,Y,,A,07,0,1,0,0,0,0,0,0,0,"- ","- ",37.083080291748047,-122.00734710693359,"SANTA CRUZ",UNINCORPORATED,-122.0067138671875,37.082469940185547
90814690,2018,2018-09-17,9720,2018-09-12,1844,020805,,3,2,9,4400,0,1,3,,1,034,SR-152,"DELANEY AVE",1056.00,W,N,A,-,Y,,,152,,,,,,,Y,4,0,2,2,A,-,03,22350,,N,C,C,A,A,H,-,A,D,0,,,,,Y,,A,01,0,0,2,0,0,0,0,0,0,"- ","- ",36.947200775146484,-121.73570251464844,"SANTA CRUZ",UNINCORPORATED,-121.73573303222656,36.947227478027344
90814879,2018,2018-09-17,9720,2018-09-08,1056,021702,,6,1,9,4400,0,1,3,,1,012,SR-236,"CHINA GRADE RD",2112.00,E,N,A,-,Y,,,236,,,,,,,N,3,0,1,1,A,-,03,22350,,N,F,A,A,A,H,-,A,D,0,,,Y,,Y,,C,02,0,1,0,0,0,0,0,0,1,"- ","- ",37.200469970703125,-122.19732666015625,"SANTA CRUZ",UNINCORPORATED,-122.19719696044922,37.200645446777344
90820678,2018,2018-09-25,9720,2018-09-16,2249,021988,,7,3,9,4400,0,1,3,,1,017,SR-17,"MOUNT HERMON ROAD OVER-CROSSING",1003.00,N,N,A,-,Y,,,,,,,,,,Y,4,0,1,1,A,-,01,23152,A,N,E,I,A,A,H,-,D,D,0,,,,,Y,Y,A,01,0,0,1,0,0,0,0,0,0,"- ","- ",37.037281036376953,-121.01831817626953,"SANTA CRUZ",UNINCORPORATED,,
90826300,2018,2018-10-02,9720,2018-09-23,1443,021702,,7,2,9,4400,0,1,3,,2,020,"SR-1 S/B","BAY AVE",200.00,S,N,A,-,Y,,,1,,,,,,S,Y,3,0,3,4,A,-,03,22350,,N,C,C,A,A,H,-,A,D,0,,,,,Y,,D,22,0,2,1,0,0,0,0,0,0,"- ","- ",36.983299255371094,-121.95600128173828,"SANTA CRUZ",UNINCORPORATED,-121.95600128173828,36.983287811279297
90826626,2018,2018-10-02,9720,2018-09-25,2115,021877,,2,2,9,4400,0,1,3,,1,015,SR-9,"RIVERDALE BLVD",528.00,N,N,A,-,Y,,,9,,,,,,,N,4,0,1,1,A,-,03,22350,,N,F,A,A,A,H,-,C,D,0,,,Y,,Y,,C,02,0,0,1,0,0,0,0,0,1,"- ","- ",37.132381439208984,-122.12490081787109,"SANTA CRUZ",UNINCORPORATED,-122.12488555908203,37.132389068603516
90829992,2018,2018-10-05,9720,2018-09-25,1355,021940,,2,1,9,4400,0,3,5,,2,100,"E. ZAYANTE RD","QUAIL HOLLOW RD",100.00,S,N,A,-,N,,,,,,,,,,N,3,0,1,2,A,-,03,22350,,N,C,C,A,A,H,-,A,D,0,,,,,Y,,D,22,0,1,0,0,0,0,0,0,0,"- ","- ",37.074199676513672,-122.0552978515625,"SANTA CRUZ",UNINCORPORATED,-122.05543518066406,37.074073791503906
90835901,2018,2018-10-15,9720,2018-10-05,0810,021211,,5,1,9,4400,0,1,3,,2,030,"SR-1 N/B","FREEDOM BLVD",528.00,S,N,A,-,Y,,,1,,,,,,N,Y,3,0,2,2,A,-,03,22350,,N,C,C,A,A,H,-,A,D,0,,,,,Y,,A,01,0,1,1,0,0,0,0,0,0,"- ","- ",36.967098236083984,-121.86910247802734,"SANTA CRUZ",UNINCORPORATED,-121.86907196044922,36.967132568359375
90853837,2018,2018-11-06,9720,2018-10-28,2044,021860,,7,2,9,4400,0,1,3,,1,015,"SR-9 N/B","MPM 9 SCR 13.240",4.00,S,N,A,-,Y,,,9,,,,,,N,Y,3,0,1,2,A,-,05,21460,A,N,A,C,A,A,H,-,D,D,0,,,,,Y,,A,01,0,1,0,0,0,0,0,0,0,"- ","- ",37.131450653076172,-122.12413024902344,"SANTA CRUZ",UNINCORPORATED,-122.12469482421875,37.13134765625
90853966,2018,2018-11-06,9720,2018-10-31,0700,021760,,3,1,9,4400,0,2,4,,1,031,"FREEDOM BLVD.","CORRALITOS RD.",528.00,S,N,A,-,N,,,,,,,,,,N,4,0,3,2,A,-,03,22350,,F,C,C,A,A,H,-,A,D,0,,,,,Y,Y,-,99,0,0,3,0,0,0,0,0,0,"- ","- ",36.962699890136719,-121.80879974365234,"SANTA CRUZ",UNINCORPORATED,-121.80841064453125,36.962284088134766
90870371,2018,2018-12-13,9720,2018-11-23,1841,021714,,5,2,4,4403,0,2,S,,2,901,"FREEDOM BLVD","COMPTON TER",5.00,N,N,B,C,N,,,,,,,,,,N,2,0,1,2,A,-,08,22107,,F,G,B,F,B,H,-,C,D,0,Y,,,,Y,,-,99,1,0,0,0,1,0,0,0,0,"- ","- ",36.939998626708984,-121.78105163574219,"SANTA CRUZ",WATSONVILLE,-121.78104400634766,36.940036773681641
90902142,2019,2019-01-10,9720,2019-01-04,2146,021717,,5,2,9,4400,0,1,3,,1,034,SR-152,"CASSERLY RD",3696.00,E,N,A,-,Y,,,152,,,,,,,Y,4,0,1,1,A,-,01,23152,A,N,E,I,A,A,H,-,D,D,0,,,,,Y,Y,A,01,0,0,1,0,0,0,0,0,0,"- ","- ",36.964408874511719,-121.72106170654297,"SANTA CRUZ",UNINCORPORATED,-121.72097778320312,36.96441650390625
90907273,2019,2019-01-18,9720,2019-01-15,1458,020012,,2,2,9,4400,0,1,3,,1,034,"SR-152 W/B","COLLEGE RD",80.00,E,N,B,C,Y,,,152,,,,,,W,N,4,0,1,2,A,-,09,21804,A,N,D,C,A,B,H,-,A,A,0,,,,,Y,,D,22,0,0,1,0,0,0,0,0,0,"- ","- ",36.936420440673828,-121.74356079101562,"SANTA CRUZ",UNINCORPORATED,-121.74327850341797,36.936382293701172
90918352,2019,2019-02-04,9720,2019-01-23,0056,021561,,3,3,9,4400,0,1,3,,2,020,"SR-1 N/B","PARK AVE",120.00,S,N,A,-,Y,,,1,,,,,,N,Y,3,0,1,1,A,-,01,23152,A,N,E,I,A,A,H,-,D,D,0,,,,,Y,Y,A,01,0,1,0,0,0,0,0,0,0,"- ","- ",36.984001159667969,-121.93579864501953,"SANTA CRUZ",UNINCORPORATED,-121.93579864501953,36.984066009521484
90931810,2019,2019-02-22,9720,2019-02-14,2250,021183,,4,3,9,4400,0,1,3,,2,020,"SR-1 S/B","BAY AVE",80.00,N,N,C,-,Y,,,1,,,,,,S,Y,4,0,3,2,A,-,03,22350,,N,C,C,A,B,H,-,C,D,0,,,,,Y,,A,01,0,0,3,0,0,0,0,0,0,"- ","- ",36.983158111572266,-121.95719909667969,"SANTA CRUZ",UNINCORPORATED,-121.95719909667969,36.983173370361328
9094215,2020,2020-05-21,4403,2020-02-01,1903,6094,4-1,6,5,4,4403,0,0,0,,0,004,"GREEN VALLEY RD","FREEDOM BL",120.00,W,N,A,-,N,,,,,,,,,,Y,2,0,1,2,A,-,11,21954,A,N,G,B,D,A,H,-,B,A,0,Y,,,,Y,Y,N,60,1,0,0,0,1,0,0,0,0,"- ","- ",,,"SANTA CRUZ",WATSONVILLE,-121.77336883544922,36.935039520263672
90945377,2019,2019-03-13,9720,2019-01-07,2020,018650,,1,2,9,4400,0,1,3,,1,010,SR-1,"OCEAN ST",5280.00,S,N,B,-,Y,,,1,,,,,,,Y,2,0,1,1,A,-,01,23152,A,N,E,I,A,A,H,-,D,D,0,,,,,Y,Y,A,01,1,0,0,0,0,0,0,0,0,"- ","- ",37.007598876953125,-122.18759918212891,"SANTA CRUZ",UNINCORPORATED,-122.18766784667969,37.00750732421875
90955962,2019,2019-03-28,9720,2019-03-16,1830,021548,,6,2,9,4400,0,2,4,,1,024,"E. CLIFF DR.","ASSEMBLY AVE",35.00,E,N,A,-,N,,,,,,,,,,Y,3,0,3,5,A,-,01,23152,A,N,B,E,F,A,H,-,A,D,0,Y,,,,Y,Y,A,01,0,3,0,0,1,0,0,0,0,"- ","- ",36.962501525878906,-121.99923706054688,"SANTA CRUZ",UNINCORPORATED,-121.99917602539062,36.962543487548828
90960670,2019,2019-04-04,9720,2019-03-25,1443,019848,,1,2,9,4400,0,1,3,,2,020,"SR-1 S/B","41ST AVE",0.00,,Y,A,-,Y,,,,,,,,,,N,4,0,1,2,A,-,12,21453,A,N,D,G,A,A,H,-,A,A,0,,Y,,,Y,,L,04,0,0,1,0,0,0,1,0,0,"- ","- ",36.981098175048828,-121.96469879150391,"SANTA CRUZ",UNINCORPORATED,,
90986951,2019,2019-05-13,9720,2019-05-04,1020,022162,,6,1,9,4400,0,3,5,,2,100,"FELTON EMPIRE RD","KRAZY ACRE LANE",1584.00,E,N,B,-,N,,,,,,,,,,N,3,0,1,1,A,-,03,22350,,N,F,I,A,A,H,-,D,D,0,,,Y,,Y,,C,02,0,1,0,0,0,0,0,0,1,"- ","- ",37.051551818847656,-122.09523773193359,"SANTA CRUZ",UNINCORPORATED,-122.09716033935547,37.055030822753906