CASE_ID,ACCIDENT_YEAR,PROC_DATE,JURIS,COLLISION_DATE,COLLISION_TIME,OFFICER_ID,REPORTING_DISTRICT,DAY_OF_WEEK,CHP_SHIFT,POPULATION,CNTY_CITY_LOC,SPECIAL_COND,BEAT_TYPE,CHP_BEAT_TYPE,CITY_DIVISION_LAPD,CHP_BEAT_CLASS,BEAT_NUMBER,PRIMARY_RD,SECONDARY_RD,DISTANCE,DIRECTION,INTERSECTION,WEATHER_1,WEATHER_2,STATE_HWY_IND,CALTRANS_COUNTY,CALTRANS_DISTRICT,STATE_ROUTE,ROUTE_SUFFIX,POSTMILE_PREFIX,POSTMILE,LOCATION_TYPE,RAMP_INTERSECTION,SIDE_OF_HWY,TOW_AWAY,COLLISION_SEVERITY,NUMBER_KILLED,NUMBER_INJURED,PARTY_COUNT,PRIMARY_COLL_FACTOR,PCF_CODE_OF_VIOL,PCF_VIOL_CATEGORY,PCF_VIOLATION,PCF_VIOL_SUBSECTION,HIT_AND_RUN,TYPE_OF_COLLISION,MVIW,PED_ACTION,ROAD_SURFACE,ROAD_COND_1,ROAD_COND_2,LIGHTING,CONTROL_DEVICE,CHP_ROAD_TYPE,PEDESTRIAN_ACCIDENT,BICYCLE_ACCIDENT,MOTORCYCLE_ACCIDENT,TRUCK_ACCIDENT,NOT_PRIVATE_PROPERTY,ALCOHOL_INVOLVED,STWD_VEHTYPE_AT_FAULT,CHP_VEHTYPE_AT_FAULT,COUNT_SEVERE_INJ,COUNT_VISIBLE_INJ,COUNT_COMPLAINT_PAIN,COUNT_PED_KILLED,COUNT_PED_INJURED,COUNT_BICYCLIST_KILLED,COUNT_BICYCLIST_INJURED,COUNT_MC_KILLED,COUNT_MC_INJURED,PRIMARY_RAMP,SECONDARY_RAMP,LATITUDE,LONGITUDE,COUNTY,CITY,POINT_X,POINT_Y
90388872,2017,2017-02-08,9720,2017-01-31,1208,021477,,2,1,9,4400,0,1,3,,2,020,"SR-1 N/B","RIO DEL MAR BLVD",1584.00,N,N,A,-,Y,,,1,,,,,,N,Y,4,0,1,1,A,-,01,23152,E,N,E,I,A,A,H,-,A,D,0,,,,,Y,,A,01,0,0,1,0,0,0,0,0,0,"- ","- ",36.975319999999996,-121.89216999999999,"SANTA CRUZ",UNINCORPORATED,-121.89217168,36.975346739999999
9039655,2019,2020-06-30,4403,2019-11-26,2059,399,431,2,5,4,4403,0,0,0,,0,004,"MAIN ST","PENNSYLVANIA DR",65.00,S,N,C,-,Y,SCR,5,152,-,T,1.920,H,-,E,N,4,0,1,2,A,-,10,21950,,N,G,B,B,B,H,-,C,A,0,Y,,,,Y,,A,08,0,0,1,0,1,0,0,0,0,"- ","- ",,,"SANTA CRUZ",WATSONVILLE,-121.77158355712891,36.916526794433594
90396663,2017,2017-02-21,9720,2017-02-15,1740,019521,,3,2,9,4400,0,1,3,,1,017,"SR-17 S/B","GLENWOOD CUTOFF",5.00,S,N,A,-,Y,,,17,,,,,,S,Y,4,0,1,3,A,-,03,22350,,N,C,C,A,A,H,-,B,D,0,,,,,Y,,A,07,0,0,1,0,0,0,0,0,0,"- ","- ",37.09995,-121.97664,"SANTA CRUZ",UNINCORPORATED,-121.97660376,37.099978100000001
90400120,2017,2017-02-27,9720,2017-02-16,1450,021227,,4,2,9,4400,0,3,5,,2,100,"SR-17 S/B","GLENWOOD DR",1056.00,S,N,B,-,Y,,,17,,,,,,S,N,4,0,1,2,A,-,03,22350,,N,C,C,A,B,H,-,A,D,0,,,,,Y,,A,01,0,0,1,0,0,0,0,0,0,"- ","- ",37.116689999999998,-121.97582,"SANTA CRUZ",UNINCORPORATED,-121.97574718,37.116674170000003
90400331,2017,2017-02-27,9720,2017-02-18,1505,018071,,6,2,9,4400,0,3,5,,2,200,"BRANCIFORTE AVE","MILL ST",2640.00,N,N,B,-,N,,,,,,,,,,Y,3,0,3,1,A,-,01,23152,A,N,E,I,A,B,H,-,A,D,0,,,,,Y,Y,A,07,0,2,1,0,0,0,0,0,0,"- ","- ",37.00705,-122.00199000000001,"SANTA CRUZ",UNINCORPORATED,-122.00178006,37.005984140000002
90411218,2017,2017-03-13,9720,2017-03-10,2130,021178,,5,2,9,4400,0,2,4,,1,016,"GRAHAM HILL RD","PONDEROSA LN",20.00,N,N,A,-,N,,,,,,,,,,Y,3,0,1,1,A,-,08,22107,,N,E,I,A,A,H,-,D,D,0,,,,,Y,,D,22,0,1,0,0,0,0,0,0,0,"- ","- ",37.043799999999997,-122.05289999999999,"SANTA CRUZ",UNINCORPORATED,-122.03839123,37.025922970000003
90415564,2017,2017-03-20,9720,2017-03-12,1414,021248,,7,2,9,4400,0,1,3,,2,020,"SR-1 N/B","RIO DEL MAR BLVD",3168.00,N,N,A,-,Y,,,1,,,,,,N,N,4,0,2,2,A,-,03,22350,,N,C,C,A,A,H,-,A,D,0,,,,,Y,,A,07,0,0,2,0,0,0,0,0,0,"- ","- ",36.975009999999997,-121.89707,"SANTA CRUZ",UNINCORPORATED,-121.89707165999999,36.97503553
90415914,2017,2017-03-20,9720,2017-03-14,1245,021387,,2,1,9,4400,0,1,3,,2,030,"SR-1 N/B","RIVERSIDE DR",1584.00,S,N,A,-,Y,,,1,,,,,,N,Y,4,0,1,3,A,-,03,22350,,N,C,C,A,A,H,-,A,D,0,,,,,Y,,A,01,0,0,1,0,0,0,0,0,0,"- ","- ",36.885570000000001,-121.77246,"SANTA CRUZ",UNINCORPORATED,-121.77254591000001,36.885556360000002
90421616,2017,2017-03-27,9720,2017-03-21,0735,014653,,2,1,5,4402,0,1,3,,2,020,"SR-1 S/B","MARKET ST U/C",555.00,N,N,B,C,Y,,,1,,,,,,S,Y,4,0,1,1,A,-,03,22350,,N,E,I,A,B,H,-,A,D,0,,,,,Y,,A,01,0,0,1,0,0,0,0,0,0,"- ","- ",36.988550000000004,-122.01513,"SANTA CRUZ","SANTA CRUZ",-122.01512108999999,36.988661610000001
90423666,2017,2017-03-29,9720,2017-03-19,1552,021268,,7,2,9,4400,0,3,5,,2,300,"LARKIN VALLEY RD","BUENA VISTA AVE",0.00,,Y,A,-,N,,,,,,,,,,Y,3,0,2,1,A,-,01,23152,A,N,H,A,A,A,H,-,A,A,0,,,Y,,Y,Y,C,02,0,1,1,0,0,0,0,0,2,"- ","- ",36.967700000000001,-121.8078,"SANTA CRUZ",UNINCORPORATED,-121.80777999,36.937760040000001
90447921,2017,2017-05-03,9720,2017-04-21,1230,021489,,5,1,9,4400,0,3,5,,2,100,"BEAR CREEK RD","BEAR CREEK WAY",528.00,E,N,A,-,N,,,,,,,,,,Y,3,0,1,1,A,-,06,21755,,N,F,A,A,A,H,-,A,D,0,,,Y,,Y,,C,02,0,1,0,0,0,0,0,0,1,"- ","- ",37.092440000000003,-122.06164,"SANTA CRUZ",UNINCORPORATED,-122.05717418,37.173673020000003
90456677,2017,2017-05-16,9720,2017-05-11,2158,021333,,4,2,9,4400,0,3,5,,2,100,"GRAHAM HILL RD","RT 9",150.00,E,N,A,-,Y,,,,,,,,,,Y,4,0,1,1,A,-,01,23152,A,M,E,J,A,A,H,-,C,D,0,,,,,Y,Y,A,01,0,0,1,0,0,0,0,0,0,"- ","- ",37.052860000000003,-122.07268000000001,"SANTA CRUZ",UNINCORPORATED,-122.07282376000001,37.052861880000002
90461291,2017,2017-05-23,9720,2017-05-12,1940,021540,,5,2,9,4400,0,2,4,,1,024,"CAPITOLA RD","EL DORADO AVE",0.00,,Y,A,-,N,,,,,,,,,,Y,3,0,1,2,A,-,09,21801,A,N,D,C,A,A,H,-,B,D,0,,,,,Y,,A,07,0,1,0,0,0,0,0,0,0,"- ","- ",36.977209999999999,-121.98765,"SANTA CRUZ",UNINCORPORATED,-121.98764991,36.977210020000001
9046224,2019,2020-02-20,4402,2019-12-09,0736,131,4402,1,5,5,4402,0,0,0,,0,,"BAY ST","SEASIDE ST",22.00,S,N,A,-,N,,,,,,,,,,N,3,0,1,2,A,-,08,22107,,N,H,G,A,A,H,-,B,-,0,,Y,,,Y,,A,01,0,1,0,0,0,0,1,0,0,"- ","- ",,,"SANTA CRUZ","SANTA CRUZ",-122.03837585449219,36.965290069580078
90462405,2017,2017-05-24,9720,2017-05-20,0848,021321,,6,1,9,4400,0,1,3,,1,014,SR-9,"BIG BASIN WAY",3696.00,S,N,A,-,Y,,,9,,,,,,,Y,3,0,1,1,A,-,08,22107,,N,E,I,A,A,H,-,A,D,0,,,,,Y,,A,01,0,1,0,0,0,0,0,0,0,"- ","- ",37.214170000000003,-122.14812999999999,"SANTA CRUZ",UNINCORPORATED,-122.14820358,37.21431587
90462532,2017,2017-05-24,9720,2017-05-22,0707,014653,,1,1,9,4400,0,1,3,,2,030,"SR-1 N/B","FREEDOM BLVD",2112.00,S,N,B,-,Y,,,1,,,,,,N,Y,4,0,1,2,A,-,03,22350,,N,C,C,A,A,H,-,A,D,0,,,,,Y,,A,01,0,0,1,0,0,0,0,0,0,"- ","- ",36.966160000000002,-121.86812,"SANTA CRUZ",UNINCORPORATED,-121.86808682,36.966194719999997
90466233,2017,2017-05-29,9720,2017-05-18,1450,021477,,4,2,9,4400,0,2,4,,1,016,"GRAHAM HILL RD","LOCKWOOD LN",1056.00,W,N,A,-,N,,,,,,,,,,Y,3,0,1,2,A,-,17,21209,A,N,C,G,A,A,H,-,A,D,0,,Y,,,Y,,A,01,0,1,0,0,0,0,1,0,0,"- ","- ",37.04036,-122.0448,"SANTA CRUZ",UNINCORPORATED,-122.04405742,37.039409360000001
90469597,2017,2017-06-02,9720,2017-05-27,1202,021211,,6,1,9,4400,0,2,4,,1,021,"SOQUEL DR","MADELINE DR",264.00,W,N,A,-,N,,,,,,,,,,N,4,0,1,2,A,-,09,21804,A,N,D,G,A,A,H,-,A,D,0,,Y,,,Y,,A,01,0,0,1,0,0,0,1,0,0,"- ","- ",36.985599999999998,-121.9179,"SANTA CRUZ",UNINCORPORATED,-121.91780319,36.985760999999997
90479217,2017,2017-06-15,9720,2017-06-07,1325,020897,,3,1,9,4400,0,2,4,,1,023,"17TH AVE","RODRIGUEZ ST",82.00,S,N,B,-,N,,,,,,,,,,N,3,0,1,3,A,-,08,22107,,N,B,E,A,A,H,-,A,D,0,,Y,,,Y,,L,04,0,1,0,0,0,0,1,0,0,"- ","- ",36.982100000000003,-121.98157999999999,"SANTA CRUZ",UNINCORPORATED,-121.98149803,36.982060269999998
90481700,2017,2017-06-20,9720,2017-06-10,2245,021489,,6,3,9,4400,0,3,5,,2,100,"SR-1 N/B","RIVER ST.",100.00,S,N,A,-,Y,,,,,,,,,,Y,3,0,1,1,A,-,01,23152,A,F,E,I,A,A,H,-,A,D,0,,,,,Y,Y,A,01,0,1,0,0,0,0,0,0,0,"- ","- ",36.98507,-122.0278,"SANTA CRUZ",UNINCORPORATED,-122.03009465,36.984340160000002
90488000,2017,2017-06-26,9720,2017-06-19,1400,021333,,1,2,9,4400,0,1,3,,1,017,"STATE ROUTE 17 SOUTHBOUND","PASATIEMPO DR",2112.00,S,N,A,-,Y,,,17,,,,,,S,Y,4,0,1,3,A,-,03,22350,,N,C,C,A,A,H,-,A,D,0,,,,,Y,,A,01,0,0,1,0,0,0,0,0,0,"- ","- ",36.992629999999998,-122.01974,"SANTA CRUZ",UNINCORPORATED,-122.01964099,36.992546900000001
90488055,2017,2017-06-26,9720,2017-06-18,2122,021333,,7,2,9,4400,0,1,3,,1,017,"STATE ROUTE 17 NORTHBOUND","MOUNT HERMON RD",400.00,S,N,A,-,Y,,,,,,,,,,Y,3,0,3,3,A,-,03,22350,,N,C,C,A,A,H,-,C,D,0,,,,,Y,,A,01,0,1,2,0,0,0,0,0,0,"- ","- ",37.032919999999997,-122.02142000000001,"SANTA CRUZ",UNINCORPORATED,-122.02190559,37.034678829999997
90489537,2017,2017-06-28,9720,2017-06-24,1040,021561,,6,1,9,4400,0,2,4,,1,021,"SOQUEL AVE","7TH AVE",0.00,,Y,A,-,N,,,,,,,,,,Y,4,0,1,2,A,-,12,21453,A,N,A,C,A,A,H,-,A,A,0,,,,,Y,,D,22,0,0,1,0,0,0,0,0,0,"- ","- ",36.985309999999998,-121.98985,"SANTA CRUZ",UNINCORPORATED,-121.98984989,36.98538009
90492515,2017,2017-07-03,9720,2017-06-21,0018,021028,,3,3,9,4400,0,3,5,,2,200,"LAUREL GLEN RD","PEREGRINE LANE",223.00,E,N,A,-,N,,,,,,,,,,Y,2,0,1,1,A,-,01,23152,A,N,E,I,A,A,H,-,D,D,0,,,,,Y,Y,A,01,1,0,0,0,0,0,0,0,0,"- ","- ",37.037610000000001,-121.94835,"SANTA CRUZ",UNINCORPORATED,-121.94834978999999,37.037624729999997
90495574,2017,2017-07-20,9720,2017-06-17,2230,021489,,6,3,9,4400,0,2,4,,1,016,"GRAHAM HILL RD","LOCKWOOD LN",8976.00,W,N,A,-,N,,,,,,,,,,Y,2,0,3,2,A,-,05,21460,A,N,A,C,A,A,H,-,D,D,0,,,,,Y,Y,A,01,2,1,0,0,0,0,0,0,0,"- ","- ",37.042050000000003,-122.0475,"SANTA CRUZ",UNINCORPORATED,-122.06496799999999,37.049089530000003
90498148,2017,2017-07-11,9720,2017-07-04,1735,021333,,2,2,9,4400,0,1,3,,1,017,"STATE ROUTE 17 NORTHBOUND","MOUNT HERMON RD",2640.00,S,N,A,-,Y,,,17,,,,,,N,Y,4,0,1,3,A,-,07,21658,A,N,B,C,A,A,H,-,A,D,0,,,,,Y,,D,22,0,0,1,0,0,0,0,0,0,"- ","- ",37.029260000000001,-122.02318,"SANTA CRUZ",UNINCORPORATED,-122.02322176,37.029276529999997
90500664,2017,2017-07-14,9720,2017-07-04,0116,021230,,2,3,9,4400,0,1,3,,1,010,SR-1,"BONNY DOON RD",5280.00,S,N,A,-,Y,,,1,,,,,,,Y,4,0,7,2,A,-,09,21801,A,N,D,C,A,A,H,-,D,D,0,,,,,Y,,A,08,0,0,7,0,0,0,0,0,0,"- ","- ",37.020409999999998,-122.20762000000001,"SANTA CRUZ",UNINCORPORATED,-122.20762789,37.02040126
90503638,2017,2017-07-19,9720,2017-06-30,0710,021211,,5,1,9,4400,0,2,4,,1,024,"BROMMER ST","7TH AVE",82.00,W,N,A,-,N,,,,,,,,,,Y,3,0,1,2,A,-,01,23152,A,F,E,I,A,A,H,-,A,D,0,,,,,Y,Y,A,07,0,1,0,0,0,0,0,0,0,"- ","- ",36.972700000000003,-121.9962,"SANTA CRUZ",UNINCORPORATED,-121.99602766,36.972576140000001
90504654,2017,2017-07-20,9720,2017-07-14,2222,021116,,5,3,9,4400,0,2,4,,1,032,"HOLOHAN RD","GRIMMER RD",106.00,N,N,A,-,N,,,,,,,,,,Y,3,0,3,1,A,-,01,23152,A,N,E,I,A,A,H,-,C,D,0,,,,,Y,Y,A,01,0,2,1,0,0,0,0,0,0,"- ","- ",36.938890000000001,-121.7585,"SANTA CRUZ",UNINCORPORATED,-121.75599812999999,36.938971889999998
90517133,2017,2017-08-07,9720,2017-07-29,1725,021140,,6,2,9,4400,0,3,5,,2,300,"CORRALITOS ROAD","VARNI ROAD",0.00,,Y,A,-,N,,,,,,,,,,Y,3,0,2,2,A,-,09,21802,A,N,D,C,A,A,H,-,A,A,0,,,Y,,Y,,C,02,0,1,1,0,0,0,0,0,1,"- ","- ",36.966900000000003,-121.80734,"SANTA CRUZ",UNINCORPORATED,-121.8073399,36.966950009999998
90521438,2017,2017-08-11,9720,2017-07-30,2348,021477,,7,3,9,4400,0,1,3,,1,010,"SR-1 N/B","CEMENT PLANT RD",1056.00,N,N,A,-,Y,,,1,,,,,,N,Y,3,0,1,1,A,-,01,23152,A,N,E,I,A,A,H,-,D,D,0,,,,,Y,Y,A,01,0,1,0,0,0,0,0,0,0,"- ","- ",37.013779999999997,-122.19992000000001,"SANTA CRUZ",UNINCORPORATED,-122.19991647000001,37.01378613
90536653,2017,2017-08-30,9720,2017-08-29,1355,014653,,2,1,5,4402,0,1,3,,2,020,"SR-1 S/B","SOQUEL DR",1584.00,N,N,A,-,Y,,,1,,,,,,S,Y,4,0,1,2,A,-,04,21703,,N,C,C,A,A,H,-,A,D,0,,,,,Y,,A,01,0,0,1,0,0,0,0,0,0,"- ","- ",36.987810000000003,-121.99169000000001,"SANTA CRUZ","SANTA CRUZ",-121.99168974,36.987812329999997
90547793,2017,2017-09-14,9720,2017-09-08,1410,021387,,5,2,9,4400,0,1,3,,1,010,SR-1,"DAVENPORT AVE",528.00,S,N,A,-,Y,,,1,,,,,,,Y,4,0,1,1,A,-,08,22107,,N,E,I,A,A,H,-,A,D,0,,,,,Y,,A,01,0,0,1,0,0,0,0,0,0,"- ","- ",37.01003,-122.19266,"SANTA CRUZ",UNINCORPORATED,-122.19265175,37.010047929999999
90552428,2017,2017-09-20,9720,2017-09-18,1937,020640,,1,2,9,4400,0,1,3,,1,010,SR-1,"COAST RD",0.00,,Y,A,-,Y,,,1,,,,,,,Y,4,0,1,2,A,-,03,22350,,N,D,C,A,A,H,-,D,D,0,,,,,Y,,A,01,0,0,1,0,0,0,0,0,0,"- ","- ",36.961759999999998,-122.06787,"SANTA CRUZ",UNINCORPORATED,-122.06786787,36.961785970000001
90553389,2017,2017-09-21,9720,2017-09-06,1536,014653,,3,2,5,4402,0,1,3,,2,020,"SR-1 S/B","PLYMOUTH ST ON RAMP",528.00,S,N,A,-,Y,,,,,,,,,,Y,3,0,2,3,A,-,07,21658,A,N,B,C,A,A,H,-,A,D,0,,,,,Y,,A,01,0,1,1,0,0,0,0,0,0,"- ","- ",36.988869999999999,-122.02449,"SANTA CRUZ","SANTA CRUZ",,
90555842,2017,2017-09-26,9720,2017-09-20,1245,018083,,3,1,9,4400,0,2,4,,1,021,"SOQUEL DRIVE","STATE PARK DRIVE",528.00,W,N,B,-,N,,,,,,,,,,Y,3,0,1,2,A,-,09,21804,A,N,D,C,A,A,H,-,A,D,0,,,,,Y,,A,01,0,1,0,0,0,0,0,0,0,"- ","- ",36.981490000000001,-121.90980999999999,"SANTA CRUZ",UNINCORPORATED,-121.90939433,36.981091980000002
90564555,2017,2017-10-06,9720,2017-10-04,1455,021717,,3,2,9,4400,0,2,4,,1,024,"CAPITOLA RD","16TH AVE",50.00,W,N,A,-,N,,,,,,,,,,N,4,0,1,2,A,-,03,22350,,N,C,C,A,A,H,-,A,D,0,,,,,Y,,A,01,0,0,1,0,0,0,0,0,0,"- ","- ",36.976349999999996,-121.9845,"SANTA CRUZ",UNINCORPORATED,-121.98432938000001,36.976210180000002
90571914,2017,2017-10-18,9720,2017-10-10,1840,021702,,2,2,9,4400,0,3,5,,2,100,"ALBA ROAD","EMPIRE GRADE RD",5280.00,E,N,A,-,N,,,,,,,,,,Y,3,0,1,1,A,-,08,22107,,N,E,I,A,A,B,-,D,D,0,,,,,Y,,A,01,0,1,0,0,0,0,0,0,0,"- ","- ",37.094430000000003,-122.13188,"SANTA CRUZ",UNINCORPORATED,-122.13208668,37.095804770000001
90586155,2017,2017-11-02,9720,2017-10-27,0515,021760,,5,3,9,4400,0,1,3,,2,030,"SR-1 N/B","LARKIN VALLEY ROAD",50.00,N,N,A,-,Y,,,1,,,,,,N,Y,4,0,1,1,C,-,18,,,N,H,H,A,A,H,-,D,D,0,,,,,Y,,-,"- ",0,0,1,0,0,0,0,0,0,"- ","- ",36.960709999999999,-121.86245,"SANTA CRUZ",UNINCORPORATED,-121.86243186999999,36.960728860000003
90589996,2017,2017-11-14,9720,2017-11-02,0610,021717,,4,1,9,4400,0,3,5,,2,300,"LAKEVIEW RD",SR-129,750.00,N,N,A,-,N,,,,,,,,,,Y,2,0,2,2,A,-,03,22350,,N,D,C,A,A,H,-,D,D,0,,,,,Y,Y,A,07,1,1,0,0,0,0,0,0,0,"- ","- ",36.920400000000001,-121.73148999999999,"SANTA CRUZ",UNINCORPORATED,-121.73164844999999,36.91889879
90603222,2017,2017-11-27,9720,2017-11-22,1230,018071,,3,1,9,4400,0,1,3,,2,020,"SR-1 S/B","MORRISSEY BLVD",18.00,N,N,A,-,Y,,,,,,,,,,Y,4,0,1,4,A,-,03,22350,,N,C,C,A,A,H,-,A,D,0,,,,,Y,,A,01,0,0,1,0,0,0,0,0,0,"- ","- ",36.988410000000002,-122.00342000000001,"SANTA CRUZ",UNINCORPORATED,,
90603407,2017,2017-11-28,9720,2017-11-17,0830,021877,,5,1,9,4400,0,2,4,,1,021,"SOQUEL DRIVE","HOSPITAL DR",7.00,E,N,A,-,N,,,,,,,,,,N,3,0,1,2,A,-,10,21950,A,N,G,B,B,A,H,-,A,A,0,Y,,,,Y,,A,07,0,1,0,0,1,0,0,0,0,"- ","- ",36.988660000000003,-121.98284,"SANTA CRUZ",UNINCORPORATED,-121.9829312,36.988656020000001
90620375,2017,2017-12-19,9720,2017-12-13,1215,014653,,3,1,9,4400,0,3,5,,2,200,"SOQUEL AVE","GROSS RD",0.00,,Y,A,-,N,,,,,,,,,,N,3,0,1,2,A,-,10,21950,A,N,G,B,B,A,H,-,A,A,0,Y,,,,Y,,A,01,0,1,0,0,1,0,0,0,0,"- ","- ",36.981110000000001,-121.96595000000001,"SANTA CRUZ",UNINCORPORATED,-121.96599993,36.981120019999999
90621774,2017,2017-12-20,9720,2017-12-18,0628,014931,,1,1,9,4400,0,1,3,,1,035,SR-129,"OLD CHITTENDEN RD",4752.00,W,N,A,-,Y,,,129,,,,,,,Y,3,0,2,2,A,-,03,22350,,N,C,C,A,A,H,-,D,D,0,,,,,Y,,D,22,0,2,0,0,0,0,0,0,0,"- ","- ",36.90645,-121.61387000000001,"SANTA CRUZ",UNINCORPORATED,-121.61382592,36.90650866
90626504,2017,2017-12-26,9720,2017-12-18,2120,021806,,1,2,9,4400,0,3,5,,2,100,"GLEN ARBOR RD","LIVE OAK AVE",9.00,W,N,A,-,N,,,,,,,,,,Y,4,0,1,1,A,-,01,23152,A,N,E,I,A,A,H,-,D,D,0,,,,,Y,Y,D,22,0,0,1,0,0,0,0,0,0,"- ","- ",37.088509999999999,-122.08492,"SANTA CRUZ",UNINCORPORATED,-122.08489618,37.088463089999998
90639411,2018,2018-01-15,9720,2018-01-08,1535,021044,,1,2,9,4400,0,3,5,,2,300,"CARLTON RD","LAKEVIEW RD",1056.00,W,N,C,-,N,,,,,,,,,,N,3,0,1,1,A,-,08,22107,,N,E,I,A,B,H,-,A,D,0,,,,,Y,,A,01,0,1,0,0,0,0,0,0,0,"- ","- ",36.948230743408203,-121.72019958496094,"SANTA CRUZ",UNINCORPORATED,-121.72017669677734,36.948196411132812
90641660,2018,2018-01-17,9720,2018-01-05,1702,021918,,5,2,9,4400,0,1,3,,1,014,SR-9,"STAPP RD",165.00,S,N,C,-,Y,,,9,,,,,,,Y,3,0,1,1,A,-,08,22107,,N,F,A,A,B,H,-,D,D,0,,,,,Y,,A,07,0,1,0,0,0,0,0,0,0,"- ","- ",37.188179016113281,-122.14302062988281,"SANTA CRUZ",UNINCORPORATED,-122.14305114746094,37.188182830810547
90645949,2018,2018-01-23,9720,2018-01-12,0716,021877,,5,1,9,4400,0,3,5,,2,300,"BUENA VISTA DR.","MONUMENT AVE",178.00,N,N,A,-,N,,,,,,,,,,Y,2,0,3,2,A,-,09,21804,A,N,D,C,A,A,H,-,A,D,0,,,,,Y,,A,01,1,0,2,0,0,0,0,0,0,"- ","- ",36.941608428955078,-121.78428649902344,"SANTA CRUZ",UNINCORPORATED,-121.78427124023438,36.941581726074219
90654558,2018,2018-02-05,9720,2018-01-29,1700,021806,,1,2,9,4400,0,1,3,,2,020,"SR-1 S/B","STATE PARK DR. O/C",528.00,N,N,A,-,Y,,,1,,,,,,S,N,4,0,1,2,A,-,07,21658,A,N,B,C,A,A,H,-,A,D,0,,,Y,,Y,,A,01,0,0,1,0,0,0,0,0,1,"- ","- ",36.978580474853516,-121.91165161132812,"SANTA CRUZ",UNINCORPORATED,-121.91165924072266,36.978557586669922
90657142,2018,2018-02-07,9720,2018-02-07,1245,014653,,3,1,9,4400,0,3,5,,2,200,"PARK AVE","SOQUEL DR",600.00,S,N,A,-,N,,,,,,,,,,N,3,0,1,2,A,-,03,22350,,N,C,C,A,A,H,-,A,D,0,,,,,Y,,D,22,0,1,0,0,0,0,0,0,0,"- ","- ",36.987339019775391,-121.93630981445312,"SANTA CRUZ",UNINCORPORATED,-121.93620300292969,36.987503051757812
90663973,2018,2018-02-19,9720,2018-02-11,1420,021227,,7,2,9,4400,0,3,5,,2,200,"RIO DEL MAR BLVD","CLUBHOUSE DR",528.00,W,N,A,-,N,,,,,,,,,,Y,4,0,4,1,A,-,08,22107,,N,E,I,A,A,H,-,A,D,0,,,,,Y,,A,01,0,0,4,0,0,0,0,0,0,"- ","- ",36.973598480224609,-121.88864898681641,"SANTA CRUZ",UNINCORPORATED,-121.88945007324219,36.972942352294922
90666063,2018,2018-02-21,9720,2018-02-17,0940,021248,,6,1,9,4400,0,3,5,,2,300,"LAKEVIEW RD",SR-129,153.00,W,N,A,-,N,,,,,,,,,,Y,4,0,1,3,A,-,08,22107,,N,E,I,A,A,H,-,A,D,0,,,,,Y,,D,22,0,0,1,0,0,0,0,0,0,"- ","- ",36.917251586914062,-121.73162841796875,"SANTA CRUZ",UNINCORPORATED,-121.73162841796875,36.917251586914062
90674594,2018,2018-03-05,9720,2018-02-26,0830,021211,,1,1,9,4400,0,1,3,,1,015,SR-9,"GLENGARRY RD",120.00,N,N,C,-,Y,,,9,,,,,,,Y,4,0,1,2,A,-,03,22350,,N,A,C,A,B,H,-,A,D,0,,,,,Y,,A,07,0,0,1,0,0,0,0,0,0,"- ","- ",37.031700134277344,-122.064697265625,"SANTA CRUZ",UNINCORPORATED,-122.06475830078125,37.031951904296875
90677293,2018,2018-03-07,9720,2018-03-06,1741,021333,,2,2,9,4400,0,3,5,,2,300,"HAMES ROAD","ENOS LN",1056.00,E,N,A,-,N,,,,,,,,,,N,3,0,1,2,A,-,09,21804,A,N,D,G,A,A,H,-,A,D,0,,Y,,,Y,,A,07,0,1,0,0,0,0,1,0,0,"- ","- ",36.993228912353516,-121.81507873535156,"SANTA CRUZ",UNINCORPORATED,-121.81317138671875,36.992778778076172
90686379,2018,2018-03-21,9720,2018-03-14,2316,021969,,3,3,9,4400,0,1,3,,1,017,"SR-17 S/B","GLENWOOD DR",1584.00,S,N,A,-,Y,,,17,,,,,,S,Y,4,0,1,1,A,-,03,22350,,N,E,I,A,B,H,-,D,D,0,,,,,Y,,A,07,0,0,1,0,0,0,0,0,0,"- ","- ",37.116199493408203,-121.975830078125,"SANTA CRUZ",UNINCORPORATED,-121.97577667236328,37.116207122802734
90688289,2018,2018-03-23,9720,2018-03-17,1625,021702,,6,2,9,4400,0,1,3,,2,020,"SR-1 S/B","SOQUEL DRIVE",15.00,S,N,C,-,Y,,,1,,,,,,S,Y,4,0,1,2,A,-,03,22350,,N,C,C,A,B,H,-,A,D,0,,,,,Y,,A,07,0,0,1,0,0,0,0,0,0,"- ","- ",36.986900329589844,-121.98609924316406,"SANTA CRUZ",UNINCORPORATED,-121.98607635498047,36.986980438232422
90689377,2018,2018-03-26,9720,2018-03-17,2130,021806,,6,2,9,4400,0,3,5,,2,300,"SAN ANDREAS RD","BEACH ST",243.00,N,N,A,-,N,,,,,,,,,,Y,3,0,1,1,A,-,01,23152,A,M,E,I,A,A,H,-,D,D,0,,,,,Y,Y,A,07,0,1,0,0,0,0,0,0,0,"- ","- ",36.88330078125,-121.79840087890625,"SANTA CRUZ",UNINCORPORATED,-121.79827117919922,36.883224487304688