CASE_ID,ACCIDENT_YEAR,PROC_DATE,JURIS,COLLISION_DATE,COLLISION_TIME,OFFICER_ID,REPORTING_DISTRICT,DAY_OF_WEEK,CHP_SHIFT,POPULATION,CNTY_CITY_LOC,SPECIAL_COND,BEAT_TYPE,CHP_BEAT_TYPE,CITY_DIVISION_LAPD,CHP_BEAT_CLASS,BEAT_NUMBER,PRIMARY_RD,SECONDARY_RD,DISTANCE,DIRECTION,INTERSECTION,WEATHER_1,WEATHER_2,STATE_HWY_IND,CALTRANS_COUNTY,CALTRANS_DISTRICT,STATE_ROUTE,ROUTE_SUFFIX,POSTMILE_PREFIX,POSTMILE,LOCATION_TYPE,RAMP_INTERSECTION,SIDE_OF_HWY,TOW_AWAY,COLLISION_SEVERITY,NUMBER_KILLED,NUMBER_INJURED,PARTY_COUNT,PRIMARY_COLL_FACTOR,PCF_CODE_OF_VIOL,PCF_VIOL_CATEGORY,PCF_VIOLATION,PCF_VIOL_SUBSECTION,HIT_AND_RUN,TYPE_OF_COLLISION,MVIW,PED_ACTION,ROAD_SURFACE,ROAD_COND_1,ROAD_COND_2,LIGHTING,CONTROL_DEVICE,CHP_ROAD_TYPE,PEDESTRIAN_ACCIDENT,BICYCLE_ACCIDENT,MOTORCYCLE_ACCIDENT,TRUCK_ACCIDENT,NOT_PRIVATE_PROPERTY,ALCOHOL_INVOLVED,STWD_VEHTYPE_AT_FAULT,CHP_VEHTYPE_AT_FAULT,COUNT_SEVERE_INJ,COUNT_VISIBLE_INJ,COUNT_COMPLAINT_PAIN,COUNT_PED_KILLED,COUNT_PED_INJURED,COUNT_BICYCLIST_KILLED,COUNT_BICYCLIST_INJURED,COUNT_MC_KILLED,COUNT_MC_INJURED,PRIMARY_RAMP,SECONDARY_RAMP,LATITUDE,LONGITUDE,COUNTY,CITY,POINT_X,POINT_Y
90696125,2018,2018-04-02,9720,2018-03-21,1340,021988,,3,1,9,4400,0,1,3,,1,017,"SR-17 N/B","LAUREL DR",528.00,N,N,B,-,Y,,,17,,,,,,N,Y,3,0,1,1,A,-,03,22350,,N,E,I,A,B,H,-,A,D,0,,,,,Y,,A,08,0,1,0,0,0,0,0,0,0,"- ","- ",37.106929779052734,-121.97646331787109,"SANTA CRUZ",UNINCORPORATED,-121.97647857666016,37.106895446777344
90702708,2018,2018-04-10,9720,2018-04-04,1820,021988,,3,2,9,4400,0,2,4,,1,023,"41ST AVE","SOQUEL DR",40.00,W,N,A,-,N,,,,,,,,,,N,4,0,1,2,A,-,03,22350,,N,C,C,A,A,H,-,A,A,0,,,,,Y,,A,01,0,0,1,0,0,0,0,0,0,"- ","- ",36.98712158203125,-121.96494293212891,"SANTA CRUZ",UNINCORPORATED,-121.96498107910156,36.987400054931641
90717288,2018,2018-05-01,9720,2018-04-21,1421,021790,,6,2,9,4400,0,3,5,,2,100,"SMITH GRD","EMPIRE GRADE RD",3168.00,W,N,A,-,N,,,,,,,,,,N,3,0,1,1,A,-,03,22350,,N,F,A,A,A,H,-,A,D,0,,,Y,,Y,,C,02,0,1,0,0,0,0,0,0,1,"- ","- ",37.022289276123047,-122.10608673095703,"SANTA CRUZ",UNINCORPORATED,-122.19744110107422,37.143035888671875
90717358,2018,2018-05-01,9720,2018-04-22,2100,021717,,7,2,9,4400,0,1,3,,1,034,SR-152,"BELLA VISTA LN",1584.00,W,N,A,-,Y,,,152,,,,,,,Y,3,0,1,1,A,-,08,22107,,N,E,I,A,A,H,-,D,D,0,,,,,Y,,D,22,0,1,0,0,0,0,0,0,0,"- ","- ",36.990039825439453,-121.71595764160156,"SANTA CRUZ",UNINCORPORATED,-121.71595001220703,36.990066528320312
90720347,2018,2018-05-04,9720,2018-04-28,0610,021717,,6,1,9,4400,0,2,4,,1,021,"SOQUEL DR","41ST AVE",527.00,W,N,A,-,N,,,,,,,,,,Y,4,0,1,1,C,-,18,,,N,E,I,A,A,H,-,A,D,0,,,,,Y,,-,"- ",0,0,1,0,0,0,0,0,0,"- ","- ",36.987091064453125,-121.96701049804688,"SANTA CRUZ",UNINCORPORATED,-121.96675872802734,36.987148284912109
90724130,2018,2018-05-10,9720,2018-05-01,1906,021760,,2,2,9,4400,0,2,4,,1,032,"GREEN VALLEY ROAD","AIRPORT BLVD",528.00,W,N,A,-,N,,,,,,,,,,Y,3,0,1,2,A,-,09,21804,A,N,D,C,A,A,H,-,A,D,0,,,,,Y,,A,01,0,1,0,0,0,0,0,0,0,"- ","- ",36.939781188964844,-121.77005004882812,"SANTA CRUZ",UNINCORPORATED,-121.77011108398438,36.939704895019531
90724697,2018,2018-05-11,9720,2018-05-02,1425,020805,,3,2,9,4400,0,1,3,,1,017,SR-17,"GLENWOOD DR",0.00,,Y,A,-,Y,,,17,,,,,,,Y,3,0,3,4,A,-,09,21802,A,F,D,C,A,A,H,-,A,A,0,,,,Y,Y,,A,07,0,1,2,0,0,0,0,0,0,"- ","- ",37.119800567626953,-121.97609710693359,"SANTA CRUZ",UNINCORPORATED,-121.97599792480469,37.119819641113281
90724837,2018,2018-05-11,9720,2018-05-04,0945,020640,,5,1,9,4400,0,1,3,,2,020,"SR-1 N/B","STATE PARD DR",2640.00,S,N,B,-,Y,,,1,,,,,,N,N,4,0,1,2,A,-,03,22350,,N,C,C,A,A,H,-,A,D,0,,,,,Y,,D,22,0,0,1,0,0,0,0,0,0,"- ","- ",36.975028991699219,-121.89717102050781,"SANTA CRUZ",UNINCORPORATED,-121.89717102050781,36.975028991699219
90731277,2018,2018-05-22,9720,2018-05-11,1725,021940,,5,2,9,4400,0,1,3,,2,020,"SR-1 S/B","SOQUEL DR",1000.00,N,N,A,-,Y,,,1,,,,,,S,N,2,0,1,2,A,-,07,21658,A,N,D,C,A,A,H,-,A,D,0,,,Y,,Y,,A,07,1,0,0,0,0,0,0,0,1,"- ","- ",36.987548828125,-121.99009704589844,"SANTA CRUZ",UNINCORPORATED,-121.99008941650391,36.987636566162109
90733086,2018,2018-05-24,9720,2018-05-18,1200,18239,,5,1,9,4400,0,2,4,,1,024,"BROMMER ST","17TH AVE",30.00,E,N,A,-,N,,,,,,,,,,N,4,0,1,2,A,-,21,22106,,N,C,C,A,A,H,-,A,D,0,,,,,Y,,A,01,0,0,1,0,0,0,0,0,0,"- ","- ",36.9710693359375,-121.98429107666016,"SANTA CRUZ",UNINCORPORATED,-121.98439788818359,36.971042633056641
90735961,2018,2018-05-29,9720,2018-05-19,1538,021760,,6,2,9,4400,0,1,3,,1,010,SR-1,"WILDER RANCH",528.00,S,N,A,-,Y,,,1,,,,,,,N,3,0,1,1,A,-,03,22350,,N,F,A,A,A,H,-,A,D,0,,Y,,,Y,,L,04,0,1,0,0,0,0,1,0,0,"- ","- ",36.962150573730469,-122.08336639404297,"SANTA CRUZ",UNINCORPORATED,-122.0833740234375,36.96221923828125
90736157,2018,2018-05-29,9720,2018-05-13,0800,021270,,7,1,9,4400,0,1,3,,1,010,"SR-1 N/B","BONNY DOON RD",600.00,N,N,A,-,Y,,,1,,,,,,N,Y,2,0,2,2,A,-,05,21460,A,N,A,C,A,A,H,-,A,D,0,,,,,Y,,A,07,2,0,0,0,0,0,0,0,0,"- ","- ",37.005901336669922,-122.18560028076172,"SANTA CRUZ",UNINCORPORATED,-122.18560028076172,37.005901336669922
90738393,2018,2018-05-31,9720,2018-05-23,2035,018650,,3,2,9,4400,0,1,3,,1,017,"SR-17 S/B","SUGARLOAF RD",528.00,S,N,A,-,Y,,,17,,,,,,S,Y,3,0,1,4,A,-,03,22350,,N,C,C,A,A,H,-,D,D,0,,,,,Y,,A,01,0,1,0,0,0,0,0,0,0,"- ","- ",37.096000671386719,-121.97669982910156,"SANTA CRUZ",UNINCORPORATED,-121.97632598876953,37.095676422119141
90741747,2018,2018-06-05,9720,2018-05-30,1345,017568,,3,1,9,4400,0,1,3,,2,020,"SR-1 S/B","STATE PARK DRIVE",200.00,S,N,A,-,Y,,,1,,,,,,S,N,3,0,1,3,A,-,03,22350,,N,C,C,A,A,H,-,A,D,0,,,,,Y,,A,07,0,1,0,0,0,0,0,0,0,"- ","- ",36.977729797363281,-121.91001129150391,"SANTA CRUZ",UNINCORPORATED,-121.91002655029297,36.977699279785156
90742676,2018,2018-06-06,9720,2018-05-26,0129,021840,,6,3,9,4400,0,1,3,,2,020,"SR-1 S/B","PARK AVE",5280.00,S,N,A,-,Y,,,1,,,,,,S,Y,3,0,1,1,A,-,01,23152,A,N,E,I,A,A,H,-,D,D,0,,,,,Y,Y,D,22,0,1,0,0,0,0,0,0,0,"- ","- ",36.977909088134766,-121.91036987304688,"SANTA CRUZ",UNINCORPORATED,-121.91037750244141,36.977890014648438
90744059,2018,2018-06-08,9720,2018-06-01,1715,021140,,5,2,9,4400,0,2,4,,1,021,"SOQUEL DRIVE","SPRECKLES DRIVE",0.00,,Y,A,-,N,,,,,,,,,,Y,2,0,1,2,A,-,09,21801,A,N,D,C,A,A,H,-,A,A,0,,,Y,,Y,,A,01,1,0,0,0,0,0,0,0,1,"- ","- ",36.976268768310547,-121.90412139892578,"SANTA CRUZ",UNINCORPORATED,-121.90421295166016,36.976310729980469
90746821,2018,2018-06-12,9720,2018-06-06,1635,020836,,3,2,9,4400,0,2,4,,1,031,"FREEDOM BLVD","APPLETREE LN",80.00,W,N,B,-,Y,,,,,,,,,,Y,3,0,3,2,A,-,03,22350,,N,C,C,A,A,H,-,A,D,0,,,,,Y,,A,07,0,1,2,0,0,0,0,0,0,"- ","- ",36.954200744628906,-121.79810333251953,"SANTA CRUZ",UNINCORPORATED,-121.79820251464844,36.954185485839844
90751957,2018,2019-01-18,9720,2018-06-09,1523,021760,,6,2,9,4400,0,3,5,,2,300,"GREEN VALLEY RD.","HAZEL DELL RD.",0.00,,Y,A,-,N,,,,,,,,,,N,3,0,1,2,A,-,09,21804,A,N,D,C,A,A,H,-,A,D,0,,,Y,,Y,,A,07,0,1,0,0,0,0,0,0,1,"- ","- ",37.000820159912109,-121.73960113525391,"SANTA CRUZ",UNINCORPORATED,-121.73960113525391,37.000839233398438
90761550,2018,2018-07-03,9720,2018-06-23,0025,021183,,6,3,9,4400,0,1,3,,2,030,"SR-1 S/B","BUENA VISTA DR",1056.00,S,N,A,-,Y,,,1,,,,,,S,Y,3,0,3,2,A,-,08,22107,,N,B,C,A,A,H,-,D,D,0,,,,,Y,,A,01,0,3,0,0,0,0,0,0,0,"- ","- ",36.929851531982422,-121.8065185546875,"SANTA CRUZ",UNINCORPORATED,-121.80647277832031,36.929946899414062
90762187,2018,2018-07-03,9720,2018-06-26,1603,021333,,2,2,9,4400,0,1,3,,2,030,"STATE ROUTE 1 (NORTHBOUND)","RIVERSIDE DR",528.00,N,N,A,-,Y,,,1,,,,,,,Y,3,0,1,1,A,-,08,22107,,N,E,I,A,A,H,-,A,D,0,,,,,Y,,A,01,0,1,0,0,0,0,0,0,0,"- ","- ",36.898521423339844,-121.77655792236328,"SANTA CRUZ",UNINCORPORATED,-121.77657318115234,36.898513793945312
90771886,2018,2018-07-18,9720,2018-07-11,1245,020391,,3,1,9,4400,0,1,3,,2,020,"SR-1 SOUTBOUND","CAPITOLA AVE",267.00,N,N,A,-,Y,,,1,,,,,,,Y,4,0,2,3,A,-,03,22350,,N,C,C,A,A,H,-,A,D,0,,,,Y,Y,,F,27,0,0,2,0,0,0,0,0,0,"- ","- ",36.9835205078125,-121.95303344726562,"SANTA CRUZ",UNINCORPORATED,-121.95303344726562,36.983562469482422
90774186,2018,2018-07-23,9720,2018-07-14,2325,022011,,6,3,9,4400,0,1,3,,1,010,"SR-1 N/B","SWANTON RD.",11880.00,N,N,A,-,Y,,,1,,,,,,N,Y,4,0,1,1,A,-,08,22107,,N,F,I,A,A,H,-,D,D,0,,,,,Y,Y,D,22,0,0,1,0,0,0,0,0,0,"- ","- ",37.054031372070312,-122.24379730224609,"SANTA CRUZ",UNINCORPORATED,-122.24383544921875,37.053997039794922
90782179,2018,2018-08-01,9720,2018-07-29,1600,021140,,7,2,9,4400,0,1,3,,2,020,SR-1,"STATE PARK DRIVE",3696.00,S,N,A,-,Y,,,1,,,,,,,N,4,0,1,2,A,-,03,22350,,N,C,C,A,A,H,-,A,D,0,,,,,Y,,A,01,0,0,1,0,0,0,0,0,0,"- ","- ",36.974918365478516,-121.89852142333984,"SANTA CRUZ",UNINCORPORATED,-121.89852142333984,36.974945068359375
90783317,2018,2018-08-02,9720,2018-07-26,1515,021333,,4,2,9,4400,0,2,4,,1,021,"SOQUEL DRIVE","RESEARCH PARK CT",300.00,N,N,A,-,N,,,,,,,,,,N,4,0,1,2,A,-,03,22350,,F,C,C,A,A,H,-,A,D,0,,,,,Y,,-,99,0,0,1,0,0,0,0,0,0,"- ","- ",36.987339019775391,-121.96846771240234,"SANTA CRUZ",UNINCORPORATED,-121.96945953369141,36.987586975097656
90786564,2018,2018-08-08,9720,2018-08-03,1845,019956,,5,2,9,4400,0,3,5,,2,200,"JARVIS RD","VINE HILL RD",0.00,,Y,A,-,N,,,,,,,,,,Y,4,0,2,2,A,-,09,21802,A,M,D,C,A,A,H,-,A,A,0,,,,,Y,,A,01,0,0,2,0,0,0,0,0,0,"- ","- ",37.057811737060547,-121.98029327392578,"SANTA CRUZ",UNINCORPORATED,-121.98069000244141,37.058231353759766
90793914,2018,2018-08-20,9720,2018-08-11,1742,021940,,6,2,9,4400,0,1,3,,1,010,SR-1,"LOWER SWANTON RD",800.00,N,N,A,-,Y,,,1,,,,,,,Y,3,0,2,1,A,-,03,22350,,N,E,I,A,A,H,-,A,D,0,,,,,Y,,A,01,0,2,0,0,0,0,0,0,0,"- ","- ",37.029811859130859,-122.21817779541016,"SANTA CRUZ",UNINCORPORATED,-122.21823120117188,37.029727935791016
90804134,2018,2018-09-03,9720,2018-08-26,1518,021333,,7,2,9,4400,0,1,3,,1,034,"E LAKE AVENUE","FOOTHILL DR",200.00,W,N,A,-,Y,,,,,,,,,,Y,4,0,2,2,A,-,03,22350,,N,C,C,A,A,H,-,A,D,0,,,,,Y,,A,01,0,0,2,0,0,0,0,0,0,"- ","- ",36.95465087890625,-121.72878265380859,"SANTA CRUZ",UNINCORPORATED,-121.72850799560547,36.955024719238281
90812021,2018,2018-09-13,9720,2018-09-05,0845,021211,,3,1,9,4400,0,1,3,,1,015,SR-9,"CALIFORNIA DR",150.00,S,N,B,-,Y,,,9,,,,,,,Y,4,0,1,1,C,-,18,,,N,E,I,A,A,H,-,A,D,0,,,,,Y,,-,"- ",0,0,1,0,0,0,0,0,0,"- ","- ",37.094699859619141,-122.09700012207031,"SANTA CRUZ",UNINCORPORATED,-122.09699249267578,37.094703674316406
90812479,2018,2018-12-13,9720,2018-09-10,1215,017642,,1,1,9,4400,0,3,5,,2,300,"PAJARO LN","AIRPORT BLVD",200.00,S,N,A,-,N,,,,,,,,,,N,2,0,2,3,A,-,11,21954,A,N,G,B,D,A,H,-,A,A,0,Y,,,,Y,,N,60,1,1,0,0,2,0,0,0,0,"- ","- ",36.940650939941406,-121.77419281005859,"SANTA CRUZ",UNINCORPORATED,-121.77423095703125,36.940704345703125
90824304,2018,2018-09-28,9720,2018-09-08,2110,022011,,6,2,9,4400,0,1,3,,1,012,SR-236,"E. HILTON DR.",0.00,,Y,A,-,Y,,,,,,,,,,Y,3,0,1,2,A,-,09,21804,A,F,D,C,A,A,H,-,C,D,0,,,,,Y,,A,07,0,1,0,0,0,0,0,0,0,"- ","- ",37.153499603271484,-121.16110229492188,"SANTA CRUZ",UNINCORPORATED,,
90835669,2018,2018-10-15,9720,2018-10-05,0206,021969,,5,3,9,4400,0,1,3,,1,015,SR-9,"FALLEN LEAF DR",528.00,S,N,A,-,Y,,,9,,,,,,,Y,3,0,1,1,A,-,01,23152,G,N,E,I,A,A,H,-,D,D,0,,,,,Y,Y,A,01,0,1,0,0,0,0,0,0,0,"- ","- ",37.058311462402344,-122.0780029296875,"SANTA CRUZ",UNINCORPORATED,-122.07794952392578,37.058429718017578
90857543,2018,2018-11-09,9720,2018-11-02,0825,019521,,5,1,9,4400,0,3,5,,2,200,"SEA RIDGE RD","STATE PARD DR",30.00,W,N,A,-,N,,,,,,,,,,N,4,0,1,2,A,-,21,22106,,M,C,C,A,A,H,-,A,A,0,,,,,Y,,A,01,0,0,1,0,0,0,0,0,0,"- ","- ",36.975669860839844,-121.91179656982422,"SANTA CRUZ",UNINCORPORATED,-121.91178131103516,36.9755859375
90861381,2018,2018-11-16,9720,2018-11-08,1357,021714,,4,1,9,4400,0,2,4,,1,024,"17TH AVE","KINSLEY ST",528.00,S,N,A,-,N,,,,,,,,,,Y,3,0,2,1,A,-,08,22107,,N,E,I,A,A,H,-,A,D,0,,,,,Y,,A,01,0,1,1,0,0,0,0,0,0,"- ","- ",36.969650268554688,-121.98506164550781,"SANTA CRUZ",UNINCORPORATED,-121.98488616943359,36.968429565429688
90869089,2018,2018-11-28,9720,2018-11-22,0910,019521,,4,1,9,4400,0,1,3,,1,017,"SR-17 S/B","ALTA VISTA LN",400.00,S,N,B,-,Y,,,17,,,,,,S,Y,4,0,1,1,A,-,08,22107,,N,E,I,A,B,H,-,A,D,0,,,,,Y,,A,07,0,0,1,0,0,0,0,0,0,"- ","- ",37.126449584960938,-121.97402191162109,"SANTA CRUZ",UNINCORPORATED,-121.97401428222656,37.126453399658203
90870536,2018,2018-11-29,9720,2018-11-24,1140,18239,,6,1,9,4400,0,2,4,,1,023,"17TH AVE","FELT ST",170.00,N,N,B,-,N,,,,,,,,,,Y,3,0,1,1,A,-,08,22107,,N,E,I,A,A,H,-,A,D,0,,,,,Y,,A,08,0,1,0,0,0,0,0,0,0,"- ","- ",36.967918395996094,-121.98493194580078,"SANTA CRUZ",UNINCORPORATED,-121.98499298095703,36.967884063720703
90876257,2018,2018-12-05,9720,2018-11-26,1810,021548,,1,2,9,4400,0,3,5,,2,300,"GREEN VALLEY RD","MINTO RD",65.00,N,N,A,-,N,,,,,,,,,,Y,4,0,1,3,A,-,03,22350,,M,C,C,A,A,H,-,D,D,0,,,,,Y,,D,22,0,0,1,0,0,0,0,0,0,"- ","- ",36.951770782470703,-121.76496124267578,"SANTA CRUZ",UNINCORPORATED,-121.76490783691406,36.951507568359375
90885619,2018,2019-05-29,9720,2018-12-14,1442,017568,,5,2,9,4400,0,2,4,,1,024,"7TH AVE","RODRIGUEZ STREET",0.00,,Y,A,-,N,,,,,,,,,,N,3,0,1,2,A,-,09,21802,B,N,D,C,A,A,H,-,A,D,0,,,,,Y,,A,01,0,1,0,0,0,0,0,0,0,"- ","- ",36.981479644775391,-121.98972320556641,"SANTA CRUZ",UNINCORPORATED,-121.98966217041016,36.981510162353516
90887341,2018,2018-12-20,9720,2018-08-12,0150,021969,,7,3,9,4400,0,1,3,,1,015,SR-9,"GLENGARRY RD",1109.00,S,N,A,-,Y,,,9,,,,,,,Y,1,1,0,1,A,-,01,23152,G,N,E,I,A,A,H,-,D,D,0,,,,,Y,Y,A,01,0,0,0,0,0,0,0,0,0,"- ","- ",37.030841827392578,-122.06192779541016,"SANTA CRUZ",UNINCORPORATED,-122.06193542480469,37.030857086181641
90890182,2018,2018-12-26,9720,2018-12-14,2056,021717,,5,2,9,4400,0,3,5,,2,300,"MINTO RD","GREEN VALLEY RD",0.00,,Y,A,-,N,,,,,,,,,,Y,3,0,3,2,A,-,01,23152,A,N,D,C,A,A,H,-,D,A,0,,,,,Y,Y,A,08,0,2,1,0,0,0,0,0,0,"- ","- ",36.951370239257812,-121.76487731933594,"SANTA CRUZ",UNINCORPORATED,-121.76490783691406,36.951328277587891
90890681,2018,2018-12-26,9720,2018-12-09,2135,021940,,7,2,9,4400,0,3,5,,2,300,"CALABASAS RD","BUENA VISTA DR",65.00,W,N,A,-,N,,,,,,,,,,N,4,0,1,2,A,-,03,22350,,F,D,C,A,A,H,-,C,D,0,,,,,Y,,-,99,0,0,1,0,0,0,0,0,0,"- ","- ",36.94696044921875,-121.78794860839844,"SANTA CRUZ",UNINCORPORATED,-121.78793334960938,36.941097259521484
90898540,2019,2019-01-07,9720,2019-01-01,0246,021717,,2,3,9,4400,0,1,3,,1,017,"N/B SR-17","PASATIEMPO DR",2640.00,N,N,A,-,Y,,,17,,,,,,,Y,3,0,1,1,A,-,01,23152,A,N,E,I,A,A,H,-,D,D,0,,,,,Y,Y,A,07,0,1,0,0,0,0,0,0,0,"- ","- ",37.007240295410156,-122.02088928222656,"SANTA CRUZ",UNINCORPORATED,-122.02102661132812,37.007198333740234
90903283,2019,2019-01-14,9720,2019-01-05,1127,022125,,6,1,9,4400,0,1,3,,1,017,"SR-17 S/B","ALTA VISTA LN",590.00,S,N,B,C,Y,,,17,,,,,,S,Y,4,0,1,1,A,-,08,22107,,N,E,I,A,B,H,-,A,D,0,,,,,Y,,A,01,0,0,1,0,0,0,0,0,0,"- ","- ",37.126220703125,-121.97386932373047,"SANTA CRUZ",UNINCORPORATED,-121.97380828857422,37.126277923583984
9090385,2020,2020-09-21,4401,2020-03-18,1429,520,,3,5,3,4401,0,0,0,,0,006,ESPLANADE,"MONTEREY AV",68.00,W,N,A,-,N,,,,,,,,,,Y,3,0,1,2,A,-,03,22350,,N,G,B,F,A,H,-,A,D,0,Y,,,,Y,,B,01,0,1,0,0,1,0,0,0,0,"- ","- ",,,"SANTA CRUZ",CAPITOLA,-121.95140838623047,36.971958160400391
90915406,2019,2019-01-30,9720,2019-01-21,2002,020012,,1,2,9,4400,0,1,3,,2,030,"SR-1 S/B","SAN ANDREAS RD",1056.00,N,N,A,-,Y,,,1,,,,,,S,N,4,0,1,1,C,-,18,,,N,E,I,A,A,H,-,D,D,0,,,,Y,Y,,-,"- ",0,0,1,0,0,0,0,0,0,"- ","- ",36.9635009765625,-121.86582946777344,"SANTA CRUZ",UNINCORPORATED,-121.86578369140625,36.963546752929688
90915834,2019,2019-01-30,9720,2019-01-18,1840,019956,,5,2,4,4403,0,2,S,,2,901,"RODRIGUEZ ST","W LAKE AVE",169.00,N,N,A,-,N,,,,,,,,,,N,3,0,1,2,A,-,08,22107,,N,D,G,A,A,H,-,D,D,0,,Y,,,Y,Y,J,48,0,1,0,0,0,0,1,0,0,"- ","- ",36.910701751708984,-121.76065826416016,"SANTA CRUZ",WATSONVILLE,-121.76053619384766,36.910633087158203
90917492,2019,2019-02-01,9720,2019-01-22,2038,020012,,2,2,9,4400,0,3,5,,2,200,"SUMNER AVE","CALYPSO DR",16.50,S,N,A,-,N,,,,,,,,,,Y,3,0,1,1,A,-,01,23152,A,N,E,I,A,A,H,-,C,D,0,,,,,Y,Y,A,01,0,1,0,0,0,0,0,0,0,"- ","- ",36.949321746826172,-121.87528991699219,"SANTA CRUZ",UNINCORPORATED,-121.87515258789062,36.949844360351562
90930419,2019,2019-02-20,9720,2019-02-11,1300,021833,,1,1,9,4400,0,1,3,,1,010,SR-1,"WILDER RANCH",90.00,N,N,A,-,Y,,,1,,,,,,,Y,4,0,2,2,A,-,09,21801,A,N,D,C,A,A,H,-,A,D,0,,,,,Y,,A,01,0,0,2,0,0,0,0,0,0,"- ","- ",36.962020874023438,-122.08480834960938,"SANTA CRUZ",UNINCORPORATED,-122.08482360839844,36.962154388427734
90937564,2019,2019-03-01,9720,2019-02-26,0935,022125,,2,1,9,4400,0,1,3,,1,017,"SR-17 N/B","LAUREL RD",100.00,N,N,C,-,Y,,,17,,,,,,N,Y,3,0,1,1,A,-,08,22107,,N,E,I,A,B,H,-,A,D,0,,,,,Y,,A,07,0,1,0,0,0,0,0,0,0,"- ","- ",37.106689453125,-121.97595977783203,"SANTA CRUZ",UNINCORPORATED,-121.97601318359375,37.106597900390625
90937897,2019,2019-03-01,9720,2019-02-26,0633,014931,,2,1,9,4400,0,1,3,,2,030,"SR-1 N/B","MAR MONTE AVE",528.00,S,N,B,-,Y,,,1,,,,,,N,N,4,0,1,2,A,-,03,22350,,N,C,C,A,A,H,-,B,D,0,,,,,Y,,A,01,0,0,1,0,0,0,0,0,0,"- ","- ",36.949050903320312,-121.85001373291016,"SANTA CRUZ",UNINCORPORATED,-121.85003662109375,36.949016571044922
90941052,2019,2019-03-06,9720,2019-02-26,1341,020012,,2,1,9,4400,0,1,3,,1,017,"SR-17 N/B","LAUREL RD",528.00,N,N,B,C,Y,,,,,,,,,,Y,4,0,1,2,A,-,03,22350,,N,C,C,A,B,H,-,A,D,0,,,,,Y,,A,07,0,0,1,0,0,0,0,0,0,"- ","- ",37.113780975341797,-122.02055358886719,"SANTA CRUZ",UNINCORPORATED,-121.97491455078125,37.105709075927734
90942679,2019,2019-03-08,9720,2019-03-05,0915,019521,,2,1,9,4400,0,2,4,,1,021,"SOQUEL DR","PARK AVE",0.00,,Y,B,C,N,,,,,,,,,,Y,4,0,1,2,A,-,09,21453,B,N,D,C,A,B,H,-,A,A,0,,,,,Y,,D,22,0,0,1,0,0,0,0,0,0,"- ","- ",36.989051818847656,-121.93573760986328,"SANTA CRUZ",UNINCORPORATED,-121.93575286865234,36.989109039306641
90945299,2019,2019-03-13,9720,2019-03-07,1325,021227,,4,1,9,4400,0,1,3,,1,017,"SR-17 S/B","SPANISH OAKS DR",450.00,N,N,B,C,Y,,,17,,,,,,S,Y,3,0,2,2,A,-,08,22107,,N,E,I,E,B,H,-,A,D,0,Y,,,,Y,,A,01,0,2,0,0,1,0,0,0,0,"- ","- ",37.117340087890625,-121.97545623779297,"SANTA CRUZ",UNINCORPORATED,-121.97539520263672,37.117298126220703
90954266,2019,2019-03-27,9720,2019-03-21,1553,021877,,4,2,9,4400,0,1,3,,1,010,"SR-1 N/B","BONNY DOON RD",0.00,,Y,A,-,Y,,,1,,,,,,N,Y,4,0,1,2,A,-,09,21802,A,N,D,C,A,A,H,-,A,D,0,,,,,Y,,A,01,0,0,1,0,0,0,0,0,0,"- ","- ",37.001091003417969,-122.18044281005859,"SANTA CRUZ",UNINCORPORATED,-122.18050384521484,37.001029968261719
90961897,2019,2019-04-05,9720,2019-03-31,1300,021489,,7,1,9,4400,0,2,4,,1,023,"41ST AVE","SOQUEL DR",535.00,S,N,A,-,N,,,,,,,,,,Y,2,0,1,2,A,-,09,21804,A,N,D,C,A,A,H,-,A,A,0,,,Y,,Y,,A,01,1,0,0,0,0,0,0,0,1,"- ","- ",39.985870361328125,-121.96488952636719,"SANTA CRUZ",UNINCORPORATED,-121.96493530273438,36.985931396484375
90964586,2019,2019-04-09,9720,2019-03-31,1235,021248,,7,1,9,4400,0,3,5,,2,300,"LAKEVIEW RD",SR-129,1056.00,N,N,A,-,N,,,,,,,,,,N,4,0,1,2,A,-,03,22350,,M,C,C,A,A,H,-,A,D,0,,,,,Y,,-,99,0,0,1,0,0,0,0,0,0,"- ","- ",36.920669555664062,-121.73149108886719,"SANTA CRUZ",UNINCORPORATED,-121.73162078857422,36.919727325439453
90966916,2019,2019-04-12,9720,2019-04-10,1318,019521,,3,1,9,4400,0,1,3,,1,015,SR-9,"SPRING CREEK RD",100.00,S,N,A,-,Y,,,9,,,,,,,Y,3,0,1,2,A,-,03,22350,,N,C,C,A,A,H,-,A,A,0,,,,,Y,,A,01,0,1,0,0,0,0,0,0,0,"- ","- ",37.150150299072266,-122.13641357421875,"SANTA CRUZ",UNINCORPORATED,-122.13648986816406,37.150104522705078