CASE_ID,ACCIDENT_YEAR,PROC_DATE,JURIS,COLLISION_DATE,COLLISION_TIME,OFFICER_ID,REPORTING_DISTRICT,DAY_OF_WEEK,CHP_SHIFT,POPULATION,CNTY_CITY_LOC,SPECIAL_COND,BEAT_TYPE,CHP_BEAT_TYPE,CITY_DIVISION_LAPD,CHP_BEAT_CLASS,BEAT_NUMBER,PRIMARY_RD,SECONDARY_RD,DISTANCE,DIRECTION,INTERSECTION,WEATHER_1,WEATHER_2,STATE_HWY_IND,CALTRANS_COUNTY,CALTRANS_DISTRICT,STATE_ROUTE,ROUTE_SUFFIX,POSTMILE_PREFIX,POSTMILE,LOCATION_TYPE,RAMP_INTERSECTION,SIDE_OF_HWY,TOW_AWAY,COLLISION_SEVERITY,NUMBER_KILLED,NUMBER_INJURED,PARTY_COUNT,PRIMARY_COLL_FACTOR,PCF_CODE_OF_VIOL,PCF_VIOL_CATEGORY,PCF_VIOLATION,PCF_VIOL_SUBSECTION,HIT_AND_RUN,TYPE_OF_COLLISION,MVIW,PED_ACTION,ROAD_SURFACE,ROAD_COND_1,ROAD_COND_2,LIGHTING,CONTROL_DEVICE,CHP_ROAD_TYPE,PEDESTRIAN_ACCIDENT,BICYCLE_ACCIDENT,MOTORCYCLE_ACCIDENT,TRUCK_ACCIDENT,NOT_PRIVATE_PROPERTY,ALCOHOL_INVOLVED,STWD_VEHTYPE_AT_FAULT,CHP_VEHTYPE_AT_FAULT,COUNT_SEVERE_INJ,COUNT_VISIBLE_INJ,COUNT_COMPLAINT_PAIN,COUNT_PED_KILLED,COUNT_PED_INJURED,COUNT_BICYCLIST_KILLED,COUNT_BICYCLIST_INJURED,COUNT_MC_KILLED,COUNT_MC_INJURED,PRIMARY_RAMP,SECONDARY_RAMP,LATITUDE,LONGITUDE,COUNTY,CITY,POINT_X,POINT_Y
94642824,2025,2025-04-09,9720,2025-03-27,1415,023103,,4,2,9,4400,0,3,5,,2,100,"BEAR CREEK RD","MUSTANG MESA",430.00,N,N,B,-,N,,,,,,,,,,Y,4,0,1,2,A,-,08,22107,,N,C,E,A,B,H,-,A,D,0,,,,,Y,,A,07,0,0,1,0,0,0,0,0,0,"- ","- ",37.170581817626953,-122.06971740722656,"SANTA CRUZ",UNINCORPORATED,-122.06980133056641,37.170665740966797
94677505,2025,2025-05-06,9720,2025-04-28,1134,021211,,1,1,9,4400,0,2,4,,1,032,"GREEN VALLEY RD.","CASSERLY RD.",150.00,S,N,A,-,N,,,,,,,,,,N,4,0,1,1,C,-,18,,,N,E,8,A,A,H,-,A,A,0,,,,,Y,,-,"- ",0,0,1,0,0,0,0,0,0,"- ","- ",36.969318389892578,-121.76542663574219,"SANTA CRUZ",UNINCORPORATED,-121.76595306396484,36.969409942626953
94716717,2025,2025-06-09,9720,2025-05-26,2050,024376,,1,2,9,4400,0,2,4,,1,021,"SOQUEL DR","RODEO GULCH RD",0.00,,Y,A,-,N,,,,,,,,,,Y,2,0,1,2,A,-,09,21801,A,N,A,C,A,A,H,-,C,A,0,,,Y,,Y,,A,01,1,0,0,0,0,0,0,0,1,"- ","- ",36.987598419189453,-121.96955871582031,"SANTA CRUZ",UNINCORPORATED,-121.96955871582031,36.987606048583984
94717212,2025,2025-06-09,9720,2025-05-23,1629,023573,,5,2,9,4400,0,3,5,,2,300,"PIONEER RD","PIONEER VIEW RD",1056.00,E,N,A,-,N,,,,,,,,,,N,3,0,2,1,A,-,08,22107,,N,F,A,A,A,H,-,A,D,0,,Y,,,Y,,M,91,0,2,0,0,0,0,1,0,0,"- ","- ",36.971240997314453,-121.78518676757812,"SANTA CRUZ",UNINCORPORATED,-121.78595733642578,36.971401214599609
94720132,2025,2025-06-10,9720,2025-06-03,1030,024471,,2,1,9,4400,0,3,5,,2,200,"STETSON RD","COMSTOCK MILL RD",2376.00,E,N,A,-,N,,,,,,,,,,Y,3,0,2,2,A,-,17,21662,A,N,A,C,A,A,H,-,A,D,0,,,,,Y,,A,01,0,2,0,0,0,0,0,0,0,"- ","- ",37.105819702148438,-121.94062805175781,"SANTA CRUZ",UNINCORPORATED,-121.94080352783203,37.106052398681641
94722377,2025,2025-10-15,9720,2025-05-31,"715 ",024283,,6,1,9,4400,0,3,5,,2,300,"MOUNT MADONNA RD","HAZEL DELL RD",6864.00,N,N,A,-,N,,,,,,,,,,N,3,0,1,2,A,-,17,21662,A,N,H,G,A,A,H,-,A,D,0,,Y,,,Y,,L,04,0,1,0,0,0,0,1,0,0,"- ","- ",37.001930236816406,-121.72930145263672,"SANTA CRUZ",UNINCORPORATED,-121.72939300537109,37.001857757568359
94734450,2025,2025-06-23,9720,2025-06-05,1345,023618,,4,1,9,4400,0,1,3,,2,030,"SR-1 S/B","FREEDOM BOULEVARD",1214.00,S,N,B,-,Y,SCR,,1," "," ",8.121,H,,L,N,4,0,1,2,A,-,03,22350,,N,C,C,A,A,H,-,A,D,0,,,,,Y,,D,22,0,0,1,0,0,0,0,0,0,"- ","- ",36.967891693115234,-121.87021636962891,"SANTA CRUZ",UNINCORPORATED,-121.87025451660156,36.967864990234375
94775734,2025,2025-07-24,9720,2025-06-20,"654 ",023331,,5,1,9,4400,0,3,5,,2,200,"CLUBHOUSE DR","RIO DEL MAR BLVD",0.00,,Y,B,-,N,,,,,,,,,,N,3,0,1,2,A,-,09,21800,A,N,H,G,A,A,H,-,B,A,0,,Y,,,Y,,A,01,0,1,0,0,0,0,1,0,0,"- ","- ",36.973728179931641,-121.88793182373047,"SANTA CRUZ",UNINCORPORATED,-121.88800048828125,36.973655700683594
94781706,2025,2025-07-29,9720,2025-07-18,1730,024053,,5,2,9,4400,0,1,3,,1,034,SR-152,"CASSERLY RD",380.00,E,N,A,-,Y,SCR,,152," "," ",3.767,H,,R,N,4,0,1,2,A,-,03,22350,,N,C,C,A,A,H,-,A,D,0,,,,,Y,,A,07,0,0,1,0,0,0,0,0,0,"- ","- ",36.957000732421875,-121.72657775878906,"SANTA CRUZ",UNINCORPORATED,-121.7265625,36.956985473632812
94783362,2025,2025-07-30,9720,2025-07-18,2330,023959,,5,3,9,4400,0,1,3,,1,035,SR-129,"CROWN RD",490.00,E,N,A,-,Y,SCR,,129," "," ",4.333,H,,R,Y,3,0,3,2,A,-,01,23152,A,N,C,C,A,A,H,-,D,D,0,,,,,Y,Y,A,01,0,1,2,0,0,0,0,0,0,"- ","- ",36.917228698730469,-121.68331146240234,"SANTA CRUZ",UNINCORPORATED,-121.68329620361328,36.917243957519531
94801533,2025,2025-08-13,9720,2025-06-13,1608,023573,,5,2,9,4400,0,3,5,,2,300,"CORRALITOS RD","BROWNS VALLEY RD E/B",13.00,N,N,A,-,N,,,,,,,,,,N,4,0,1,2,A,-,01,23152,A,F,C,E,A,A,H,-,A,D,0,,,,,Y,Y,A,07,0,0,1,0,0,0,0,0,0,"- ","- ",36.988468170166016,-121.80693054199219,"SANTA CRUZ",UNINCORPORATED,-121.80706787109375,36.988651275634766
94816593,2025,2025-08-25,9720,2025-08-13,1615,022976,,3,2,9,4400,0,1,3,,1,010,SR-1,"DIMEO ROAD",3696.00,S,N,A,-,Y,SCR,,1," "," ",21.981,H,,R,N,2,0,1,1,A,-,08,22107,,N,E,I,A,A,H,-,A,D,0,,Y,,,Y,,L,04,1,0,0,0,0,0,1,0,0,"- ","- ",36.961280822753906,-122.09274291992188,"SANTA CRUZ",UNINCORPORATED,-122.09274291992188,36.961349487304688
94820560,2025,2025-08-27,9720,2025-08-15,2124,023026,,5,2,9,4400,0,1,3,,1,034,SR-152,"HOLOHAN RD",1320.00,E,N,A,-,Y,SCR,,152," ",R,2.121,H,,R,N,4,0,1,2,A,-,09,21804,A,N,B,C,A,A,H,-,B,D,0,,,,,Y,Y,A,01,0,0,1,0,0,0,0,0,0,"- ","- ",36.937751770019531,-121.74288177490234,"SANTA CRUZ",UNINCORPORATED,-121.742919921875,36.937759399414062
94820597,2025,2025-08-27,9720,2025-08-12,"550 ",024597,,2,3,9,4400,0,3,5,,2,300,"WEST BEACH ST","SAN ANDREAS RD",1040.00,W,N,E,-,N,,,,,,,,,,Y,3,0,1,2,A,-,09,21801,A,N,A,C,A,A,H,-,B,D,0,,,,,Y,,A,07,0,1,0,0,0,0,0,0,0,"- ","- ",36.881019592285156,-121.8001708984375,"SANTA CRUZ",UNINCORPORATED,-121.80009460449219,36.881061553955078
94846494,2025,2025-09-16,9720,2025-08-14,2055,024207,,4,2,9,4400,0,2,4,,1,023,"7TH AVE","CAPITOLA RD",60.00,S,N,A,-,N,,,,,,,,,,N,2,0,2,2,A,-,03,22350,,F,C,C,A,A,H,-,C,D,0,,,,,Y,,-,99,1,1,0,0,0,0,0,0,0,"- ","- ",36.979030609130859,-121.99195098876953,"SANTA CRUZ",UNINCORPORATED,-121.99190521240234,36.979141235351562
94854649,2025,2025-09-22,9720,2025-09-09,"455 ",024597,,2,3,9,4400,0,2,4,,1,031,"FREEDOM BLVD","MCDONALD RD",237.00,W,N,C,-,N,,,,,,,,,,Y,3,0,1,1,A,-,03,22350,,N,E,8,A,B,H,-,C,D,0,,,,,Y,,A,01,0,1,0,0,0,0,0,0,0,"- ","- ",36.986068725585938,-121.86080169677734,"SANTA CRUZ",UNINCORPORATED,-121.8607177734375,36.98602294921875
94895001,2025,2025-10-21,9720,2025-09-29,1500,024376,,1,2,9,4400,0,2,4,,1,024,"BROMMER ST","17TH AVE",190.00,W,N,A,-,N,,,,,,,,,,N,3,0,1,2,A,-,03,22350,,F,C,C,A,A,H,-,A,D,0,,,,,Y,Y,A,07,0,1,0,0,0,0,0,0,0,"- ","- ",36.97119140625,-121.98519134521484,"SANTA CRUZ",UNINCORPORATED,-121.98513031005859,36.971195220947266
9490760,2022,2022-08-29,4402,2022-07-30,2348,176,,6,5,5,4402,0,0,0,,0,000,BROADWAY,"OCEAN ST",130.00,W,N,A,-,N,,,,,,,,,,N,4,0,1,1,A,-,01,21200,5,N,E,I,A,A,H,-,-,D,0,,Y,,,Y,Y,L,04,0,0,1,0,0,0,1,0,0,"- ","- ",,,"SANTA CRUZ","SANTA CRUZ",-122.01866149902344,36.973129272460938
94919574,2025,2025-11-11,9720,2025-10-26,1130,024616,,7,1,9,4400,0,1,3,,1,017,"SR-17 S/B","LAUREL RD",1056.00,N,N,A,-,Y,SCR,,17," "," ",9.699,H,,L,N,3,0,1,2,A,-,03,22350,,N,C,C,A,A,H,-,A,D,0,,,Y,,Y,,C,02,0,1,0,0,0,0,0,0,1,"- ","- ",37.107318878173828,-121.97699737548828,"SANTA CRUZ",UNINCORPORATED,-121.97699737548828,37.107318878173828
94925086,2025,2025-11-12,9720,2025-10-30,1730,024207,,4,2,9,4400,0,2,4,,1,023,"7TH AVE","HARBOR OAKS CIR",0.00,,Y,A,-,N,,,,,,,,,,N,3,0,1,2,A,-,06,21755,,N,D,C,A,A,H,-,A,D,0,,,Y,,Y,,C,02,0,1,0,0,0,0,0,0,1,"- ","- ",36.977550506591797,-121.99279022216797,"SANTA CRUZ",UNINCORPORATED,-121.99324035644531,36.976879119873047
9492722,2022,2022-09-16,4403,2022-08-29,0821,418,434,1,5,4,4403,0,0,0,,0,004,"ALTA VISTA AV","FREEDOM BL",0.00,,Y,A,-,N,,,,,,,,,,,3,0,1,2,A,-,09,21802,A,N,D,C,A,A,H,-,A,A,0,,,,,Y,,A,07,0,1,0,0,0,0,0,0,0,"- ","- ",,,"SANTA CRUZ",WATSONVILLE,-121.76638793945312,36.928375244140625
94940234,2025,2025-11-20,9720,2025-11-07,"500 ",023611,,5,3,9,4400,0,3,5,,2,300,"CARLTON RD","PECKHAM RD",175.00,N,N,A,-,N,,,,,,,,,,Y,3,0,2,2,A,-,09,21804,A,N,D,2,A,A,H,-,D,D,0,,,,,Y,,A,07,0,1,1,0,0,0,0,0,0,"- ","- ",36.944568634033203,-121.7152099609375,"SANTA CRUZ",UNINCORPORATED,-121.71510314941406,36.944503784179688
94940395,2025,2025-11-20,9720,2025-11-07,1406,023959,,5,2,9,4400,0,1,3,,2,020,"SR-1 S/B","STATE PARD DR",528.00,N,N,A,-,Y,SCR,,1," "," ",10.756,H,,L,Y,4,0,1,3,A,-,03,22350,,N,C,C,A,A,H,-,A,D,0,,,,,Y,,-,"- ",0,0,1,0,0,0,0,0,0,"- ","- ",36.979679107666016,-121.91381072998047,"SANTA CRUZ",UNINCORPORATED,-121.91381072998047,36.979682922363281
94940516,2025,2025-11-21,9720,2025-11-09,1443,024595,,7,2,9,4400,0,3,5,,2,100,"PINE FLAT ROAD","KELLY LN",120.00,S,N,A,-,N,,,,,,,,,,Y,3,0,1,1,A,-,08,22107,,N,F,A,A,A,H,-,A,D,0,,,,,Y,,A,01,0,1,0,0,0,0,0,0,0,"- ","- ",37.066230773925781,-122.14151000976562,"SANTA CRUZ",UNINCORPORATED,-122.14121246337891,37.066822052001953
94945843,2025,2025-11-24,9720,2025-11-08,1950,024376,,6,2,9,4400,0,1,3,,1,017,"SR-17 N/B","VINE HILL RD",305.00,N,N,A,-,Y,SCR,,17," "," ",7.700,H,,R,Y,3,0,2,2,C,-,18,,,N,E,J,A,A,H,-,D,D,0,,,,,Y,,-,"- ",0,2,0,0,0,0,0,0,0,"- ","- ",37.079330444335938,-121.97891235351562,"SANTA CRUZ",UNINCORPORATED,-121.97895812988281,37.079368591308594
94954674,2025,2025-12-02,9720,2025-11-25,"850 ",023499,,2,1,9,4400,0,3,5,,2,200,"TROUT GULCH RD","APTOS VILLAGE WAY",0.00,,Y,A,-,N,,,,,,,,,,N,3,0,1,2,A,-,03,22350,,N,C,C,A,A,H,-,A,D,0,,,,,Y,,D,22,0,1,0,0,0,0,0,0,0,"- ","- ",36.9781494140625,-121.89942169189453,"SANTA CRUZ",UNINCORPORATED,-121.89943695068359,36.978145599365234
94968586,2025,2025-12-11,9720,2025-11-01,1900,024068,,6,2,9,4400,0,2,4,,1,022,"SOQUEL SAN JOSE ROAD","MILLER HILL RD",1584.00,N,N,A,-,N,,,,,,,,,,N,3,0,1,1,A,-,01,23152,A,N,E,8,A,A,H,-,D,D,0,,,,,Y,Y,A,01,0,1,0,0,0,0,0,0,0,"- ","- ",37.114208221435547,-121.93972015380859,"SANTA CRUZ",UNINCORPORATED,-121.94815063476562,37.110233306884766
94968650,2025,2025-12-11,9720,2025-12-01,1340,024616,,1,1,9,4400,0,2,4,,1,021,"SOQUEL DR","SPRECKELS DRIVE",0.00,,Y,A,-,N,,,,,,,,,,N,4,0,1,2,A,-,17,21451,A,N,A,C,A,A,H,-,A,A,0,,,,,Y,,A,01,0,0,1,0,0,0,0,0,0,"- ","- ",36.976299285888672,-121.90412902832031,"SANTA CRUZ",UNINCORPORATED,-121.90420532226562,36.976310729980469
94978411,2025,2025-12-19,9720,2025-12-15,2145,023322,,1,2,9,4400,0,3,5,,2,200,"PORTER GULCH RD","HUDSON LN",63.00,N,N,A,-,N,,,,,,,,,,Y,3,0,1,1,A,-,08,22107,,N,E,I,A,A,H,-,D,D,0,,,,,Y,,A,07,0,1,0,0,0,0,0,0,0,"- ","- ",36.996021270751953,-121.92363739013672,"SANTA CRUZ",UNINCORPORATED,-121.92362976074219,36.996013641357422
94984627,2025,2025-12-23,9720,2025-12-14,1345,024068,,7,1,9,4400,0,1,3,,1,017,"SR-17 S/B","GLENWOOD DR",0.00,,Y,A,-,Y,SCR,,17," "," ",10.646,H,,L,Y,4,0,1,2,A,-,09,21802,A,N,D,C,A,A,H,-,A,A,0,,,,,Y,,A,01,0,0,1,0,0,0,0,0,0,"- ","- ",37.119918823242188,-121.97606658935547,"SANTA CRUZ",UNINCORPORATED,-121.97609710693359,37.119918823242188
94992606,2025,2025-12-30,9720,2025-12-22,1120,020640,,1,1,9,4400,0,1,3,,2,020,"SR-1 N/B","RIO DEL MAR BLVD",2080.00,N,N,B,-,Y,SCR,,1," "," ",9.548,H,,R,N,4,0,2,3,A,-,03,22350,,N,C,C,A,B,H,-,A,D,0,,,,,Y,,D,22,0,0,2,0,0,0,0,0,0,"- ","- ",36.975288391113281,-121.8934326171875,"SANTA CRUZ",UNINCORPORATED,-121.89342498779297,36.975269317626953
9501686,2022,2022-10-31,4402,2022-09-11,1930,130,4402,7,5,5,4402,0,0,0,,0,000,"KING ST","VAN NESS AV",0.00,,Y,A,-,N,,,,,,,,,,N,4,0,1,2,A,-,09,21802,A,N,D,C,A,A,H,-,C,-,0,,,,,Y,,A,01,0,0,1,0,0,0,0,0,0,"- ","- ",,,"SANTA CRUZ","SANTA CRUZ",-122.04106903076172,36.970172882080078
9504387,2022,2022-10-26,4403,2022-09-19,1610,418,109,1,5,4,4403,0,0,0,,0,001,"BEACH ST","MAIN ST",0.00,,Y,A,-,Y,SCR,5,152,-,T,2.928,I,5,W,,3,0,1,2,A,-,10,21950,A,N,G,B,B,A,H,-,A,A,0,Y,,,,Y,,A,07,0,1,0,0,1,0,0,0,0,"- ","- ",,,"SANTA CRUZ",WATSONVILLE,-121.75690460205078,36.910259246826172
9525978,2022,2023-02-07,4404,2022-09-21,1941,5291,4404,3,5,3,4404,0,0,0,,0,00S,"MT HERMON RD","SKYPARK DR",0.00,,Y,A,-,N,,,,,,,,,,Y,3,0,3,2,A,-,12,21453,A,N,D,C,A,A,H,-,C,A,0,,,,,Y,,A,01,0,2,1,0,0,0,0,0,0,"- ","- ",37.048290252685547,-122.03433227539062,"SANTA CRUZ","SCOTTS VALLEY",-122.03433990478516,37.04833984375
9535896,2023,2023-03-16,4402,2023-01-12,"220 ",153,4402,4,5,5,4402,0,0,0,,0,000,"PELTON AV","HARVARD ST",17.00,W,N,A,-,N,,,,,,,,,,N,4,0,1,1,A,-,08,22107,,N,A,-,A,A,H,-,D,D,0,,,,,Y,,A,01,0,0,1,0,0,0,0,0,0,"- ","- ",,,"SANTA CRUZ","SANTA CRUZ",-122.03528594970703,36.953742980957031
9537974,2022,2023-01-12,4403,2022-12-18,0626,387,108,7,5,4,4403,0,0,0,,0,001,"LINCOLN ST","CENTER ST",0.00,,Y,A,-,N,,,,,,,,,,N,4,0,1,2,A,-,10,21950,A,N,G,B,D,A,H,-,B,D,0,Y,,,,Y,,A,01,0,0,1,0,1,0,0,0,0,"- ","- ",,,"SANTA CRUZ",WATSONVILLE,-121.75302124023438,36.914337158203125
9539821,2022,2023-02-03,4402,2022-12-11,1000,128,4402,7,5,5,4402,0,0,0,,0,000,"OCEAN ST","WATER ST",0.00,,Y,B,-,N,,,,,,,,,,Y,3,0,1,2,A,-,03,22350,,N,C,C,A,B,H,-,A,A,0,,,,,Y,,A,01,0,1,0,0,0,0,0,0,0,"- ","- ",,,"SANTA CRUZ","SANTA CRUZ",-122.02135467529297,36.979587554931641
9550924,2023,2023-05-04,4401,2023-01-19,1422,523,4401,4,5,3,4401,0,0,0,,0,,"STOCKTON AV",ESPLANADE,0.00,,Y,A,-,N,,,,,,,,,,N,2,0,1,2,A,-,10,21950,A,N,-,-,B,A,H,-,A,A,0,Y,Y,,,Y,,L,04,1,0,0,0,1,0,0,0,0,"- ","- ",,,"SANTA CRUZ",CAPITOLA,-121.95256805419922,36.972694396972656
9560568,2023,2023-03-23,4402,2023-01-07,1038,166,4402,6,5,5,4402,0,0,0,,0,000,"NOBEL DR","BAY DR",0.00,,Y,B,-,N,,,,,,,,,,Y,4,0,1,2,A,-,12,21453,,N,D,C,A,A,H,-,A,A,0,,,,,Y,,A,01,0,0,1,0,0,0,0,0,0,"- ","- ",,,"SANTA CRUZ","SANTA CRUZ",-122.05034637451172,36.973945617675781
9562860,2023,2023-04-24,4403,2023-03-17,1311,417,525,5,5,4,4403,0,0,0,,0,005,"AIRPORT BL","HOLM RD",399.00,W,N,A,-,N,,,,,,,,,,Y,3,0,1,2,A,-,09,21801,A,N,D,C,A,A,H,-,A,D,0,,,,,Y,,A,01,0,1,0,0,0,0,0,0,0,"- ","- ",,,"SANTA CRUZ",WATSONVILLE,-121.78855895996094,36.931453704833984
9567636,2023,2023-05-31,4403,2023-05-07,1714,335,434,7,5,4,4403,0,0,0,,0,004,"FREEDOM BL","ALTA VISTA AV",20.00,S,N,A,-,N,,,,,,,,,,Y,4,0,1,2,A,-,21,22106,,N,C,C,A,A,H,-,A,A,0,,,,,Y,,A,01,0,0,1,0,0,0,0,0,0,"- ","- ",,,"SANTA CRUZ",WATSONVILLE,-121.76634979248047,36.928333282470703
9568073,2023,2023-04-21,4403,2023-04-05,1515,417,3-06,3,5,4,4403,0,0,0,,0,003,"LAKE AV","BECK ST",0.00,,Y,A,-,Y,SCR,5,152,-,-,0.714,I,6,E,N,3,0,1,2,A,-,05,21650,1,N,D,G,A,A,H,-,A,A,0,,Y,,,Y,,L,04,0,1,0,0,0,0,1,0,0,"- ","- ",,,"SANTA CRUZ",WATSONVILLE,-121.74925994873047,36.918289184570312
9574031,2023,2023-04-25,4403,2023-03-24,"655 ",387,315,5,5,4,4403,0,0,0,,0,003,"BEACH ST","BLACKBURN ST",7.00,N,N,A,-,N,,,,,,,,,,N,4,0,1,2,A,-,10,21950,A,N,G,B,B,A,H,-,B,D,0,Y,,,,Y,,A,01,0,0,1,0,1,0,0,0,0,"- ","- ",,,"SANTA CRUZ",WATSONVILLE,-121.74971008300781,36.915493011474609
9575191,2023,2023-05-04,4402,2023-02-28,1706,161,4402,2,5,5,4402,0,0,0,,0,000,"LAUREL ST","WALTI ST",185.00,W,N,B,C,N,,,,,,,,,,N,4,0,1,1,C,-,18,,,N,E,A,A,B,B,G,A,D,0,,,,,Y,,-,"- ",0,0,1,0,0,0,0,0,0,"- ","- ",,,"SANTA CRUZ","SANTA CRUZ",-122.03390502929688,36.968536376953125
9582807,2023,2023-06-26,4403,2023-05-26,1346,358,1-07,5,5,4,4403,0,0,0,,0,001,"SUDDEN ST","PALM AV",200.00,N,N,A,-,N,,,,,,,,,,,3,0,1,1,A,-,03,22350,,N,F,A,A,A,H,-,A,D,0,,,Y,,Y,,C,03,0,1,0,0,0,0,0,0,1,"- ","- ",,,"SANTA CRUZ",WATSONVILLE,-121.75891876220703,36.917060852050781
9591022,2023,2023-07-25,4403,2023-06-22,1649,417,224,4,5,4,4403,0,0,0,,0,002,"WALKER ST","BEACH ST",15.00,S,N,A,-,N,,,,,,,,,,N,3,0,1,2,D,-,00,,,N,D,-,A,A,H,-,A,A,0,,Y,,,Y,,-,"- ",0,1,0,0,0,0,1,0,0,"- ","- ",,,"SANTA CRUZ",WATSONVILLE,-121.76161956787109,36.907802581787109
9609551,2023,2023-10-12,4403,2023-09-07,1556,418,319,4,5,4,4403,0,0,0,,0,003,"LAKE AV","WAGNER AV",23.00,E,N,A,-,Y,SCR,5,152,-,-,1.340,H,-,W,N,4,0,1,2,A,-,03,22350,,N,C,C,A,A,H,-,A,A,0,,,,,Y,,D,22,0,0,1,0,0,0,0,0,0,"- ","- ",,,"SANTA CRUZ",WATSONVILLE,-121.74552917480469,36.926826477050781
9609790,2023,2023-08-28,4402,2023-08-07,"540 ",177,4402,1,5,5,4402,0,0,0,,0,000,"WOODROW AV","ERRETT CIR",0.00,,Y,E,-,N,,,,,,,,,,Y,4,0,1,1,A,-,03,22350,,N,E,A,A,A,H,-,C,-,0,,,Y,,Y,,C,02,0,0,1,0,0,0,0,0,1,"- ","- ",,,"SANTA CRUZ","SANTA CRUZ",-122.03818511962891,36.958969116210938
9628195,2023,2023-10-30,4403,2023-09-15,1947,398,223,5,5,4,4403,0,0,0,,0,002,"MAIN ST","OHLONE PKWY",190.00,S,N,A,-,Y,SCR,5,152,-,T,1.690,H,-,W,N,3,0,1,2,A,-,09,21804,A,M,D,G,A,A,H,-,C,D,0,,Y,,,Y,,A,07,0,1,0,0,0,0,1,0,0,"- ","- ",,,"SANTA CRUZ",WATSONVILLE,-121.77522277832031,36.917232513427734
9628368,2023,2023-11-07,4402,2023-09-18,"524 ",187,4402,1,5,5,4402,0,0,0,,0,,"RT 1","RT 9",0.00,,Y,A,-,Y,SCR,5,1,-,-,17.560,I,5,N,N,4,0,1,2,A,-,11,21461,5,N,G,B,D,A,H,-,C,A,0,Y,,,,Y,,N,60,0,0,1,0,1,0,0,0,0,"- ","- ",,,"SANTA CRUZ","SANTA CRUZ",-122.02981567382812,36.9844970703125
9637839,2023,2023-11-22,4401,2023-10-06,1333,530,4401,5,5,3,4401,0,0,0,,0,,"KENNEDY DR","SIR FRANCIS AV",127.00,W,N,A,-,N,,,,,,,,,,N,2,0,1,2,A,-,03,22350,,N,C,-,A,A,H,-,A,D,0,,Y,,,Y,,L,04,1,0,0,0,0,0,1,0,0,"- ","- ",,,"SANTA CRUZ",CAPITOLA,-121.94021606445312,36.9822998046875
9642201,2023,2023-12-19,4402,2023-11-22,1734,191,4402,3,5,5,4402,0,0,0,,0,000,BROADWAY,"FRONT ST",15.00,E,N,A,-,N,,,,,,,,,,N,4,0,1,2,A,-,03,22350,,N,C,C,A,A,H,-,B,A,0,,,,,Y,,A,01,0,0,1,0,0,0,0,0,0,"- ","- ",,,"SANTA CRUZ","SANTA CRUZ",-122.39981079101562,37.798748016357422
9665042,2024,2024-05-02,4403,2024-02-29,1751,388,112,4,5,4,4403,0,0,0,,0,001,"UNION ST","RIVERSIDE DR",235.00,S,N,A,-,N,,,,,,,,,,N,4,0,1,2,A,-,09,21804,A,N,D,C,A,A,H,-,A,A,0,,,,,Y,,A,01,0,0,1,0,0,0,0,0,0,"- ","- ",,,"SANTA CRUZ",WATSONVILLE,-121.75199890136719,36.907321929931641
9665775,2024,2024-05-24,4402,2024-03-15,1751,196,4402,5,5,5,4402,0,0,0,,0,000,"BEACH ST","CLIFF ST",0.00,,Y,A,-,N,,,,,,,,,,N,3,0,1,1,A,-,03,22350,,N,F,A,A,A,H,-,A,D,0,,Y,,,Y,,L,04,0,1,0,0,0,0,1,0,0,"- ","- ",,,"SANTA CRUZ","SANTA CRUZ",-122.02017974853516,36.964168548583984
9673010,2024,2024-04-10,4403,2024-02-06,2306,424,224,2,5,4,4403,0,0,0,,0,002,"BEACH ST","OHLONE PKWY",1334.00,W,N,C,-,N,,,,,,,,,,Y,3,0,1,1,A,-,01,23152,B,N,E,I,A,B,H,-,C,D,0,,,,,Y,Y,A,01,0,1,0,0,0,0,0,0,0,"- ","- ",,,"SANTA CRUZ",WATSONVILLE,-121.77545166015625,36.899402618408203
9673012,2024,2024-04-09,4403,2024-02-08,1745,418,304,4,5,4,4403,0,0,0,,0,003,"FREEDOM BL","CRESTVIEW DR",113.00,S,N,A,-,N,,,,,,,,,,N,4,0,1,2,A,-,09,21804,A,N,D,G,A,A,H,-,B,D,0,,Y,,,Y,,L,04,0,0,1,0,0,0,1,0,0,"- ","- ",,,"SANTA CRUZ",WATSONVILLE,-121.76438903808594,36.92620849609375
9675057,2024,2024-05-23,4402,2024-03-09,1846,196,4402,6,5,5,4402,0,0,0,,0,000,"OCEAN ST",BROADWAY,14.00,N,N,A,-,N,,,,,,,,,,N,4,0,1,4,A,-,03,22350,,F,C,C,A,A,H,-,C,D,0,,,,,Y,,D,22,0,0,1,0,0,0,0,0,0,"- ","- ",,,"SANTA CRUZ","SANTA CRUZ",-122.01829528808594,36.973358154296875
9677925,2024,2024-05-31,4402,2024-04-26,"310 ",167`,4402,5,5,5,4402,0,0,0,,0,000,"BAY ST","CALIFORNIA AV",175.00,N,N,A,-,N,,,,,,,,,,Y,3,0,1,1,A,-,01,23152,A,N,E,I,A,A,H,-,C,A,0,,,,,Y,Y,A,01,0,1,0,0,0,0,0,0,0,"- ","- ",,,"SANTA CRUZ","SANTA CRUZ",-122.03530883789062,36.963302612304688
9685218,2024,2024-05-08,4403,2024-03-21,1146,344,438,4,5,4,4403,0,0,0,,0,004,"GREEN VALLEY RD","CAREY AV",10.00,S,N,A,-,N,,,,,,,,,,Y,2,0,1,2,A,-,09,21802,A,F,D,C,A,A,H,-,A,A,0,,,Y,,Y,,D,22,1,0,0,0,0,0,0,0,1,"- ","- ",,,"SANTA CRUZ",WATSONVILLE,-121.77422332763672,36.934181213378906