CASE_ID,ACCIDENT_YEAR,PROC_DATE,JURIS,COLLISION_DATE,COLLISION_TIME,OFFICER_ID,REPORTING_DISTRICT,DAY_OF_WEEK,CHP_SHIFT,POPULATION,CNTY_CITY_LOC,SPECIAL_COND,BEAT_TYPE,CHP_BEAT_TYPE,CITY_DIVISION_LAPD,CHP_BEAT_CLASS,BEAT_NUMBER,PRIMARY_RD,SECONDARY_RD,DISTANCE,DIRECTION,INTERSECTION,WEATHER_1,WEATHER_2,STATE_HWY_IND,CALTRANS_COUNTY,CALTRANS_DISTRICT,STATE_ROUTE,ROUTE_SUFFIX,POSTMILE_PREFIX,POSTMILE,LOCATION_TYPE,RAMP_INTERSECTION,SIDE_OF_HWY,TOW_AWAY,COLLISION_SEVERITY,NUMBER_KILLED,NUMBER_INJURED,PARTY_COUNT,PRIMARY_COLL_FACTOR,PCF_CODE_OF_VIOL,PCF_VIOL_CATEGORY,PCF_VIOLATION,PCF_VIOL_SUBSECTION,HIT_AND_RUN,TYPE_OF_COLLISION,MVIW,PED_ACTION,ROAD_SURFACE,ROAD_COND_1,ROAD_COND_2,LIGHTING,CONTROL_DEVICE,CHP_ROAD_TYPE,PEDESTRIAN_ACCIDENT,BICYCLE_ACCIDENT,MOTORCYCLE_ACCIDENT,TRUCK_ACCIDENT,NOT_PRIVATE_PROPERTY,ALCOHOL_INVOLVED,STWD_VEHTYPE_AT_FAULT,CHP_VEHTYPE_AT_FAULT,COUNT_SEVERE_INJ,COUNT_VISIBLE_INJ,COUNT_COMPLAINT_PAIN,COUNT_PED_KILLED,COUNT_PED_INJURED,COUNT_BICYCLIST_KILLED,COUNT_BICYCLIST_INJURED,COUNT_MC_KILLED,COUNT_MC_INJURED,PRIMARY_RAMP,SECONDARY_RAMP,LATITUDE,LONGITUDE,COUNTY,CITY,POINT_X,POINT_Y
90735378,2018,2018-05-28,9720,2018-05-17,1550,021489,,4,2,9,4400,0,1,3,,1,035,"SR-129 W/B","BLACKBURN ST",300.00,E,N,A,-,Y,,,129,,,,,,W,N,3,0,5,4,A,-,03,22350,,F,C,C,A,A,H,-,A,D,0,,,,,Y,,A,07,0,1,4,0,0,0,0,0,0,"- ","- ",36.912330627441406,-121.74597930908203,"SANTA CRUZ",UNINCORPORATED,-121.74597930908203,36.912315368652344
90736043,2018,2018-05-29,9720,2018-05-20,0310,021211,,7,3,9,4400,0,1,3,,1,035,SR-129,"OLD CHITTENDEN RD",1584.00,W,N,A,-,Y,,,129,,,,,,,Y,4,0,1,1,A,-,08,22107,,M,E,J,A,A,D,-,D,D,0,,,,,Y,Y,D,22,0,0,1,0,0,0,0,0,0,"- ","- ",36.902599334716797,-121.60399627685547,"SANTA CRUZ",UNINCORPORATED,-121.60407257080078,36.902389526367188
90737230,2018,2018-05-30,9720,2018-05-21,0625,017642,,1,1,9,4400,0,1,3,,2,020,"SR-1 S/B TO SR-17 N/B","SR-17 N/B",248.00,S,N,B,-,Y,,,,,,,,,,Y,4,0,1,2,A,-,03,22350,,N,E,I,A,A,H,-,A,D,0,,,,,Y,,D,22,0,0,1,0,0,0,0,0,0,"- ","- ",36.988021850585938,-122.02275848388672,"SANTA CRUZ",UNINCORPORATED,,
90738321,2018,2018-05-31,9720,2018-05-22,1745,017568,,2,2,9,4400,0,2,4,,1,024,"CAPITOLA RD","JOSE AVE",25.00,W,N,A,-,N,,,,,,,,,,N,4,0,1,3,A,-,03,22350,,N,C,C,A,A,H,-,A,D,0,,,,,Y,,A,01,0,0,1,0,0,0,0,0,0,"- ","- ",36.987659454345703,-121.99253082275391,"SANTA CRUZ",UNINCORPORATED,-121.98928070068359,36.978008270263672
90742633,2018,2018-06-06,9720,2018-05-27,1715,021806,,7,2,9,4400,0,3,5,,2,100,"MARION AVE","MARION CT",305.00,W,N,A,-,N,,,,,,,,,,N,3,0,1,1,A,-,03,22350,,N,F,A,A,A,H,-,A,D,0,,,Y,,Y,,C,02,0,1,0,0,0,0,0,0,1,"- ","- ",37.086658477783203,-122.07415008544922,"SANTA CRUZ",UNINCORPORATED,-122.07427978515625,37.087131500244141
90743996,2018,2018-07-09,9720,2018-06-01,1730,021227,,5,2,9,4400,0,1,3,,2,020,"SR-1 N/B","STATE PARD DR",3168.00,S,N,A,-,Y,,,1,,,,,,N,Y,4,0,3,4,A,-,03,22350,,N,C,C,A,A,H,-,A,D,0,,,,,Y,,A,01,0,0,3,0,0,0,0,0,0,"- ","- ",36.974960327148438,-121.89968872070312,"SANTA CRUZ",UNINCORPORATED,-121.89968872070312,36.974925994873047
90748016,2018,2018-06-14,9720,2018-05-27,0100,021548,,7,3,9,4400,0,1,3,,1,014,"SR-9 S/B","JUANITA RD.",75.00,N,N,A,-,Y,,,9,,,,,,S,Y,3,0,1,1,A,-,01,23152,A,N,E,I,A,A,H,-,D,D,0,,,,,Y,Y,A,01,0,1,0,0,0,0,0,0,0,"- ","- ",37.140430450439453,-122.13133239746094,"SANTA CRUZ",UNINCORPORATED,-122.13130187988281,37.140453338623047
90753005,2018,2018-06-21,9720,2018-06-13,2020,021860,,3,2,9,4400,0,3,5,,2,100,SR-35,"STAGECOACH RD",870.00,S,N,A,-,Y,,,35,,,,,,,Y,4,0,1,1,A,-,08,22107,,N,E,J,A,A,H,-,D,D,0,,,,,Y,,A,01,0,0,1,0,0,0,0,0,0,"- ","- ",37.144401550292969,-121.98758697509766,"SANTA CRUZ",UNINCORPORATED,-121.98761749267578,37.144424438476562
90755288,2018,2018-06-25,9720,2018-06-17,1050,021489,,7,1,9,4400,0,1,3,,1,017,"SR-17 N/B","LAUREL RD",200.00,N,N,B,-,Y,,,17,,,,,,N,N,4,0,1,1,A,-,03,22350,,N,E,I,A,B,H,-,A,D,0,,,,,Y,,A,01,0,0,1,0,0,0,0,0,0,"- ","- ",37.105518341064453,-121.97480010986328,"SANTA CRUZ",UNINCORPORATED,-121.97484588623047,37.105506896972656
90755650,2018,2018-06-26,9720,2018-06-17,0726,021969,,7,1,9,4400,0,1,3,,1,017,"SR-17 S/B","GLENWOOD DR",1584.00,S,N,B,C,Y,,,17,,,,,,S,Y,3,0,2,1,A,-,03,22350,,N,E,I,A,B,H,-,A,D,0,,,,,Y,,A,01,0,2,0,0,0,0,0,0,0,"- ","- ",37.115970611572266,-121.97582244873047,"SANTA CRUZ",UNINCORPORATED,-121.97572326660156,37.116008758544922
90762947,2018,2018-07-05,9720,2018-06-22,0736,021211,,5,1,9,4400,0,1,3,,2,030,"SR-1 N/B","FREEDOM BLVD",528.00,S,N,B,-,Y,,,1,,,,,,N,Y,2,0,2,3,A,-,03,22350,,N,C,C,A,A,H,-,A,D,0,,,,,Y,,D,22,1,0,1,0,0,0,0,0,0,"- ","- ",36.967098236083984,-121.86920166015625,"SANTA CRUZ",UNINCORPORATED,-121.86911773681641,36.967182159423828
90765000,2018,2018-07-09,9720,2018-06-28,1005,017642,,4,1,9,4400,0,1,3,,2,020,"SR-1 N/B","PARK AVE",1584.00,N,N,A,-,Y,,,1,,,,,,N,N,4,0,3,2,A,-,03,22350,,N,C,C,A,A,H,-,A,D,0,,,,Y,Y,,G,25,0,0,3,0,0,0,0,0,0,"- ","- ",36.984111785888672,-121.94331359863281,"SANTA CRUZ",UNINCORPORATED,-121.94331359863281,36.984092712402344
90772814,2018,2018-07-19,9720,2018-07-13,1615,018650,,5,2,9,4400,0,1,3,,1,017,"SR-17 N/B","VINE HILL RD",1584.00,S,N,A,-,Y,,,17,,,,,,N,Y,2,0,1,2,A,-,08,22107,,N,F,A,A,A,H,-,A,D,0,,,,,Y,,A,01,1,0,0,0,0,0,0,0,0,"- ","- ",37.077098846435547,-121.98249816894531,"SANTA CRUZ",UNINCORPORATED,-121.98248291015625,37.077041625976562
90775679,2018,2018-07-24,9720,2018-07-20,0854,021215,,5,1,9,4400,0,1,3,,2,030,"SR-1 SB","FREEDOM BLVD",755.00,S,N,A,-,Y,,,1,,,,,,S,Y,3,0,2,2,A,-,03,22350,,N,C,C,A,A,H,-,A,D,0,,,,,Y,,A,01,0,1,1,0,0,0,0,0,0,"- ","- ",36.968769073486328,-121.87122344970703,"SANTA CRUZ",UNINCORPORATED,-121.87120819091797,36.968784332275391
90775786,2018,2018-07-24,9720,2018-07-11,1820,021940,,3,2,9,4400,0,1,3,,1,010,SR-1,"CANYON RD",3960.00,N,N,A,-,Y,,,1,,,,,,,Y,3,0,1,2,D,-,00,,,N,D,C,A,A,H,-,A,D,0,,,,,Y,,-,"- ",0,1,0,0,0,0,0,0,0,"- ","- ",37.102840423583984,-122.28562164306641,"SANTA CRUZ",UNINCORPORATED,-122.28564453125,37.102817535400391
90778844,2018,2018-07-27,9720,2018-07-20,0950,021211,,5,1,9,4400,0,1,3,,1,017,"LA MADRONA DR. TO SR-17 S/B","LA MADRONA DR",110.00,E,N,B,-,Y,,,,,,,,,,N,4,0,1,2,A,-,03,22350,,N,C,C,A,A,H,-,A,D,0,,,,,Y,,A,01,0,0,1,0,0,0,0,0,0,"- ","- ",37.018901824951172,-122.02799987792969,"SANTA CRUZ",UNINCORPORATED,-122.02808380126953,37.018882751464844
90781195,2018,2018-07-31,9720,2018-07-23,1815,021333,,1,2,9,4400,0,3,5,,2,300,"COLLEGE RD","E LAKE AVENUE",50.00,S,N,A,-,N,,,,,,,,,,N,4,0,2,2,A,-,03,22350,,N,C,C,A,A,H,-,A,D,0,,,,Y,Y,,F,21,0,0,2,0,0,0,0,0,0,"- ","- ",36.935890197753906,-121.74310302734375,"SANTA CRUZ",UNINCORPORATED,-121.74317932128906,36.935935974121094
90781271,2018,2018-07-31,9720,2018-07-24,1110,021159,,2,1,9,4400,0,1,3,,2,020,"SR-1 N/B","STATE PARD DR",2640.00,S,N,A,-,Y,,,1,,,,,,N,N,4,0,2,2,A,-,03,22350,,N,C,C,A,A,H,-,A,D,0,,,,,Y,,A,01,0,0,2,0,0,0,0,0,0,"- ","- ",36.975479125976562,-121.89324188232422,"SANTA CRUZ",UNINCORPORATED,-121.89322662353516,36.97528076171875
90785691,2018,2018-08-07,9720,2018-08-01,1825,019956,,3,2,9,4400,0,2,4,,1,021,"SOQUEL DR","RESEARCH PARK DR",80.00,E,N,A,-,N,,,,,,,,,,N,3,0,1,2,A,-,09,21804,A,N,G,B,D,A,H,-,A,D,0,Y,,,,Y,,A,07,0,1,0,0,1,0,0,0,0,"- ","- ",36.987289428710938,-121.96811676025391,"SANTA CRUZ",UNINCORPORATED,-121.96820831298828,36.9873046875
90785883,2018,2018-08-07,9720,2018-08-02,1618,018650,,4,2,9,4400,0,3,5,,2,200,"RIO DEL MAR BLVD","SR-1 S/B",20.00,E,N,A,-,Y,,,,,,,,,,N,4,0,2,2,A,-,03,22350,,N,C,C,A,A,H,-,A,D,0,,,,,Y,,A,01,0,0,2,0,0,0,0,0,0,"- ","- ",36.974899291992188,-121.8865966796875,"SANTA CRUZ",UNINCORPORATED,,
90786819,2018,2018-08-08,9720,2018-08-04,1025,18239,,6,1,9,4400,0,1,3,,1,017,"SR-17 N/B","GRANITE CREEK RD",1056.00,N,N,A,-,Y,,,,,,,,,,Y,4,0,1,1,A,-,08,22107,,N,F,A,A,A,H,-,A,D,0,,,,,Y,,A,01,0,0,1,0,0,0,0,0,0,"- ","- ",37.064128875732422,-122.00241088867188,"SANTA CRUZ",UNINCORPORATED,-122.00287628173828,37.063701629638672
90793084,2018,2018-08-17,9720,2018-08-09,1550,019521,,4,2,9,4400,0,2,4,,1,024,"7TH AVE","EAST CLIFF DR.",50.00,N,N,A,-,N,,,,,,,,,,N,4,0,1,3,A,-,03,22350,,M,C,C,A,A,H,-,A,A,0,,,,,Y,,A,01,0,0,1,0,0,0,0,0,0,"- ","- ",36.963268280029297,-121.99864196777344,"SANTA CRUZ",UNINCORPORATED,-121.99860382080078,36.963336944580078
90800300,2018,2018-08-28,9720,2018-08-21,2018,021140,,2,2,9,4400,0,1,3,,2,020,"SR-1 N/B","41ST AVENUE OVERCROSSING",898.00,S,N,A,-,Y,,,1,,,,,,N,N,3,0,1,2,A,-,01,23152,A,N,C,C,A,A,H,-,B,D,0,,,Y,,Y,Y,D,22,0,1,0,0,0,0,0,0,1,"- ","- ",36.982948303222656,-121.96085357666016,"SANTA CRUZ",UNINCORPORATED,-121.96084594726562,36.98291015625
90800664,2018,2018-08-29,9720,2018-08-22,1420,018650,,3,2,9,4400,0,3,5,,2,200,"SOQUEL AVE","7TH AVE",150.00,E,N,A,-,N,,,,,,,,,,Y,3,0,3,3,A,-,09,21804,A,N,D,C,A,A,H,-,A,D,0,,,,,Y,,D,22,0,1,2,0,0,0,0,0,0,"- ","- ",36.985500335693359,-121.98919677734375,"SANTA CRUZ",UNINCORPORATED,-121.98935699462891,36.985496520996094
90804258,2018,2018-09-03,9720,2018-08-25,1335,022162,,6,1,9,4400,0,1,3,,1,017,"SR-17 S/B","PASATIEMPO DR",528.00,N,N,A,-,Y,,,17,,,,,,S,Y,4,0,1,2,A,-,03,22350,,N,C,C,A,A,H,-,A,D,0,,,,,Y,,A,01,0,0,1,0,0,0,0,0,0,"- ","- ",37.003700256347656,-122.02063751220703,"SANTA CRUZ",UNINCORPORATED,-122.02055358886719,37.003707885742188
90804305,2018,2018-09-03,9720,2018-08-28,0114,021877,,2,3,9,4400,0,2,4,,1,016,"GRAHAM HILL RD.","HENRY COWELL DR",1584.00,S,N,A,-,N,,,,,,,,,,Y,4,0,1,1,A,-,03,22350,,N,E,I,A,A,H,-,C,D,0,,,,,Y,Y,A,01,0,0,1,0,0,0,0,0,0,"- ","- ",37.005901336669922,-122.03401184082031,"SANTA CRUZ",UNINCORPORATED,-122.03369140625,37.005039215087891
90805306,2018,2018-12-13,9720,2018-08-26,1330,021840,,7,1,9,4400,0,3,5,,2,100,"FELTON EMPIRE RD",SR-9,10560.00,W,N,A,-,N,,,,,,,,,,Y,2,0,1,2,A,-,05,21460,A,N,B,C,A,A,H,-,A,D,0,,,Y,,Y,,C,02,1,0,0,0,0,0,0,0,1,"- ","- ",37.049259185791016,-122.08305358886719,"SANTA CRUZ",UNINCORPORATED,-122.09907531738281,37.056221008300781
90815013,2018,2018-09-17,9720,2018-09-05,1509,017568,,3,2,5,4402,0,2,S,,2,901,"OCEAN STREET",BROADWAY,7.00,N,N,A,-,N,,,,,,,,,,Y,2,0,2,2,B,-,22,,,N,D,D,A,A,H,-,A,A,0,,,,,Y,,A,07,1,1,0,0,0,0,0,0,0,"- ","- ",36.973400115966797,-122.01815795898438,"SANTA CRUZ","SANTA CRUZ",-122.01828765869141,36.973339080810547
90818539,2018,2018-09-21,9720,2018-09-19,1727,018650,,3,2,9,4400,0,1,3,,1,015,SR-9,"CALIFORNIA DR",10.00,N,N,A,-,Y,,,9,,,,,,,Y,4,0,1,2,A,-,03,22350,,N,C,C,A,A,H,-,A,D,0,,,,,Y,,D,22,0,0,1,0,0,0,0,0,0,"- ","- ",37.094978332519531,-122.09706115722656,"SANTA CRUZ",UNINCORPORATED,-122.09708404541016,37.094970703125
90820707,2018,2018-09-25,9720,2018-09-09,1441,021940,,7,2,9,4400,0,1,3,,1,014,"SR-9 N/B","KINGS CREEK RD",235.00,N,N,A,-,Y,,,9,,,,,,N,Y,2,0,2,2,A,-,09,21804,A,N,D,C,A,A,H,-,A,D,0,,,Y,,Y,,A,01,1,0,1,0,0,0,0,0,1,"- ","- ",37.152698516845703,-122.13410186767578,"SANTA CRUZ",UNINCORPORATED,-122.13412475585938,37.152721405029297
90821769,2018,2018-09-26,9720,2018-09-16,0625,021489,,7,1,9,4400,0,1,3,,2,030,"SR-1 S/B","SR-129 OFF RAMP",5.00,N,N,A,-,Y,,,1,,,,,,S,Y,2,0,1,2,A,-,03,22350,,N,C,C,A,A,H,-,B,D,0,,,,,Y,,A,07,1,0,0,0,0,0,0,0,0,"- ","- ",36.897998809814453,-121.77652740478516,"SANTA CRUZ",UNINCORPORATED,-121.77652740478516,36.898002624511719
90824326,2018,2018-09-28,9720,2018-09-24,0350,021540,,1,3,9,4400,0,3,5,,2,100,"EMPIRE GRADE RD","JAMISON CREEK RD",2640.00,S,N,A,-,N,,,,,,,,,,Y,4,0,1,1,A,-,08,22107,,N,E,J,A,A,H,-,D,D,0,,,,,Y,,D,22,0,0,1,0,0,0,0,0,0,"- ","- ",37.138828277587891,-121.17565155029297,"SANTA CRUZ",UNINCORPORATED,-122.17915344238281,37.139747619628906
90825679,2018,2018-10-01,9720,2018-09-22,1720,021940,,6,2,9,4400,0,2,4,,1,031,"FREEDOM BLVD","PETERY LN",350.00,E,N,A,-,N,,,,,,,,,,Y,4,0,1,2,A,-,03,22350,,N,C,C,A,A,H,-,A,D,0,,,Y,,Y,,A,08,0,0,1,0,0,0,0,0,1,"- ","- ",36.98699951171875,-121.84519958496094,"SANTA CRUZ",UNINCORPORATED,-121.84366607666016,36.987358093261719
90826547,2018,2018-10-02,9720,2018-09-24,1116,015170,,1,1,9,4400,0,1,3,,1,017,"SR-17 (S/B)","CRESCENT DR",1056.00,S,N,A,-,Y,,,,,,,,,,Y,4,0,1,2,A,-,03,22350,,N,C,C,A,A,H,-,A,A,0,,,,,Y,,A,01,0,0,1,0,0,0,0,0,0,"- ","- ",37.072669982910156,-121.99075317382812,"SANTA CRUZ",UNINCORPORATED,-121.99336242675781,37.069606781005859
90828925,2018,2018-10-04,9720,2018-09-29,1000,020391,,6,1,9,4400,0,2,4,,1,024,"EAST CLIFF DR","12TH AVE",91.00,W,N,A,-,N,,,,,,,,,,N,3,0,1,2,A,-,06,21750,A,N,D,C,A,A,H,-,A,D,0,,,Y,,Y,,C,02,0,1,0,0,0,0,0,0,1,"- ","- ",36.964370727539062,-121.99317169189453,"SANTA CRUZ",UNINCORPORATED,-121.99380493164062,36.964302062988281
90832160,2018,2018-10-09,9720,2018-10-03,1755,021940,,3,2,9,4400,0,3,5,,2,200,"SOQUEL AVE","ON RAMP TO SB SR-1",50.00,E,N,B,-,N,,,,,,,,,,N,4,0,1,2,A,-,03,22350,,N,C,C,A,B,H,-,A,A,0,,,,,Y,,A,01,0,0,1,0,0,0,0,0,0,"- ","- ",36.986499786376953,-121.98560333251953,"SANTA CRUZ",UNINCORPORATED,-121.98560000000001,36.986499999999999
90834271,2018,2018-10-11,9720,2018-10-06,1234,021248,,6,1,9,4400,0,3,5,,2,200,"HIGHLAND WAY","LAGUNA CREEK RD",2640.00,E,N,A,-,N,,,,,,,,,,Y,3,0,1,2,A,-,05,21650,,N,B,C,A,A,H,-,A,D,0,,,,,Y,,D,22,0,1,0,0,0,0,0,0,0,"- ","- ",37.098049163818359,-121.88255310058594,"SANTA CRUZ",UNINCORPORATED,-121.88255310058594,37.098049163818359
90850915,2018,2018-11-01,9720,2018-10-27,0759,021227,,6,1,9,4400,0,2,4,,1,024,"CAPITOLA RD","CHANTICLEER AVE",0.00,,Y,A,-,N,,,,,,,,,,Y,4,0,1,2,A,-,12,21453,A,N,D,C,A,A,H,-,A,A,0,,,,,Y,,A,01,0,0,1,0,0,0,0,0,0,"- ","- ",36.975540161132812,-121.98016357421875,"SANTA CRUZ",UNINCORPORATED,-121.98062133789062,36.975589752197266
90850944,2018,2018-12-04,9720,2018-10-29,1300,021215,,1,1,9,4400,0,2,4,,1,021,"SOQUEL DR","TROUT GULCH RD",308.00,N,N,A,-,N,,,,,,,,,,Y,4,0,1,2,A,-,03,22350,,N,D,C,A,A,H,-,A,D,0,,,Y,,Y,,C,02,0,0,1,0,0,0,0,0,1,"- ","- ",36.976860046386719,-121.90025329589844,"SANTA CRUZ",UNINCORPORATED,-121.90117645263672,36.977191925048828
90851088,2018,2019-05-13,9720,2018-05-22,0252,021860,,2,3,9,4400,0,1,3,,2,030,"SR-1 S/B","MAR MONTE AVE",1378.00,N,N,A,-,Y,,,1,,,,,,S,Y,1,1,1,1,A,-,08,22107,,N,F,I,A,A,H,-,D,D,0,,,,,Y,,A,07,0,0,1,0,0,0,0,0,0,"- ","- ",36.951778411865234,-121.85401153564453,"SANTA CRUZ",UNINCORPORATED,-121.85387420654297,36.951919555664062
90851527,2018,2018-11-02,9720,2018-10-27,0510,021159,,6,3,9,4400,0,1,3,,2,020,"SR-1 S/B","RIO DEL MAR BLVD",0.00,,N,A,-,Y,,,1,,,,,,S,Y,2,0,2,1,A,-,01,23152,A,N,F,I,A,A,H,-,D,D,0,,,,,Y,Y,A,01,1,1,0,0,0,0,0,0,0,"- ","- ",36.975788116455078,-121.90627288818359,"SANTA CRUZ",UNINCORPORATED,-121.90625762939453,36.975830078125
90852176,2018,2018-11-02,9720,2018-10-23,1218,021248,,2,1,9,4400,0,2,4,,1,031,"FREEDOM BLVD","HIDDEN OAKS LN",25.00,E,N,A,-,N,,,,,,,,,,Y,4,0,1,1,A,-,08,22107,,N,E,I,A,A,H,-,A,D,0,,,,,Y,,D,22,0,0,1,0,0,0,0,0,0,"- ","- ",36.983760833740234,-121.86345672607422,"SANTA CRUZ",UNINCORPORATED,-121.8634033203125,36.983753204345703
90859836,2018,2018-11-14,9720,2018-11-08,2330,020413,,4,3,9,4400,0,3,5,,2,300,"EUREKA CANYON RD","TINDALL RANCH RD",1056.00,N,N,A,-,N,,,,,,,,,,Y,3,0,1,1,A,-,08,22107,,N,E,I,A,A,H,-,D,D,0,,,,,Y,,A,07,0,1,0,0,0,0,0,0,0,"- ","- ",37.045619964599609,-121.80416870117188,"SANTA CRUZ",UNINCORPORATED,-121.81163024902344,37.045253753662109
90862028,2018,2018-11-16,9720,2018-11-12,1939,021358,,1,2,9,4400,0,1,3,,2,030,"SR-1 S/B","BUENA VISTA DR",500.00,N,N,A,-,Y,,,1,,,,,,S,Y,4,0,3,4,A,-,03,22350,,N,C,C,A,A,H,-,D,D,0,,,,,Y,,A,07,0,0,3,0,0,0,0,0,0,"- ","- ",36.931709289550781,-121.81172943115234,"SANTA CRUZ",UNINCORPORATED,-121.81172943115234,36.931709289550781
90862540,2018,2018-11-19,9720,2018-11-10,0110,021717,,6,3,9,4400,0,3,5,,2,100,"EMPIRE GRADE RD","HELLER DR",1584.00,N,N,A,-,N,,,,,,,,,,Y,3,0,1,1,A,-,01,23152,A,N,E,I,A,A,H,-,D,D,0,,,Y,,Y,Y,C,02,0,1,0,0,0,0,0,0,1,"- ","- ",36.992759704589844,-122.06983184814453,"SANTA CRUZ",UNINCORPORATED,-122.06980895996094,36.992073059082031
90867092,2018,2018-11-26,9720,2018-11-16,1740,021714,,5,2,9,4400,0,1,3,,2,020,"SR-1 S/B","STATE PARD DR",528.00,N,N,A,-,Y,,,1,,,,,,S,Y,4,0,1,3,A,-,03,22350,,M,C,C,A,A,H,-,D,D,0,,,,,Y,,-,99,0,0,1,0,0,0,0,0,0,"- ","- ",36.980098724365234,-121.91465759277344,"SANTA CRUZ",UNINCORPORATED,-121.91464996337891,36.980121612548828
90869019,2018,2018-11-28,9720,2018-11-22,1641,021358,,4,2,9,4400,0,1,3,,1,017,"SR-17 N/B","MOUNT HERMON RD",1750.00,N,N,B,-,Y,,,,,,,,,,Y,2,0,2,2,A,-,01,23152,A,N,B,C,A,A,H,-,B,D,0,,,,,Y,Y,A,07,1,1,0,0,0,0,0,0,0,"- ","- ",37.039291381835938,-122.01727294921875,"SANTA CRUZ",UNINCORPORATED,-122.01921081542969,37.036708831787109
90869065,2018,2018-11-28,9720,2018-11-22,1817,021860,,4,2,5,4402,0,3,5,,2,300,"LARKIN VALLEY RD","RED FOX RIDGE",40.00,N,N,A,-,N,,,,,,,,,,Y,2,0,1,1,A,-,08,22107,,N,E,I,A,A,H,-,D,D,0,,,,,Y,,A,01,1,0,0,0,0,0,0,0,0,"- ","- ",36.941200256347656,-121.81079864501953,"SANTA CRUZ","SANTA CRUZ",-121.81077575683594,36.941219329833984
90874386,2018,2018-12-04,9720,2018-11-13,1820,020640,,2,2,9,4400,0,1,3,,2,020,"SR-1 S/B","PARK AVE",20.00,S,N,A,-,Y,,,1,,,,,,S,N,2,0,1,2,A,-,03,22350,,N,C,C,A,A,H,-,D,A,0,,,,,Y,,A,01,1,0,0,0,0,0,0,0,0,"- ","- ",36.983798980712891,-121.9364013671875,"SANTA CRUZ",UNINCORPORATED,-121.9364013671875,36.983909606933594
90875009,2018,2018-12-04,9720,2018-11-24,1310,017642,,6,1,9,4400,0,3,5,,2,200,"SPRECKLES DR","SEACLIFF DR",250.00,N,N,B,-,N,,,,,,,,,,N,4,0,1,3,A,-,03,22350,,M,E,I,E,B,H,-,A,A,0,Y,,,,Y,,D,22,0,0,1,0,1,0,0,0,0,"- ","- ",36.975330352783203,-121.90242767333984,"SANTA CRUZ",UNINCORPORATED,-121.90249633789062,36.975139617919922
90875083,2018,2018-12-04,9720,2018-11-23,0810,021248,,5,1,9,4400,0,1,3,,1,017,"SR-17 N/B","LAUREL RD",175.00,N,N,C,-,Y,,,17,,,,,,N,Y,4,0,2,2,A,-,03,22350,,N,C,C,A,B,H,-,A,D,0,,,,,Y,,A,07,0,0,2,0,0,0,0,0,0,"- ","- ",37.105159759521484,-121.97480773925781,"SANTA CRUZ",UNINCORPORATED,-121.97478485107422,37.105159759521484
90875816,2018,2018-12-05,9720,2018-11-23,2025,021988,,5,2,9,4400,0,1,3,,1,017,"SR-17 S/B","LA MADRONA DR",369.00,N,N,B,C,Y,,,17,,,,,,S,Y,3,0,1,1,A,-,01,23152,A,N,E,I,A,B,H,-,D,D,0,,,,,Y,Y,A,07,0,1,0,0,0,0,0,0,0,"- ","- ",37.020469665527344,-122.02745056152344,"SANTA CRUZ",UNINCORPORATED,-122.02727508544922,37.0203857421875
90876706,2018,2018-12-06,9720,2018-11-23,1310,021211,,5,1,9,4400,0,3,5,,2,300,"LAKEVIEW RD",SR-129,2376.00,N,N,B,C,N,,,,,,,,,,Y,4,0,1,1,A,-,03,22350,,N,E,I,A,B,H,-,A,D,0,,,,,Y,,A,01,0,0,1,0,0,0,0,0,0,"- ","- ",36.923198699951172,-121.73239898681641,"SANTA CRUZ",UNINCORPORATED,-121.73239898681641,36.923198699951172
90882607,2018,2018-12-13,9720,2018-12-08,0845,021211,,6,1,9,4400,0,1,3,,2,020,"SR-1 N/B","RIO DEL MAR BLVD",3168.00,N,N,A,-,Y,,,1,,,,,,N,N,3,0,2,2,A,-,03,22350,,N,C,C,A,A,H,-,A,D,0,,,,,Y,,A,01,0,1,1,0,0,0,0,0,0,"- ","- ",36.974899291992188,-121.89790344238281,"SANTA CRUZ",UNINCORPORATED,-121.89790344238281,36.974983215332031
90882685,2018,2019-03-07,9720,2018-12-10,1500,020836,,1,2,9,4400,0,1,3,,2,030,"FREEDOM BLVD","MARINER WAY",100.00,E,N,A,-,N,,,,,,,,,,Y,3,0,1,4,A,-,03,22350,,N,C,C,A,A,H,-,A,D,0,,,,,Y,,A,01,0,1,0,0,0,0,0,0,0,"- ","- ",36.975299835205078,-121.86969757080078,"SANTA CRUZ",UNINCORPORATED,-121.86954498291016,36.975643157958984
90883934,2018,2018-12-17,9720,2018-12-09,1245,015170,,7,1,9,4400,0,3,5,,2,100,"ICE CREAM GRADE RD","FELTON EMPIRE RD",0.00,,Y,A,-,N,,,,,,,,,,Y,3,0,2,2,A,-,09,21802,,N,D,C,A,A,H,-,A,A,0,,,,,Y,,A,01,0,2,0,0,0,0,0,0,0,"- ","- ",37.983211517333984,-121.43991851806641,"SANTA CRUZ",UNINCORPORATED,-122.12312316894531,37.057949066162109