CASE_ID,ACCIDENT_YEAR,PROC_DATE,JURIS,COLLISION_DATE,COLLISION_TIME,OFFICER_ID,REPORTING_DISTRICT,DAY_OF_WEEK,CHP_SHIFT,POPULATION,CNTY_CITY_LOC,SPECIAL_COND,BEAT_TYPE,CHP_BEAT_TYPE,CITY_DIVISION_LAPD,CHP_BEAT_CLASS,BEAT_NUMBER,PRIMARY_RD,SECONDARY_RD,DISTANCE,DIRECTION,INTERSECTION,WEATHER_1,WEATHER_2,STATE_HWY_IND,CALTRANS_COUNTY,CALTRANS_DISTRICT,STATE_ROUTE,ROUTE_SUFFIX,POSTMILE_PREFIX,POSTMILE,LOCATION_TYPE,RAMP_INTERSECTION,SIDE_OF_HWY,TOW_AWAY,COLLISION_SEVERITY,NUMBER_KILLED,NUMBER_INJURED,PARTY_COUNT,PRIMARY_COLL_FACTOR,PCF_CODE_OF_VIOL,PCF_VIOL_CATEGORY,PCF_VIOLATION,PCF_VIOL_SUBSECTION,HIT_AND_RUN,TYPE_OF_COLLISION,MVIW,PED_ACTION,ROAD_SURFACE,ROAD_COND_1,ROAD_COND_2,LIGHTING,CONTROL_DEVICE,CHP_ROAD_TYPE,PEDESTRIAN_ACCIDENT,BICYCLE_ACCIDENT,MOTORCYCLE_ACCIDENT,TRUCK_ACCIDENT,NOT_PRIVATE_PROPERTY,ALCOHOL_INVOLVED,STWD_VEHTYPE_AT_FAULT,CHP_VEHTYPE_AT_FAULT,COUNT_SEVERE_INJ,COUNT_VISIBLE_INJ,COUNT_COMPLAINT_PAIN,COUNT_PED_KILLED,COUNT_PED_INJURED,COUNT_BICYCLIST_KILLED,COUNT_BICYCLIST_INJURED,COUNT_MC_KILLED,COUNT_MC_INJURED,PRIMARY_RAMP,SECONDARY_RAMP,LATITUDE,LONGITUDE,COUNTY,CITY,POINT_X,POINT_Y
91024162,2019,2019-07-03,9720,2019-05-21,1038,021159,,2,1,5,4402,0,1,3,,2,030,SR-152,"CASSERLY RD",0.00,,Y,C,-,Y,,,,,,,,,,Y,2,0,3,2,A,-,12,22450,A,N,A,C,A,B,H,-,A,A,0,,,,,Y,,A,01,1,2,0,0,0,0,0,0,0,"- ","- ",36.955951690673828,-121.72740936279297,"SANTA CRUZ","SANTA CRUZ",,
91026351,2019,2019-07-08,9720,2019-06-30,1627,019848,,7,2,9,4400,0,1,3,,2,020,"SR-1 N/B","PARK AVE",250.00,N,N,A,-,Y,,,1,,,,,,N,N,3,0,1,2,A,-,03,22350,,N,C,C,A,A,H,-,A,D,0,,,,,Y,,D,22,0,1,0,0,0,0,0,0,0,"- ","- ",36.984001159667969,-121.93299865722656,"SANTA CRUZ",UNINCORPORATED,-121.93299865722656,36.984031677246094
91029504,2019,2019-07-12,9720,2019-07-05,0748,021227,,5,1,9,4400,0,1,3,,1,035,SR-129,"LAKEVIEW ROAD",0.00,,Y,A,-,Y,,,129,,,,,,,Y,2,0,1,2,A,-,12,22450,A,N,D,C,A,A,H,-,A,A,0,,,,Y,Y,,A,07,1,0,0,0,0,0,0,0,0,"- ","- ",36.916839599609375,-121.73165130615234,"SANTA CRUZ",UNINCORPORATED,-121.73165130615234,36.916843414306641
91030590,2019,2019-07-15,9720,2019-07-04,1645,022171,,4,2,9,4400,0,1,3,,1,015,SR-9,"GLENGARRY RD",40.00,S,N,A,-,Y,,,,,,,,,,N,3,0,1,1,A,-,03,22350,,N,F,I,A,A,H,-,A,D,0,,,Y,,Y,,C,02,0,1,0,0,0,0,0,0,1,"- ","- ",36.031688690185547,-122.0653076171875,"SANTA CRUZ",UNINCORPORATED,-122.06520080566406,37.0316162109375
91030880,2019,2019-07-15,9720,2019-07-08,1423,022293,,1,2,9,4400,0,1,3,,1,017,"S/B SR-17","GRANITE CREEK O/C",150.00,N,N,A,-,Y,,,,,,,,,,Y,4,0,1,1,C,-,18,,,N,E,I,A,A,H,-,A,D,0,,,,,Y,,-,"- ",0,0,1,0,0,0,0,0,0,"- ","- ",37.0614013671875,-122.00469970703125,"SANTA CRUZ",UNINCORPORATED,,
91033082,2019,2019-07-18,9720,2019-07-08,1901,022329,,1,2,9,4400,0,1,3,,2,020,"SR-1 (N/B) TO SR-17 (N/B)","SR-17 N/B",300.00,S,N,A,-,Y,,,1,,,,R,,,Y,2,0,1,2,A,-,08,22107,,F,B,C,A,A,H,-,A,D,0,,,Y,,Y,,-,99,1,0,0,0,0,0,0,0,1,"- ","- ",36.989601135253906,-122.02020263671875,"SANTA CRUZ",UNINCORPORATED,-122.02020263671875,36.989601135253906
91040037,2019,2019-07-29,9720,2019-07-10,1715,022290,,3,2,9,4400,0,1,3,,2,020,"SR-1 S/B","STATE PARD DR",1584.00,N,N,A,-,Y,,,1,,,,,,S,N,4,0,2,2,A,-,03,22350,,N,C,C,A,A,H,-,A,D,0,,,,,Y,,A,01,0,0,2,0,0,0,0,0,0,"- ","- ",36.979801177978516,-121.91403961181641,"SANTA CRUZ",UNINCORPORATED,-121.91403961181641,36.979801177978516
91041279,2019,2019-07-30,9720,2019-07-22,2045,022290,,1,2,9,4400,0,1,3,,2,020,"SR-1 N/B","MORRISSEY AVE",1056.00,S,N,B,-,Y,,,,,,,,,,Y,4,0,2,2,A,-,03,22350,,N,C,C,A,A,D,-,D,A,0,,,,Y,Y,,A,01,0,0,2,0,0,0,0,0,0,"- ","- ",36.988330841064453,-121.99967193603516,"SANTA CRUZ",UNINCORPORATED,-122.00324249267578,36.988380432128906
91042953,2019,2019-07-31,9720,2019-07-22,1845,021548,,1,2,9,4400,0,3,5,,2,100,"BEAR CREEK RD","BEAR MIN RD",40.00,E,N,A,-,N,,,,,,,,,,Y,4,0,1,3,A,-,05,21460,A,F,B,C,A,A,H,-,A,D,0,,,,Y,Y,,A,01,0,0,1,0,0,0,0,0,0,"- ","- ",37.166740417480469,-122.02642822265625,"SANTA CRUZ",UNINCORPORATED,-122.02621459960938,37.166831970214844
91051274,2019,2019-08-13,9720,2019-08-07,2040,021806,,3,2,9,4400,0,1,3,,1,012,SR-236,"JAMISON CREEK RD",2112.00,N,N,A,-,Y,,,236,,,,,,,N,3,0,1,1,C,-,18,,,N,E,H,A,A,H,-,D,D,0,,,Y,,Y,,-,"- ",0,1,0,0,0,0,0,0,1,"- ","- ",37.151100158691406,-122.15969848632812,"SANTA CRUZ",UNINCORPORATED,-122.15972900390625,37.151081085205078
91053065,2019,2019-08-15,9720,2019-08-09,0943,022162,,5,1,5,4402,0,1,3,,1,017,"NB SR17","SUGARLOAF RD",1320.00,S,N,A,-,Y,,,,,,,,,,N,4,0,1,2,A,-,03,22350,,N,C,C,A,A,H,-,A,D,0,,,,,Y,,A,01,0,0,1,0,0,0,0,0,0,"- ","- ",37.094661712646484,-121.97709655761719,"SANTA CRUZ","SANTA CRUZ",,
91055442,2019,2019-08-20,9720,2019-08-13,1225,018171,,2,1,9,4400,0,2,4,,1,021,"SOQUEL DR","PARK AVE",20.00,N,N,A,-,N,,,,,,,,,,N,4,0,1,2,A,-,01,23152,A,M,C,C,A,A,H,-,A,D,0,,,,,Y,,A,07,0,0,1,0,0,0,0,0,0,"- ","- ",36.988979339599609,-121.9359130859375,"SANTA CRUZ",UNINCORPORATED,-121.93569183349609,36.9891357421875
91056211,2019,2019-08-21,9720,2019-08-18,1055,021717,,7,1,9,4400,0,1,3,,1,015,SR-9,"EXIT RD",1584.00,N,N,B,C,Y,,,9,,,,,,,N,3,0,1,1,B,-,22,,,N,E,I,A,B,H,-,A,D,0,,Y,,,Y,,L,04,0,1,0,0,0,0,1,0,0,"- ","- ",37.007999420166016,-122.04814910888672,"SANTA CRUZ",UNINCORPORATED,-122.04810333251953,37.008125305175781
91061484,2019,2019-08-28,9720,2019-08-24,0920,021248,,6,1,9,4400,0,2,4,,1,021,"SOQUEL DR","N RODEO GULCH RD",0.00,,Y,A,-,N,,,,,,,,,,Y,4,0,1,2,A,-,12,21453,A,N,D,C,A,A,H,-,A,A,0,,,,,Y,,A,07,0,0,1,0,0,0,0,0,0,"- ","- ",36.98760986328125,-121.96955871582031,"SANTA CRUZ",UNINCORPORATED,-121.96955871582031,36.98760986328125
91062691,2019,2019-08-29,9720,2019-08-21,1820,021988,,3,2,9,4400,0,2,4,,1,032,"GREEN VALLEY RD","SANS RD",3168.00,N,N,A,-,N,,,,,,,,,,Y,3,0,1,2,A,-,05,21460,A,N,B,C,A,A,H,-,A,D,0,,,,,Y,,A,07,0,1,0,0,0,0,0,0,0,"- ","- ",36.999160766601562,-121.77401733398438,"SANTA CRUZ",UNINCORPORATED,-121.77397918701172,36.998886108398438
91071762,2019,2019-09-10,9720,2019-08-29,1700,021877,,4,2,9,4400,0,3,5,,2,200,"SOQUEL AVE","GROSS RD",528.00,N,N,A,-,N,,,,,,,,,,N,4,0,1,2,A,-,03,22350,,N,C,A,A,A,H,-,A,D,0,,,,,Y,,A,08,0,0,1,0,0,0,0,0,0,"- ","- ",36.981620788574219,-121.96605682373047,"SANTA CRUZ",UNINCORPORATED,-121.96678924560547,36.982326507568359
91072206,2019,2019-09-11,9720,2019-08-05,2134,021918,,1,2,9,4400,0,1,3,,2,030,"SR-1 S/B","MAR MONTE AVE",5280.00,S,N,A,-,Y,,,,,,,,,,Y,1,1,0,2,A,-,11,21956,,N,G,B,E,A,H,-,D,D,0,Y,,,,Y,,N,60,0,0,0,1,0,0,0,0,0,"- ","- ",36.431888580322266,-121.42469024658203,"SANTA CRUZ",UNINCORPORATED,,
91073951,2019,2019-09-13,9720,2019-09-03,0705,021227,,2,1,9,4400,0,1,3,,2,020,"SR-1 S/B","PORTER ST",1000.00,S,N,A,-,Y,,,1,,,,,,S,Y,4,0,1,2,A,-,03,22350,,N,C,C,A,A,H,-,A,A,0,,,,,Y,,I,11,0,0,1,0,0,0,0,0,0,"- ","- ",36.983638763427734,-121.95294189453125,"SANTA CRUZ",UNINCORPORATED,-121.95293426513672,36.983573913574219
91074817,2019,2019-09-16,9720,2019-09-02,0925,022349,,1,1,9,4400,0,1,3,,1,014,SR-9,"UPPER SR-236",475.00,N,N,A,-,Y,,,9,,,,,,,Y,3,0,1,2,A,-,17,21662,A,N,F,A,A,A,D,-,A,D,0,,,Y,,Y,,D,22,0,1,0,0,0,0,0,0,1,"- ","- ",37.224880218505859,-122.14862823486328,"SANTA CRUZ",UNINCORPORATED,-122.14866638183594,37.224830627441406
91079366,2019,2019-10-07,9720,2019-09-11,0924,017568,,3,1,5,4402,0,1,3,,2,020,"SR-1 S/B","MORRISSEY BLVD",300.00,S,N,A,-,Y,,,,,,,,,,N,4,0,1,1,A,-,03,22350,,N,E,J,A,A,H,-,A,D,0,,,,,Y,,A,01,0,0,1,0,0,0,0,0,0,"- ","- ",36.98651123046875,-121.98576354980469,"SANTA CRUZ","SANTA CRUZ",-122.00337982177734,36.988208770751953
91079406,2019,2019-09-20,9720,2019-09-11,1733,019956,,3,2,9,4400,0,1,3,,2,020,"SR-1 S/B","STATE PARD DR",528.00,S,N,A,-,Y,,,1,,,,,,S,N,4,0,1,2,A,-,01,23152,A,N,C,C,A,A,H,-,A,D,0,,,,,Y,Y,D,22,0,0,1,0,0,0,0,0,0,"- ","- ",36.976459503173828,-121.90746307373047,"SANTA CRUZ",UNINCORPORATED,-121.90750122070312,36.97637939453125
91083401,2019,2019-09-26,9720,2019-09-16,1005,021211,,1,1,9,4400,0,3,5,,2,100,"FELTON EMPIRE RD","KRAZY ACRE LN.",4224.00,W,N,B,-,N,,,,,,,,,,Y,3,0,1,1,A,-,03,22350,,N,F,A,A,B,H,-,A,D,0,,,,,Y,,A,01,0,1,0,0,0,0,0,0,0,"- ","- ",37.056198120117188,-122.10209655761719,"SANTA CRUZ",UNINCORPORATED,-122.08510589599609,37.049613952636719
91083717,2019,2019-09-26,9720,2019-08-30,0107,022329,,5,3,9,4400,0,3,5,,2,200,"N RODEO GULCH ROAD","N RODEO GULCH COURT",100.00,N,N,A,-,N,,,,,,,,,,N,3,0,2,1,A,-,08,22107,,N,E,I,A,A,H,-,D,D,0,,,,,Y,Y,A,01,0,2,0,0,0,0,0,0,0,"- ","- ",37.001499176025391,-121.96980285644531,"SANTA CRUZ",UNINCORPORATED,-121.97022247314453,37.000114440917969
91083727,2019,2019-09-26,9720,2019-09-03,0000,021940,,2,3,9,4400,0,3,5,,2,100,"WEST DR","VERA AVE",50.00,E,N,A,-,N,,,,,,,,,,Y,3,0,1,1,A,-,08,22107,,N,E,J,A,A,H,-,D,D,0,,,,,Y,,A,01,0,1,0,0,0,0,0,0,0,"- ","- ",37.101539611816406,-122.05780792236328,"SANTA CRUZ",UNINCORPORATED,-122.05432891845703,37.104778289794922
91085658,2019,2019-09-27,9720,2019-09-07,1251,022329,,6,1,9,4400,0,2,4,,1,021,"SOQUEL DR","DAUBENBISS AVE",0.00,,Y,A,-,N,,,,,,,,,,N,3,0,1,2,A,-,08,22107,,N,D,G,A,A,H,-,A,A,0,,Y,,,Y,,A,07,0,1,0,0,0,0,1,0,0,"- ","- ",36.987701416015625,-121.95829772949219,"SANTA CRUZ",UNINCORPORATED,-121.95829010009766,36.987831115722656
91091328,2019,2019-10-07,9720,2019-09-25,2045,021248,,3,2,9,4400,0,1,3,,1,017,"SR-17 N/B","OLD SANTA CRUZ HWY",500.00,S,N,A,-,Y,,,17,,,,,,N,N,3,0,1,2,A,-,07,21658,A,F,E,I,A,A,H,-,D,D,0,,,Y,,Y,,-,99,0,1,0,0,0,0,0,0,1,"- ","- ",37.126800537109375,-121.97457122802734,"SANTA CRUZ",UNINCORPORATED,-121.97457122802734,37.126792907714844
91093375,2019,2019-10-09,9720,2019-10-02,1606,021714,,3,2,9,4400,0,2,4,,1,023,"17TH AVE.","SILVANA LN",5.00,N,N,A,-,N,,,,,,,,,,Y,4,0,3,3,A,-,03,22350,,N,C,C,A,A,H,-,A,D,0,,,,,Y,,A,01,0,0,3,0,0,0,0,0,0,"- ","- ",36.972911834716797,-121.98399353027344,"SANTA CRUZ",UNINCORPORATED,-121.98397827148438,36.972763061523438
91095512,2019,2019-10-11,9720,2019-10-06,1320,021227,,7,1,9,4400,0,2,4,,1,021,"SOQUEL SAN JOSE RD","MERLIN WAY",20.00,S,N,A,-,N,,,,,,,,,,Y,4,0,1,3,A,-,03,22350,,N,C,C,A,A,H,-,A,D,0,,,,,Y,,A,01,0,0,1,0,0,0,0,0,0,"- ","- ",36.999809265136719,-121.95600128173828,"SANTA CRUZ",UNINCORPORATED,-121.95590972900391,36.999965667724609
91098285,2019,2019-10-16,9720,2019-10-04,0802,021477,,5,1,9,4400,0,3,5,,2,300,"HOLOHAN RD",SR-152,1056.00,N,N,A,-,N,,,,,,,,,,Y,3,0,1,2,A,-,03,22350,,N,C,C,A,A,H,-,A,D,0,,,,,Y,,A,01,0,1,0,0,0,0,0,0,0,"- ","- ",36.937728881835938,-121.75083160400391,"SANTA CRUZ",UNINCORPORATED,-121.74681091308594,36.936801910400391
91103835,2019,2019-10-23,9720,2019-10-21,0801,014931,,1,1,9,4400,0,2,4,,1,031,"FREEDOM BLVD","BONITA DR",255.00,E,N,A,-,N,,,,,,,,,,N,4,0,1,2,A,-,03,22350,,N,C,C,A,A,H,-,A,A,0,,,,,Y,,A,01,0,0,1,0,0,0,0,0,0,"- ","- ",36.969570159912109,-121.87454223632812,"SANTA CRUZ",UNINCORPORATED,-121.87383270263672,36.969985961914062
91104422,2019,2019-10-23,9720,2019-10-21,1738,022399,,1,2,9,4400,0,1,3,,2,020,"SR-1 S/B","PARK AVE",400.00,N,N,A,-,Y,,,1,,,,,,S,N,4,0,1,2,D,-,00,,,N,C,C,A,A,H,-,A,D,0,,,,,Y,,-,"- ",0,0,1,0,0,0,0,0,0,"- ","- ",36.983898162841797,-121.94190216064453,"SANTA CRUZ",UNINCORPORATED,-121.94190216064453,36.983928680419922
91107061,2019,2019-10-25,9720,2019-10-23,1150,018171,,3,1,9,4400,0,2,4,,1,021,"SOQUEL DRIVE","CHANTICLEER AVE",0.00,,Y,A,-,N,,,,,,,,,,Y,4,0,1,2,A,-,09,21802,A,N,D,C,A,A,H,-,A,D,0,,,,,Y,,A,01,0,0,1,0,0,0,0,0,0,"- ","- ",36.988468170166016,-121.97801971435547,"SANTA CRUZ",UNINCORPORATED,-121.97794342041016,36.988510131835938
91108941,2019,2019-10-29,9720,2019-10-22,1628,022399,,2,2,9,4400,0,2,4,,1,024,"CAPITOLA RD","CHANTICLEER AVE",300.00,E,N,A,-,N,,,,,,,,,,N,4,0,1,3,A,-,03,22350,,M,C,C,A,A,H,-,A,D,0,,,,,Y,,-,99,0,0,1,0,0,0,0,0,0,"- ","- ",36.975601196289062,-121.9801025390625,"SANTA CRUZ",UNINCORPORATED,-121.97959899902344,36.975509643554688
91111704,2019,2019-11-01,9720,2019-10-25,1515,021714,,5,2,9,4400,0,1,3,,1,017,"SR-17 N/B","GLENWOOD CUTOFF",30.00,S,N,A,-,Y,,,17,,,,,,N,Y,4,0,2,3,A,-,03,22350,,N,C,C,A,A,H,-,A,D,0,,,,,Y,,A,07,0,0,2,0,0,0,0,0,0,"- ","- ",37.099979400634766,-121.97660827636719,"SANTA CRUZ",UNINCORPORATED,-121.97660827636719,37.099983215332031
91115512,2019,2019-11-07,9720,2019-10-28,0840,021477,,1,1,9,4400,0,3,5,,2,100,"FELTON EMPIRE RD","FETHERSTON WAY",528.00,W,N,A,-,N,,,,,,,,,,Y,3,0,1,1,A,-,08,22107,,N,F,I,A,A,H,-,A,D,0,,,,,Y,,A,07,0,1,0,0,0,0,0,0,0,"- ","- ",37.049549102783203,-122.08576965332031,"SANTA CRUZ",UNINCORPORATED,-122.08556365966797,37.049652099609375
91118114,2019,2019-11-12,9720,2019-11-01,2300,021840,,5,3,9,4400,0,1,3,,2,020,"SR-1 S/B","SOQUEL DR",100.00,N,N,A,-,Y,,,1,,,,,,S,Y,4,0,1,1,A,-,03,22350,,N,E,H,A,A,H,-,D,D,0,,,,,Y,,A,01,0,0,1,0,0,0,0,0,0,"- ","- ",36.987178802490234,-121.98699951171875,"SANTA CRUZ",UNINCORPORATED,-121.98699188232422,36.987205505371094
91119728,2019,2019-11-13,9720,2019-11-01,1215,022400,,5,1,9,4400,0,1,3,,2,030,"SB SR-1","AIRPORT BLVD OC",1056.00,S,N,A,-,Y,,,,,,,,,,Y,4,0,1,3,A,-,08,22107,,N,C,C,A,A,H,-,A,D,0,,,,,Y,,A,01,0,0,1,0,0,0,0,0,0,"- ","- ",36.552200317382812,-121.4739990234375,"SANTA CRUZ",UNINCORPORATED,,
91123262,2019,2019-11-19,9720,2019-11-09,1529,022399,,6,2,9,4400,0,1,3,,1,017,"SR-17 S/B","VINE HILL RD",4.00,N,N,A,-,Y,,,17,,,,,,S,Y,4,0,1,3,A,-,03,22350,,N,C,C,A,A,H,-,A,D,0,,,,,Y,,A,07,0,0,1,0,0,0,0,0,0,"- ","- ",37.0791015625,-121.97930145263672,"SANTA CRUZ",UNINCORPORATED,-121.97929382324219,37.079097747802734
91123359,2019,2019-11-19,9720,2019-11-07,1123,015170,,4,1,9,4400,0,1,3,,1,017,"SR-17 (N/B)","GLENWOOD DR",75.00,N,N,A,-,Y,,,,,,,,,,Y,4,0,2,3,A,-,03,22350,,N,C,C,A,A,H,-,A,D,0,,,,,Y,,D,22,0,0,2,0,0,0,0,0,0,"- ","- ",37.879920959472656,-121.23310089111328,"SANTA CRUZ",UNINCORPORATED,-121.97602844238281,37.120166778564453
91125336,2019,2019-11-21,9720,2019-11-16,1325,021840,,6,1,9,4400,0,1,3,,1,017,"SR-17 S/B","SUGARLOAF RD",40.00,N,N,A,-,Y,,,17,,,,,,S,Y,3,0,1,2,A,-,07,21658,A,N,B,C,A,A,H,-,A,D,0,,,,,Y,,A,01,0,1,0,0,0,0,0,0,0,"- ","- ",37.094509124755859,-121.9774169921875,"SANTA CRUZ",UNINCORPORATED,-121.97734832763672,37.094451904296875
91125841,2019,2019-11-21,9720,2019-11-16,0942,021988,,6,1,9,4400,0,1,3,,1,012,"STATE ROUTE 236","E. HILTON DR",96.00,N,N,A,-,Y,,,236,,,,,,,Y,3,0,1,1,A,-,03,22350,,N,F,A,A,A,H,-,A,D,0,,,Y,,Y,,C,02,0,1,0,0,0,0,0,0,1,"- ","- ",37.153789520263672,-122.16159820556641,"SANTA CRUZ",UNINCORPORATED,-122.1614990234375,37.153839111328125
91128782,2019,2019-11-25,9720,2019-11-15,0657,022400,,5,1,9,4400,0,3,5,,2,300,"WEST BEACH ST.","SAN ANDREAS RD",3168.00,W,N,A,-,N,,,,,,,,,,Y,4,0,1,2,A,-,03,22350,,N,A,E,A,A,H,-,A,D,0,,,,,Y,,A,01,0,0,1,0,0,0,0,0,0,"- ","- ",36.523601531982422,-121.48210144042969,"SANTA CRUZ",UNINCORPORATED,-121.80541229248047,36.877071380615234
91133877,2019,2020-01-21,9720,2019-09-14,2322,021840,,6,3,9,4400,0,3,5,,2,100,"FELTON EMPIRE RD","FEATHERSTON WAY",500.00,W,N,A,-,Y,,,,,,,,,,Y,1,1,1,1,A,-,08,22107,,N,E,I,A,A,H,-,D,D,0,,,,,Y,,D,22,1,0,0,0,0,0,0,0,0,"- ","- ",37.049129486083984,-122.08394622802734,"SANTA CRUZ",UNINCORPORATED,-122.08547210693359,37.049671173095703
91140465,2019,2019-12-10,9720,2019-12-02,1338,015170,,1,1,9,4400,0,1,3,,1,017,SR-17,"LAMADRONA DR",1056.00,S,N,B,C,Y,,,17,,,,,,,Y,4,0,1,1,A,-,08,22107,,N,F,I,A,B,H,-,A,D,0,,,,,Y,,D,22,0,0,1,0,0,0,0,0,0,"- ","- ",37.016590118408203,-122.02712249755859,"SANTA CRUZ",UNINCORPORATED,-122.02694702148438,37.016742706298828
91141473,2019,2019-12-11,9720,2019-12-04,1250,018171,,3,1,9,4400,0,1,3,,2,030,"SR-1 N/B FREEDOM BLVD OFFRAMP","FREEDOM BLVD",100.00,S,N,C,-,Y,,,1,,,,,,N,N,4,0,1,2,A,-,03,22350,,N,C,C,A,B,H,-,A,D,0,,,,,Y,,A,01,0,0,1,0,0,0,0,0,0,"- ","- ",36.970481872558594,-121.87242126464844,"SANTA CRUZ",UNINCORPORATED,-121.87261199951172,36.970169067382812
91141840,2019,2019-12-12,9720,2019-12-04,1835,020012,,3,2,9,4400,0,1,3,,2,030,"SR-1 S/B","MAR MONTE AVE",1584.00,S,N,B,-,Y,,,1,,,,,,S,Y,4,0,1,2,A,-,03,22350,,N,C,C,A,B,H,-,D,D,0,,,,,Y,,A,01,0,0,1,0,0,0,0,0,0,"- ","- ",36.94580078125,-121.84635162353516,"SANTA CRUZ",UNINCORPORATED,-121.84635925292969,36.945789337158203
91157096,2019,2020-01-01,9720,2019-12-22,2253,022125,,7,3,9,4400,0,1,3,,1,017,"SR-17 N/B","EL RANCHO DR",100.00,S,N,A,-,Y,,,17,,,,,,N,Y,4,0,1,1,A,-,03,22350,,N,E,I,A,A,H,-,C,D,0,,,,,Y,,A,01,0,0,1,0,0,0,0,0,0,"- ","- ",37.018829345703125,-122.02778625488281,"SANTA CRUZ",UNINCORPORATED,-122.02780151367188,37.018833160400391
91169568,2020,2020-01-21,9720,2020-01-14,1304,019848,,2,1,9,4400,0,2,4,,1,024,"CAPITOLA RD","EL DORADO AVE",0.00,,Y,A,-,N,,,,,,,,,,Y,2,0,1,2,A,-,09,21802,A,N,D,C,A,A,H,-,A,D,0,,,Y,,Y,,A,08,1,0,0,0,0,0,0,0,1,"- ","- ",36.977199554443359,-121.98770141601562,"SANTA CRUZ",UNINCORPORATED,-121.98764801025391,36.977210998535156
91178648,2020,2020-02-03,9720,2020-01-25,1722,022290,,6,2,9,4400,0,1,3,,1,017,"SR-17 S/B","VINE HILL RD",2640.00,N,N,A,-,Y,,,17,,,,,,S,Y,2,0,1,1,A,-,01,23152,A,N,E,J,A,A,H,-,A,D,0,,,Y,,Y,Y,C,02,1,0,0,0,0,0,0,0,1,"- ","- ",37.086830139160156,-121.97885894775391,"SANTA CRUZ",UNINCORPORATED,-121.97891998291016,37.086837768554688
91181138,2020,2020-02-05,9720,2020-02-05,0640,020012,,3,1,9,4400,0,1,3,,1,017,"SR-17 N/B","SUGARLOAF RD",238.00,N,N,A,-,Y,,,17,,,,,,N,Y,4,0,1,3,A,-,03,22350,,N,C,C,A,A,H,-,D,D,0,,,,,Y,,A,01,0,0,1,0,0,0,0,0,0,"- ","- ",37.095840454101562,-121.97615814208984,"SANTA CRUZ",UNINCORPORATED,-121.97617340087891,37.095851898193359
91182442,2019,2020-02-07,9720,2019-12-08,1724,022329,,7,2,9,4400,0,1,3,,1,015,SR-9,"EL SOLYO HEIGHTS DR",35.00,S,N,B,-,Y,,,9,,,,,,,N,2,0,1,2,A,-,10,21950,A,N,G,B,D,B,H,-,C,D,0,Y,,,Y,Y,,N,60,1,0,0,0,1,0,0,0,0,"- ","- ",37.066001892089844,-122.07969665527344,"SANTA CRUZ",UNINCORPORATED,-122.07968902587891,37.066001892089844
91184040,2020,2020-02-10,9720,2020-02-06,2115,021211,,4,2,9,4400,0,1,3,,2,020,"SR-1 S/B","STATE PARD DR",1056.00,N,N,A,-,Y,,,1,,,,,,S,Y,4,0,2,2,A,-,03,22350,,N,C,C,A,A,H,-,D,D,0,,,,,Y,,A,01,0,0,2,0,0,0,0,0,0,"- ","- ",36.980300903320312,-121.91510009765625,"SANTA CRUZ",UNINCORPORATED,-121.91507720947266,36.9803466796875
91186826,2020,2020-02-14,9720,2020-02-08,1120,18239,,6,1,9,4400,0,1,3,,1,017,SR-17,"VINE HILL RD.",0.00,,Y,A,-,Y,,,17,,,,,,,Y,3,0,2,2,A,-,08,22107,,N,A,C,A,A,H,-,A,D,0,,,,,Y,,A,01,0,1,1,0,0,0,0,0,0,"- ","- ",37.078849792480469,-121.97960662841797,"SANTA CRUZ",UNINCORPORATED,-121.97959899902344,37.078838348388672
91189325,2020,2020-02-19,9720,2020-02-09,0155,021806,,7,3,9,4400,0,2,4,,1,022,"SOQUEL SAN JOSE RD","LOS ROBLES RD",335.00,S,N,A,-,N,,,,,,,,,,Y,2,0,1,1,A,-,01,23152,A,N,E,I,A,A,H,-,D,D,0,,,,,Y,Y,A,07,1,0,0,0,0,0,0,0,0,"- ","- ",37.016338348388672,-121.95182800292969,"SANTA CRUZ",UNINCORPORATED,-121.95242309570312,37.017303466796875
91193433,2020,2020-02-25,9720,2020-02-13,2126,022125,,4,2,9,4400,0,1,3,,2,020,"SR-1 S/B","STATE PARD DR",2112.00,N,N,A,-,Y,,,1,,,,,,S,Y,4,0,1,2,A,-,03,22350,,N,C,C,A,A,D,-,D,D,0,,,,,Y,,A,07,0,0,1,0,0,0,0,0,0,"- ","- ",36.981410980224609,-121.91715240478516,"SANTA CRUZ",UNINCORPORATED,-121.91717529296875,36.981346130371094
91202001,2020,2020-03-04,9720,2020-02-20,1852,022523,,4,2,9,4400,0,2,4,,1,023,"17TH AVE.","MERRILL ST.",10.00,S,N,A,-,N,,,,,,,,,,N,2,0,1,2,A,-,10,21950,A,N,G,B,B,A,H,-,C,A,0,Y,,,,Y,Y,A,07,1,0,0,0,1,0,0,0,0,"- ","- ",36.965099334716797,-121.98670196533203,"SANTA CRUZ",UNINCORPORATED,-121.98654174804688,36.965126037597656