CASE_ID,ACCIDENT_YEAR,PROC_DATE,JURIS,COLLISION_DATE,COLLISION_TIME,OFFICER_ID,REPORTING_DISTRICT,DAY_OF_WEEK,CHP_SHIFT,POPULATION,CNTY_CITY_LOC,SPECIAL_COND,BEAT_TYPE,CHP_BEAT_TYPE,CITY_DIVISION_LAPD,CHP_BEAT_CLASS,BEAT_NUMBER,PRIMARY_RD,SECONDARY_RD,DISTANCE,DIRECTION,INTERSECTION,WEATHER_1,WEATHER_2,STATE_HWY_IND,CALTRANS_COUNTY,CALTRANS_DISTRICT,STATE_ROUTE,ROUTE_SUFFIX,POSTMILE_PREFIX,POSTMILE,LOCATION_TYPE,RAMP_INTERSECTION,SIDE_OF_HWY,TOW_AWAY,COLLISION_SEVERITY,NUMBER_KILLED,NUMBER_INJURED,PARTY_COUNT,PRIMARY_COLL_FACTOR,PCF_CODE_OF_VIOL,PCF_VIOL_CATEGORY,PCF_VIOLATION,PCF_VIOL_SUBSECTION,HIT_AND_RUN,TYPE_OF_COLLISION,MVIW,PED_ACTION,ROAD_SURFACE,ROAD_COND_1,ROAD_COND_2,LIGHTING,CONTROL_DEVICE,CHP_ROAD_TYPE,PEDESTRIAN_ACCIDENT,BICYCLE_ACCIDENT,MOTORCYCLE_ACCIDENT,TRUCK_ACCIDENT,NOT_PRIVATE_PROPERTY,ALCOHOL_INVOLVED,STWD_VEHTYPE_AT_FAULT,CHP_VEHTYPE_AT_FAULT,COUNT_SEVERE_INJ,COUNT_VISIBLE_INJ,COUNT_COMPLAINT_PAIN,COUNT_PED_KILLED,COUNT_PED_INJURED,COUNT_BICYCLIST_KILLED,COUNT_BICYCLIST_INJURED,COUNT_MC_KILLED,COUNT_MC_INJURED,PRIMARY_RAMP,SECONDARY_RAMP,LATITUDE,LONGITUDE,COUNTY,CITY,POINT_X,POINT_Y
92389114,2024,2024-05-14,9720,2024-05-06,"855 ",021304,,1,1,9,4400,0,1,3,,1,034,SR-152,"BELLA VISTA LN",15840.00,W,N,A,-,Y,SCR,,152," "," ",5.957,H,,R,Y,3,0,1,1,A,-,08,22107,,N,F,A,A,A,H,-,A,D,0,,,,Y,Y,,G,25,0,1,0,0,0,0,0,0,0,"- ","- ",36.978721618652344,-121.71106719970703,"SANTA CRUZ",UNINCORPORATED,-121.71104431152344,36.978694915771484
92389176,2024,2024-05-14,9720,2024-04-30,1240,021304,,2,1,9,4400,0,2,4,,1,021,"SOQUEL DR","STANLEY AVENUE",0.00,,Y,A,-,N,,,,,,,,,,N,3,0,1,2,A,-,09,21802,A,F,F,0,A,A,H,-,A,A,0,,,Y,,Y,,-,99,0,1,0,0,0,0,0,0,1,"- ","- ",36.988048553466797,-121.97337341308594,"SANTA CRUZ",UNINCORPORATED,-121.97335815429688,36.988010406494141
92389599,2024,2024-05-14,9720,2024-05-11,1810,023345,,6,2,9,4400,0,1,3,,1,017,"SR-17 N/B","SUGARLOAF RD",200.00,N,N,A,-,Y,SCR,,17," "," ",8.738,H,,R,Y,3,0,1,4,A,-,03,22350,,N,C,C,A,A,H,-,A,D,0,,,,,Y,,A,01,0,1,0,0,0,0,0,0,0,"- ","- ",37.095691680908203,-121.97627258300781,"SANTA CRUZ",UNINCORPORATED,-121.97626495361328,37.095687866210938
92392005,2024,2024-05-16,9720,2024-05-09,1911,023636,,4,2,9,4400,0,3,5,,2,300,"WEST BEACH STREET","SHELL RD",670.00,E,N,A,-,N,,,,,,,,,,Y,4,0,1,1,A,-,03,22350,,N,E,I,A,A,H,-,A,D,0,,,,,Y,,A,01,0,0,1,0,0,0,0,0,0,"- ","- ",36.870849609375,-121.81375122070312,"SANTA CRUZ",UNINCORPORATED,-121.81378936767578,36.870872497558594
92393278,2024,2024-05-20,9720,2024-05-06,"50  ",023345,,1,3,9,4400,0,3,5,,2,100,"BEAR CREEK RD","BEAR CANYON RD",472.00,N,N,A,-,Y,,,,,,,,,,Y,3,0,1,1,A,-,08,22107,,N,E,I,A,A,H,-,D,D,0,,,,,Y,,A,01,0,1,0,0,0,0,0,0,0,"- ","- ",37.167678833007812,-122.04646301269531,"SANTA CRUZ",UNINCORPORATED,-122.04146575927734,37.168182373046875
92396521,2024,2024-05-22,9720,2024-05-10,1735,023322,,5,2,9,4400,0,2,4,,1,021,"SOQUEL DR","ROSEDALE AVE",205.00,E,N,A,-,N,,,,,,,,,,Y,3,0,1,1,A,-,01,23152,A,M,E,I,A,A,H,-,A,D,0,,,,,Y,Y,A,01,0,1,0,0,0,0,0,0,0,"- ","- ",36.987461090087891,-121.94831085205078,"SANTA CRUZ",UNINCORPORATED,-121.94834899902344,36.987533569335938
92400390,2024,2024-05-28,9720,2024-05-21,1530,020640,,2,2,9,4400,0,3,5,,2,200,"PORTER ST","SOQUEL DR",365.00,N,N,A,-,N,,,,,,,,,,Y,3,0,1,2,A,-,09,21804,A,N,D,C,A,A,H,-,A,A,0,,,,,Y,,A,07,0,1,0,0,0,0,0,0,0,"- ","- ",36.989261627197266,-121.95732116699219,"SANTA CRUZ",UNINCORPORATED,-121.95729827880859,36.989120483398438
92402526,2024,2024-05-30,9720,2024-05-13,"610 ",023721,,1,1,9,4400,0,2,4,,1,032,"GREEN VALLEY RD","PIONEER RD",1600.00,N,N,A,-,N,,,,,,,,,,Y,3,0,1,1,A,-,01,23152,A,N,E,I,A,A,H,-,A,D,0,,,,,Y,Y,A,01,0,1,0,0,0,0,0,0,0,"- ","- ",36.974159240722656,-121.77654266357422,"SANTA CRUZ",UNINCORPORATED,-121.77629089355469,36.973960876464844
92409254,2024,2024-06-07,9720,2024-06-03,"700 ",020562,,1,1,9,4400,0,3,5,,2,300,"HAMES RD","CORRALITOS RD",0.00,,Y,B,-,N,,,,,,,,,,N,4,0,1,2,A,-,12,22450,A,N,H,G,A,A,H,-,A,A,0,,Y,,,Y,,L,04,0,0,1,0,0,0,1,0,0,"- ","- ",36.988639831542969,-121.80702972412109,"SANTA CRUZ",UNINCORPORATED,-121.80706787109375,36.988651275634766
92409270,2024,2024-06-07,9720,2024-05-22,2013,023103,,3,2,9,4400,0,1,3,,1,017,"SR-17 N/B","EL RANCHO DRIVE",0.00,,Y,A,-,N,,,,,,,,,,Y,3,0,2,1,A,-,08,22107,,N,E,8,A,A,D,-,C,D,0,,,,,Y,,A,07,0,1,1,0,0,0,0,0,0,"- ","- ",37.019130706787109,-122.02713775634766,"SANTA CRUZ",UNINCORPORATED,-122.01873016357422,36.994071960449219
92414024,2024,2024-06-13,9720,2024-06-01,1748,023387,,6,2,9,4400,0,3,5,,2,100,"BONNY DOON RD","BLESSING LN",10.00,N,N,A,-,N,,,,,,,,,,Y,3,0,1,1,A,-,01,23152,A,N,E,I,A,A,H,-,A,D,0,,,,,Y,Y,D,22,0,1,0,0,0,0,0,0,0,"- ","- ",37.043979644775391,-122.15515899658203,"SANTA CRUZ",UNINCORPORATED,-122.15524291992188,37.043907165527344
92414120,2024,2024-06-13,9720,2024-06-02,1819,023447,,7,2,9,4400,0,3,5,,2,200,"APTOS BEACH DR","RIO DEL MAR BLVD",0.00,,Y,A,-,N,,,,,,,,,,Y,3,0,1,2,A,-,09,21802,A,N,D,C,A,A,H,-,A,A,0,,,,,Y,,D,22,0,1,0,0,0,0,0,0,0,"- ","- ",36.970920562744141,-121.89705657958984,"SANTA CRUZ",UNINCORPORATED,-121.89691162109375,36.971027374267578
92414358,2024,2024-06-13,9720,2024-03-28,1851,023657,,4,2,9,4400,0,1,3,,1,034,SR-152,"GAFFEY RD",1320.00,W,N,A,-,Y,SCR,,152," "," ",6.158,H,,R,Y,2,0,5,2,A,-,01,23152,A,N,A,C,A,A,H,-,B,D,0,,,,,Y,Y,A,01,1,4,0,0,0,0,0,0,0,"- ","- ",36.979278564453125,-121.71391296386719,"SANTA CRUZ",UNINCORPORATED,-121.71390533447266,36.979286193847656
92417845,2024,2024-06-18,9720,2024-06-01,1422,023611,,6,2,9,4400,0,1,3,,1,010,SR-1,"CEMENT PLANT ROAD",5.00,S,N,A,-,Y,SCR,,1," "," ",30.066,H,,R,Y,3,0,2,2,A,-,03,22350,,N,C,C,A,A,H,-,A,D,0,,,,,Y,,A,01,0,1,1,0,0,0,0,0,0,"- ","- ",37.024528503417969,-122.21169281005859,"SANTA CRUZ",UNINCORPORATED,-122.21170806884766,37.024520874023438
92419258,2024,2024-06-20,9720,2024-06-10,1400,023811,,1,2,9,4400,0,3,5,,2,300,"GREEN VALLEY RD","KLASSEN LN",70.00,N,N,A,-,N,,,,,,,,,,Y,3,0,1,1,A,-,08,22107,,N,E,I,A,A,H,-,A,D,0,,,,,Y,,A,01,0,1,0,0,0,0,0,0,0,"- ","- ",36.961189270019531,-121.764892578125,"SANTA CRUZ",UNINCORPORATED,-121.76496887207031,36.961112976074219
92435963,2024,2024-07-11,9720,2024-06-10,2325,023345,,1,3,9,4400,0,1,3,,1,015,"BEAR CREEK RD",SR-9,36.00,E,N,A,-,Y,SCR,,9," "," ",13.240,H,,R,Y,3,0,1,2,A,-,01,23152,A,N,E,I,A,A,H,-,C,D,0,,,,,Y,Y,D,22,0,1,0,0,0,0,0,0,0,"- ","- ",37.128501892089844,-122.12306213378906,"SANTA CRUZ",UNINCORPORATED,-122.12300872802734,37.128501892089844
92441756,2024,2024-07-17,9720,2024-07-04,2310,023345,,4,3,9,4400,0,1,3,,1,014,SR-9,"BEAR CREEK RD",0.00,,Y,A,-,Y,SCR,,9," "," ",13.238,H,,R,N,3,0,1,2,A,-,09,21802,A,N,D,C,A,A,H,-,C,D,0,,,,,Y,,D,22,0,1,0,0,0,0,0,0,0,"- ","- ",37.128471374511719,-122.12301635742188,"SANTA CRUZ",UNINCORPORATED,-122.12300872802734,37.128471374511719
92443023,2024,2024-07-19,9720,2024-07-06,1155,023507,,6,1,9,4400,0,3,5,,2,100,"EMPIRE GRADE RD","ARBORETUM RD",0.00,,Y,A,-,Y,,,,,,,,,,Y,3,0,1,2,A,-,03,22350,,N,C,C,A,A,H,-,A,D,0,,,Y,,Y,,C,02,0,1,0,0,0,0,0,0,1,"- ","- ",36.981838226318359,-122.06150817871094,"SANTA CRUZ",UNINCORPORATED,-122.06137847900391,36.981800079345703
92443059,2024,2024-07-19,9720,2024-07-08,1010,019956,,1,1,9,4400,0,2,4,,1,021,"SOQUEL DR","MISSION DR",125.00,E,N,B,-,N,,,,,,,,,,Y,3,0,2,2,A,-,09,21804,A,N,D,C,A,A,H,-,A,D,0,,,,,Y,,A,01,0,1,1,0,0,0,0,0,0,"- ","- ",36.989009857177734,-121.98026275634766,"SANTA CRUZ",UNINCORPORATED,-121.98030853271484,36.989032745361328
92443714,2024,2024-07-19,9720,2024-07-09,"605 ",021304,,2,1,9,4400,0,3,5,,2,300,"CORRALITOS RD","VARNI RD",1056.00,N,N,A,-,N,,,,,,,,,,N,4,0,1,2,A,-,09,21801,A,N,D,C,A,A,H,-,A,D,0,,,,,Y,,A,01,0,0,1,0,0,0,0,0,0,"- ","- ",36.968181610107422,-121.80719757080078,"SANTA CRUZ",UNINCORPORATED,-121.80694580078125,36.969833374023438
9245290,2021,2021-04-07,4403,2021-03-12,1717,358,5-27,5,5,4,4403,0,0,0,,0,005,"FREEDOM BL","AIRPORT BL",370.00,,N,A,-,N,,,,,,,,,,Y,4,0,1,2,A,-,09,21804,A,N,D,C,A,A,H,-,A,A,0,,,,,Y,,A,01,0,0,1,0,0,0,0,0,0,"- ","- ",,,"SANTA CRUZ",WATSONVILLE,-121.77792358398438,36.938350677490234
9247703,2021,2021-04-13,4402,2021-01-25,2007,196,4402,1,5,5,4402,0,0,0,,0,000,"OCEAN ST","WATER ST",0.00,,Y,C,-,N,,,,,,,,,,N,4,0,1,2,A,-,12,21453,A,N,D,C,A,B,H,-,C,A,0,,,,,Y,,A,01,0,0,1,0,0,0,0,0,0,"- ","- ",,,"SANTA CRUZ","SANTA CRUZ",-122.02135467529297,36.979587554931641
9255400,2021,2021-05-11,4403,2021-04-16,1434,418,527,5,5,4,4403,0,0,0,,0,005,"AIRPORT BL","LOMA PRIETA AV",9.00,E,N,A,-,N,,,,,,,,,,,2,0,1,2,A,-,12,21453,A,N,G,B,B,A,H,-,A,A,0,Y,,,,Y,,A,01,1,0,0,0,1,0,0,0,0,"- ","- ",,,"SANTA CRUZ",WATSONVILLE,-121.78144073486328,36.935249328613281
92595436,2024,2024-07-23,9720,2024-06-27,1747,023103,,4,2,9,4400,0,2,4,,1,021,"SOQUEL DRIVE","RESEARCH PARK DR",100.00,S,N,A,-,N,,,,,,,,,,N,4,0,1,2,A,-,21,22106,,N,C,C,A,A,H,-,A,D,0,,,,,Y,,D,22,0,0,1,0,0,0,0,0,0,"- ","- ",36.987209320068359,-121.96807861328125,"SANTA CRUZ",UNINCORPORATED,-121.9681396484375,36.987289428710938
92596048,2024,2024-08-14,9720,2024-07-01,1805,023316,,1,2,9,4400,0,2,4,,1,032,"GREEN VALLEY RD","PIONEER RD",0.00,,Y,A,-,N,,,,,,,,,,N,3,0,1,2,A,-,09,21801,A,N,H,G,A,A,H,-,A,D,0,,Y,,,Y,,A,01,0,1,0,0,0,0,1,0,0,"- ","- ",36.971321105957031,-121.77204132080078,"SANTA CRUZ",UNINCORPORATED,-121.77197265625,36.971298217773438
92596354,2024,2024-07-24,9720,2024-07-13,2246,023345,,6,3,9,4400,0,3,5,,2,300,"SAN ANDREAS RD","BYERS LN",581.00,S,N,A,-,N,,,,,,,,,,Y,3,0,1,1,A,-,08,22107,,N,E,I,A,A,H,-,D,D,0,,,,,Y,,A,01,0,1,0,0,0,0,0,0,0,"- ","- ",36.954708099365234,-121.86415863037109,"SANTA CRUZ",UNINCORPORATED,-121.86428070068359,36.954776763916016
92655827,2024,2024-07-26,9720,2024-07-16,2214,023419,,2,3,9,4400,0,1,3,,1,035,"THOMPSON RD",SR-129,0.00,,Y,A,-,Y,SCR,,129," "," ",2.618,H,,R,Y,3,0,1,2,A,-,03,22350,,N,B,C,A,A,H,-,D,D,0,,,,,Y,,A,01,0,1,0,0,0,0,0,0,0,"- ","- ",36.921951293945312,-121.71054077148438,"SANTA CRUZ",UNINCORPORATED,-121.71054077148438,36.921947479248047
9266402,2021,2021-06-16,4403,2021-05-12,1609,418,,3,5,4,4403,0,0,0,,0,,"RIVERSIDE DR","WALKER ST",35.00,W,N,A,-,Y,SCR,5,129,-,L,1.178,I,5,W,N,4,0,1,2,A,-,10,21950,A,N,G,B,B,A,H,-,A,A,0,Y,,,Y,Y,,F,26,0,0,1,0,1,0,0,0,0,"- ","- ",,,"SANTA CRUZ",WATSONVILLE,-121.75788879394531,36.905208587646484
9266782,2021,2021-06-08,4403,2021-05-24,1503,T0003,5-39,1,5,4,4403,0,0,0,,0,005,"PENNY LN","GREEN VALLEY RD",170.00,N,N,A,-,N,,,,,,,,,,Y,3,0,1,1,A,-,03,22350,,N,E,J,A,A,H,-,A,D,0,,,,,Y,,A,07,0,1,0,0,0,0,0,0,0,"- ","- ",,,"SANTA CRUZ",WATSONVILLE,-121.77818298339844,36.929569244384766
9274640,2021,2021-06-29,4404,2021-04-29,1520,5451,4404,4,5,3,4404,0,0,0,,0,00S,"MT HERMON RD","KINGS VILLAGE RD",0.00,,Y,A,-,N,,,,,,,,,,Y,3,0,1,2,A,-,12,21453,A,N,A,C,A,A,H,-,A,A,0,,,,,Y,,A,01,0,1,0,0,0,0,0,0,0,"- ","- ",37.046749114990234,-122.02809143066406,"SANTA CRUZ","SCOTTS VALLEY",-122.02828979492188,37.046005249023438
9275187,2021,2022-05-07,4403,2021-06-22,1020,T0002,539,2,5,4,4403,0,0,0,,0,005,"HOLLY DR","PENNY LN",0.00,,Y,A,-,N,,,,,,,,,,Y,4,0,2,2,A,-,09,21802,A,N,A,C,A,A,H,-,A,D,0,,,,,Y,,A,07,0,0,2,0,0,0,0,0,0,"- ","- ",,,"SANTA CRUZ",WATSONVILLE,-121.77931213378906,36.931411743164062
92877333,2024,2024-07-29,9720,2024-07-17,1324,021833,,3,1,9,4400,0,1,3,,1,034,"E/B SR-152","COLLEGE RD.",528.00,W,N,A,-,Y,SCR,,152," "," ",1.929,H,,R,Y,3,0,1,1,A,-,01,23152,A,M,E,8,A,A,H,-,A,D,0,,,,,Y,Y,-,"- ",0,1,0,0,0,0,0,0,0,"- ","- ",36.935020446777344,-121.74318695068359,"SANTA CRUZ",UNINCORPORATED,-121.7432861328125,36.935016632080078
9289435,2021,2021-07-19,4403,2021-06-22,1744,418,220,2,5,4,4403,0,0,0,,0,002,"BEACH ST","WALKER ST",360.00,E,N,A,-,N,,,,,,,,,,Y,4,0,4,3,A,-,09,21804,A,N,D,E,A,A,H,-,A,D,0,,,,,Y,,A,01,0,0,4,0,0,0,0,0,0,"- ","- ",,,"SANTA CRUZ",WATSONVILLE,-121.76055908203125,36.908267974853516
9296807,2021,2021-08-23,4402,2021-06-04,1650,185JC,4402,5,5,5,4402,0,0,0,,0,000,"TREVETHAN AV","MARNELL AV",441.00,N,N,A,-,N,,,,,,,,,,N,3,0,1,1,A,-,03,22350,,N,F,A,A,A,H,-,A,D,0,,,,,Y,,M,94,0,1,0,0,0,0,0,0,0,"- ","- ",,,"SANTA CRUZ","SANTA CRUZ",-121.99969482421875,36.986347198486328
9299022,2021,2021-08-30,4402,2021-05-31,1626,137,4402,1,5,5,4402,0,0,0,,0,000,"RT 9","VERNON ST",2760.00,N,N,A,-,Y,SCR,5,9,-,-,1.050,H,-,N,Y,2,0,1,1,A,-,01,23153,A,F,E,J,A,A,H,-,B,D,0,,,,,Y,Y,D,22,1,0,0,0,0,0,0,0,0,"- ","- ",,,"SANTA CRUZ","SANTA CRUZ",-122.03681945800781,36.996246337890625
93097181,2024,2024-08-01,9720,2024-07-14,1648,023618,,7,2,9,4400,0,1,3,,1,015,SR-9,"MILL ST",300.00,N,N,A,-,Y,SCR,,9," "," ",9.681,H,,R,Y,2,0,3,2,A,-,01,23152,A,N,A,C,A,A,H,-,A,D,0,,,,,Y,Y,A,01,1,2,0,0,0,0,0,0,0,"- ","- ",37.089550018310547,-122.09300231933594,"SANTA CRUZ",UNINCORPORATED,-122.09300994873047,37.089530944824219
9312353,2021,2021-09-09,4402,2021-07-29,0826,189,4402,4,5,5,4402,0,0,0,,0,000,"RT 1","MIRAMAR DR",0.00,,N,E,-,Y,SCR,5,1,-,-,19.412,I,5,N,N,3,0,1,2,A,-,10,21950,A,N,G,B,B,A,H,-,A,A,0,Y,,,,Y,,A,01,0,1,0,0,1,0,0,0,0,"- ","- ",,,"SANTA CRUZ","SANTA CRUZ",-122.04496002197266,36.962146759033203
9316325,2021,2021-09-23,4402,2021-08-04,0000,131,4402,3,5,5,4402,0,0,0,,0,000,"OCEAN ST","FRANKLIN ST",63.00,S,N,A,-,N,,,,,,,,,,Y,2,0,2,2,C,-,18,,,N,G,B,F,A,H,-,D,D,0,Y,,,,Y,Y,-,"- ",1,1,0,0,1,0,0,0,0,"- ","- ",,,"SANTA CRUZ","SANTA CRUZ",-122.02295684814453,36.983684539794922
9316327,2021,2021-09-23,4402,2021-08-11,1906,194,4402,3,5,5,4402,0,0,0,,0,000,"BEACH ST","MAIN ST",90.00,E,N,A,-,N,,,,,,,,,,N,3,0,1,1,A,-,08,22107,,N,F,A,A,A,-,-,A,D,0,,,Y,,Y,,C,02,0,1,0,0,0,0,0,0,1,"- ","- ",,,"SANTA CRUZ","SANTA CRUZ",-122.02180480957031,36.963527679443359
9318325,2021,2021-09-27,4402,2021-08-27,2020,156,4402,5,5,5,4402,0,0,0,,0,000,"WEST CLIFF DR","COLUMBIA ST",340.00,W,N,A,-,N,,,,,,,,,,N,4,0,1,1,C,-,18,,,N,E,I,A,A,H,-,C,A,0,,,,,Y,,-,"- ",0,0,1,0,0,0,0,0,0,"- ","- ",,,"SANTA CRUZ","SANTA CRUZ",-122.03475189208984,36.952247619628906
9320245,2021,2023-06-20,4403,2021-12-03,1524,281,2-20,5,5,4,4403,0,0,0,,0,002,"BEACH ST","RODRIGUEZ ST",0.00,,Y,A,-,N,,,,,,,,,,Y,1,1,0,2,A,-,10,21950,A,N,G,B,B,A,H,-,A,A,0,Y,,,,Y,Y,D,22,0,0,0,1,0,0,0,0,0,"- ","- ",,,"SANTA CRUZ",WATSONVILLE,-121.75807189941406,36.909397125244141
9321162,2023,2025-06-28,4402,2023-01-20,"613 ",153,4402,5,5,5,4402,0,0,0,,0,000,"RT 1","RT 9",0.00,,Y,A,-,Y,SCR,5,1,-,-,17.570,H,-,N,N,1,1,0,2,A,-,11,21453,D,N,G,B,D,A,H,-,C,A,0,Y,,,,Y,,N,60,0,0,0,1,0,0,0,0,0,"- ","- ",,,"SANTA CRUZ","SANTA CRUZ",-122.02996063232422,36.984424591064453
9343345,2021,2021-10-11,4402,2021-08-28,1354,148,4402,6,5,5,4402,0,0,0,,0,000,"PACIFIC AV","CATHCART ST",33.00,N,N,A,-,N,,,,,,,,,,N,2,0,1,2,A,-,03,22350,,N,H,G,A,A,C,E,A,C,0,,Y,,,Y,,L,04,1,0,0,0,0,0,1,0,0,"- ","- ",,,"SANTA CRUZ","SANTA CRUZ",-122.02550506591797,36.971786499023438
9346598,2021,2021-11-04,4402,2021-09-29,0800,440,4402,3,5,5,4402,0,0,0,,0,,"LAUREL ST","CALIFORNIA ST",355.00,E,N,A,-,N,,,,,,,,,,N,3,0,1,1,A,-,03,22350,,N,F,A,A,A,B,D,A,D,0,,Y,,,Y,,L,04,0,1,0,0,0,0,1,0,0,"- ","- ",,,"SANTA CRUZ","SANTA CRUZ",-122.03373718261719,36.968486785888672
9353845,2021,2021-11-15,4403,2021-10-26,1609,T0006,5-39,2,5,4,4403,0,0,0,,0,005,"AIRPORT RD","FREEDOM BL",15.00,E,N,A,-,N,,,,,,,,,,Y,3,0,1,1,A,-,08,22107,,N,E,I,A,A,H,-,A,D,0,,,,,Y,,A,07,0,1,0,0,0,0,0,0,0,"- ","- ",,,"SANTA CRUZ",WATSONVILLE,-121.77790069580078,36.938388824462891
9362693,2021,2021-12-15,4403,2021-11-06,2145,T0005,,6,5,4,4403,0,0,0,,0,,"FREEDOM BL","ALTA VISTA AV",134.00,S,N,A,-,N,,,,,,,,,,N,4,0,1,2,A,-,03,22350,,N,C,C,A,A,H,-,C,D,0,,,,,Y,,A,01,0,0,1,0,0,0,0,0,0,"- ","- ",,,"SANTA CRUZ",WATSONVILLE,-121.76612091064453,36.928081512451172
9370904,2021,2022-01-12,4402,2021-12-07,0657,192,4402,2,5,5,4402,0,0,0,,0,000,BROADWAY,"OCEAN ST",0.00,,Y,B,-,N,,,,,,,,,,Y,4,0,1,2,A,-,12,21453,A,N,D,C,A,B,H,-,B,A,0,,,,,Y,,A,01,0,0,1,0,0,0,0,0,0,"- ","- ",,,"SANTA CRUZ","SANTA CRUZ",-122.01828002929688,36.973323822021484
9373323,2021,2021-12-17,4403,2021-11-10,1732,381,224,3,5,4,4403,0,0,0,,0,002,"WALKER ST","5TH ST",50.00,S,N,A,-,N,,,,,,,,,,N,3,0,2,2,A,-,03,22350,,N,C,C,A,A,H,-,C,D,0,,,,,Y,,A,01,0,1,1,0,0,0,0,0,0,"- ","- ",,,"SANTA CRUZ",WATSONVILLE,-121.76449584960938,36.909690856933594
9373580,2021,2021-12-23,4402,2021-11-29,1548,192,4402,1,5,5,4402,0,0,0,,0,000,"MURRAY ST","LAKE AV",223.00,W,N,A,-,N,,,,,,,,,,N,3,0,1,2,A,-,17,21209,A,N,F,A,A,A,H,-,A,D,0,,Y,,,Y,,E,22,0,1,0,0,0,0,1,0,0,"- ","- ",,,"SANTA CRUZ","SANTA CRUZ",-122.00193786621094,36.967945098876953
93767388,2024,2024-08-06,9720,2024-07-28,1220,022758,,7,1,9,4400,0,1,3,,1,013,"SR-35 (SUMMIT ROAD) S/B","MOUNTAIN CHARLIE RD",600.00,N,N,A,-,N,,,,,,,,,,N,2,0,1,1,A,-,03,22350,,N,F,A,A,B,H,-,A,A,0,,Y,,,Y,,L,04,1,0,0,0,0,0,1,0,0,"- ","- ",37.144851684570312,-121.98724365234375,"SANTA CRUZ",UNINCORPORATED,-121.98533630371094,37.145484924316406
93767430,2024,2024-08-07,9720,2024-07-31,1040,022044,,3,1,9,4400,0,3,5,,2,100,"SMITH GRADE RD","EMPIRE GRADE RD",1320.00,W,N,A,-,N,,,,,,,,,,N,2,0,1,1,A,-,03,22350,,N,E,I,A,A,H,-,A,D,0,,Y,,,Y,,L,04,1,0,0,0,0,0,1,0,0,"- ","- ",37.0224609375,-122.10608673095703,"SANTA CRUZ",UNINCORPORATED,-122.10272979736328,37.025547027587891
9377195,2021,2021-12-29,4403,2021-11-13,1358,344,4-29,6,5,4,4403,0,0,0,,0,004,"GREEN VALLEY RD","MAIN ST",50.00,W,N,A,-,Y,SCR,5,152,-,T,1.195,I,5,W,Y,4,0,2,2,A,-,09,21453,B,N,D,C,A,A,H,-,A,A,0,,,,,Y,,D,22,0,0,2,0,0,0,0,0,0,"- ","- ",,,"SANTA CRUZ",WATSONVILLE,-121.78385162353516,36.918659210205078
9378543,2021,2021-12-17,4401,2021-10-16,2119,532,4401,6,5,3,4401,0,0,0,,0,001,"PORTER ST","RT 1",11.00,N,N,A,-,Y,SCR,5,1,-,-,13.284,R,4,N,Y,4,0,1,2,A,-,12,21453,A,N,F,C,A,A,H,-,C,A,0,,,,,Y,,A,01,0,0,1,0,0,0,0,0,0,"- ","- ",,,"SANTA CRUZ",CAPITOLA,-121.95848846435547,36.983135223388672
9381486,2022,2022-01-27,4402,2022-01-09,1107,192,4402,7,5,5,4402,0,0,0,,0,000,"NORTH PACIFIC AV","RIVER ST",187.00,W,N,A,-,N,,,,,,,,,,Y,4,0,1,3,A,-,01,23153,A,N,C,E,E,A,H,-,A,D,0,Y,,,,Y,Y,A,01,0,0,1,0,1,0,0,0,0,"- ","- ",,,"SANTA CRUZ","SANTA CRUZ",-122.02702331542969,36.978828430175781
9385708,2021,2022-01-18,4402,2021-12-15,1259,192,4402,3,5,5,4402,0,0,0,,0,000,"NATIONAL ST","SANTA CRUZ ST",0.00,,Y,B,-,N,,,,,,,,,,Y,3,0,1,2,A,-,09,21802,A,N,D,C,A,A,H,-,A,A,0,,,,,Y,,D,22,0,1,0,0,0,0,0,0,0,"- ","- ",,,"SANTA CRUZ","SANTA CRUZ",-122.03269958496094,36.959022521972656
9387914,2021,2022-01-10,4403,2021-12-28,1102,358,527,2,5,4,4403,0,0,0,,0,005,"AIRPORT BL","WESTGATE DR",0.00,,Y,B,-,N,,,,,,,,,,Y,4,0,2,2,A,-,12,21453,A,N,D,C,A,A,H,-,A,A,0,,,,,Y,,A,01,0,0,2,0,0,0,0,0,0,"- ","- ",,,"SANTA CRUZ",WATSONVILLE,-121.79637908935547,36.925594329833984
93967207,2024,2024-08-08,9720,2024-07-30,2205,023345,,2,3,9,4400,0,2,4,,1,032,"CASSERLY RD","GREEN VALLEY RD",530.00,N,N,A,-,N,,,,,,,,,,Y,3,0,1,1,A,-,01,23152,A,M,E,8,A,A,H,-,D,D,0,,,,,Y,Y,A,01,0,1,0,0,0,0,0,0,0,"- ","- ",36.970760345458984,-121.76502990722656,"SANTA CRUZ",UNINCORPORATED,-121.76511383056641,36.970672607421875
93970746,2024,2024-08-08,9720,2024-08-01,2330,023316,,4,3,9,4400,0,3,5,,2,300,"CALABASAS RD","WHITE RD",2112.00,S,N,A,-,N,,,,,,,,,,Y,3,0,1,1,A,-,01,23152,A,N,E,8,A,A,H,-,D,D,0,,,,,Y,Y,A,01,0,1,0,0,0,0,0,0,0,"- ","- ",36.966320037841797,-121.82884216308594,"SANTA CRUZ",UNINCORPORATED,-121.82907867431641,36.966217041015625