CASE_ID,ACCIDENT_YEAR,PROC_DATE,JURIS,COLLISION_DATE,COLLISION_TIME,OFFICER_ID,REPORTING_DISTRICT,DAY_OF_WEEK,CHP_SHIFT,POPULATION,CNTY_CITY_LOC,SPECIAL_COND,BEAT_TYPE,CHP_BEAT_TYPE,CITY_DIVISION_LAPD,CHP_BEAT_CLASS,BEAT_NUMBER,PRIMARY_RD,SECONDARY_RD,DISTANCE,DIRECTION,INTERSECTION,WEATHER_1,WEATHER_2,STATE_HWY_IND,CALTRANS_COUNTY,CALTRANS_DISTRICT,STATE_ROUTE,ROUTE_SUFFIX,POSTMILE_PREFIX,POSTMILE,LOCATION_TYPE,RAMP_INTERSECTION,SIDE_OF_HWY,TOW_AWAY,COLLISION_SEVERITY,NUMBER_KILLED,NUMBER_INJURED,PARTY_COUNT,PRIMARY_COLL_FACTOR,PCF_CODE_OF_VIOL,PCF_VIOL_CATEGORY,PCF_VIOLATION,PCF_VIOL_SUBSECTION,HIT_AND_RUN,TYPE_OF_COLLISION,MVIW,PED_ACTION,ROAD_SURFACE,ROAD_COND_1,ROAD_COND_2,LIGHTING,CONTROL_DEVICE,CHP_ROAD_TYPE,PEDESTRIAN_ACCIDENT,BICYCLE_ACCIDENT,MOTORCYCLE_ACCIDENT,TRUCK_ACCIDENT,NOT_PRIVATE_PROPERTY,ALCOHOL_INVOLVED,STWD_VEHTYPE_AT_FAULT,CHP_VEHTYPE_AT_FAULT,COUNT_SEVERE_INJ,COUNT_VISIBLE_INJ,COUNT_COMPLAINT_PAIN,COUNT_PED_KILLED,COUNT_PED_INJURED,COUNT_BICYCLIST_KILLED,COUNT_BICYCLIST_INJURED,COUNT_MC_KILLED,COUNT_MC_INJURED,PRIMARY_RAMP,SECONDARY_RAMP,LATITUDE,LONGITUDE,COUNTY,CITY,POINT_X,POINT_Y
9504291,2022,2022-10-19,4403,2022-09-20,0805,418,111,2,5,4,4403,0,0,0,,0,001,"LINCOLN ST","RIVERSIDE DR",0.00,,Y,A,-,Y,SCR,5,129,-,-,0.350,I,5,W,,3,0,2,3,A,-,10,21950,A,N,G,B,B,A,H,-,A,A,0,Y,,,,Y,,A,08,0,1,1,0,2,0,0,0,0,"- ","- ",,,"SANTA CRUZ",WATSONVILLE,-121.748779296875,36.910648345947266
9504330,2022,2022-10-18,4402,2022-09-12,1122,164,4402,1,5,5,4402,0,0,0,,0,000,"RT 1","RIGG ST",0.00,,Y,A,-,Y,SCR,5,1,-,-,18.650,I,5,S,Y,4,0,2,2,A,-,09,21802,A,N,F,C,A,A,H,-,A,A,0,,,,,Y,,A,07,0,0,2,0,0,0,0,0,0,"- ","- ",,,"SANTA CRUZ","SANTA CRUZ",-122.03668212890625,36.970569610595703
9506933,2022,2022-10-20,4403,2022-09-18,0630,368,527,7,5,4,4403,0,0,0,,0,005,"AIRPORT BL","HANGAR WY",504.00,W,N,A,C,N,,,,,,,,,,N,3,0,1,2,A,-,11,21955,,N,G,B,D,B,H,-,D,D,0,Y,,,,Y,,N,60,0,1,0,0,1,0,0,0,0,"- ","- ",,,"SANTA CRUZ",WATSONVILLE,-121.79277038574219,36.930400848388672
9511246,2022,2023-02-01,4402,2022-12-25,1500,158,4402,7,5,5,4402,0,0,0,,0,000,"MISSION ST","NATURAL BRIDGES DR",0.00,,Y,A,-,N,,,,,,,,,,N,2,0,1,2,A,-,10,21950,A,N,G,B,B,A,H,-,A,D,0,Y,,,,Y,,A,01,1,0,0,0,1,0,0,0,0,"- ","- ",,,"SANTA CRUZ","SANTA CRUZ",-122.05760192871094,36.959785461425781
9512664,2022,2022-11-03,4403,2022-10-11,1154,417,2-23,2,5,4,4403,0,0,0,,0,002,"MAIN ST","PENNSYLVANIA DR",0.00,,Y,A,-,Y,SCR,5,152,-,T,1.906,I,5,E,N,2,0,1,2,A,-,10,21950,A,N,G,B,B,A,H,-,A,A,0,Y,,,,Y,,D,22,1,0,0,0,1,0,0,0,0,"- ","- ",,,"SANTA CRUZ",WATSONVILLE,-121.77169036865234,36.916488647460938
9516894,2022,2022-12-28,4402,2022-11-14,1558,192,4402,1,5,5,4402,0,0,0,,0,000,"WASHINGTON ST","LAUREL ST",4.00,N,N,A,-,N,,,,,,,,,,N,3,0,1,2,A,-,03,22350,,N,D,G,A,A,H,-,A,A,0,,Y,,,Y,,L,04,0,1,0,0,0,0,1,0,0,"- ","- ",,,"SANTA CRUZ","SANTA CRUZ",-122.02827453613281,36.968830108642578
9531770,2022,2022-11-14,4403,2022-10-28,1631,417,304,5,5,4,4403,0,0,0,,0,003,"MARTINELLI ST","BREWINGTON AV",0.00,,Y,A,-,N,,,,,,,,,,Y,4,0,2,2,A,-,12,22450,A,N,D,C,A,A,H,-,A,A,0,,,,,Y,,A,08,0,0,2,0,0,0,0,0,0,"- ","- ",,,"SANTA CRUZ",WATSONVILLE,-121.75869750976562,36.92626953125
9534052,2022,2023-02-06,4401,2022-12-09,1824,528,SANTA,5,5,3,4401,0,0,0,,0,007,"BAY AV","HILL ST",0.00,,Y,A,-,N,,,,,,,,,,N,2,0,1,2,A,-,08,22107,,N,G,B,B,A,H,-,C,A,0,Y,,,,Y,,D,22,1,0,0,0,1,0,0,0,0,"- ","- ",,,"SANTA CRUZ",CAPITOLA,-121.95550537109375,36.981098175048828
9535898,2023,2023-03-07,4402,2023-01-20,"53  ",153,4402,5,5,5,4402,0,0,0,,0,000,"LIGHTHOUSE AV","COWELL ST",0.00,,Y,A,-,N,,,,,,,,,,N,3,0,1,3,A,-,08,22107,,N,A,E,A,A,H,-,C,D,0,,,,,Y,,A,01,0,1,0,0,0,0,0,0,0,"- ","- ",,,"SANTA CRUZ","SANTA CRUZ",-122.02738952636719,36.960479736328125
9546093,2022,2023-02-16,4404,2022-12-15,0250,5291,4404,4,5,3,4404,0,0,0,,0,00N,"EL PUEBLO DR","CARBONERO WY",0.00,,Y,A,-,N,,,,,,,,,,Y,3,0,1,1,A,-,17,21663,,N,E,I,A,A,H,-,D,D,0,,,,,Y,,A,01,0,1,0,0,0,0,0,0,0,"- ","- ",37.049411773681641,-122.01241302490234,"SANTA CRUZ","SCOTTS VALLEY",-122.012451171875,37.050010681152344
9555144,2023,2023-04-03,4403,2023-03-13,1034,418,1-11,1,5,4,4403,0,0,0,,0,001,"MARCHANT ST","RIVERSIDE DR",0.00,,Y,A,-,Y,SCR,5,129,-,-,0.230,I,5,W,Y,4,0,1,3,A,-,09,21802,A,N,D,C,A,A,H,-,A,A,0,,,,,Y,,A,01,0,0,1,0,0,0,0,0,0,"- ","- ",,,"SANTA CRUZ",WATSONVILLE,-121.7503662109375,36.909442901611328
9568282,2023,2023-05-04,4402,2023-03-20,1709,166,4402,1,5,5,4402,0,0,0,,0,000,"RT 1","OCEAN ST",500.00,W,N,A,-,Y,SCR,5,1,-,-,17.331,R,1,S,Y,3,0,1,2,A,-,01,23152,A,N,C,C,A,A,H,-,A,D,0,,,Y,,Y,Y,A,01,0,1,0,0,0,0,0,0,1,FR,"- ",,,"SANTA CRUZ","SANTA CRUZ",-122.02601623535156,36.985469818115234
9569505,2023,2023-07-13,4403,2023-06-18,1435,80,1-09,7,5,4,4403,0,0,0,,0,001,"MAIN ST","RIVERSIDE DR",164.00,N,N,A,-,Y,SCR,5,129,-,-,0.000,I,6,W,Y,4,0,1,2,A,-,01,23152,B,N,B,C,A,A,H,-,A,D,0,,,,,Y,Y,A,01,0,0,1,0,0,0,0,0,0,"- ","- ",,,"SANTA CRUZ",WATSONVILLE,-121.75340270996094,36.907169342041016
9572178,2023,2023-05-18,4402,2023-04-09,2245,139,4402,7,5,5,4402,0,0,0,,0,000,"LAUREL ST","CENTER ST",0.00,,Y,A,-,N,,,,,,,,,,N,3,0,1,1,A,-,01,21200,5,N,F,A,A,A,H,-,C,A,0,,Y,,,Y,Y,L,04,0,1,0,0,0,0,1,0,0,"- ","- ",,,"SANTA CRUZ","SANTA CRUZ",-122.02725219726562,36.968929290771484
9573074,2023,2023-05-19,4403,2023-04-11,"759 ",418,4-34,2,5,4,4403,0,0,0,,0,004,"FREEDOM BL","ARTHUR RD",48.00,E,N,A,-,N,,,,,,,,,,,3,0,1,2,A,-,06,21750,,F,C,G,A,B,H,-,A,A,0,,Y,,,Y,,D,22,0,1,0,0,0,0,1,0,0,"- ","- ",,,"SANTA CRUZ",WATSONVILLE,-121.76748657226562,36.929573059082031
9575192,2023,2023-05-04,4402,2023-02-19,1738,169,4402,7,5,5,4402,0,0,0,,0,000,"BEACH ST","MAIN ST",415.00,W,N,A,-,N,,,,,,,,,,N,3,0,1,2,A,-,17,22517,,N,B,G,A,A,H,-,A,D,0,,Y,,,Y,,A,01,0,1,0,0,0,0,1,0,0,"- ","- ",,,"SANTA CRUZ","SANTA CRUZ",-122.02334594726562,36.962898254394531
9583916,2023,2023-08-24,4403,2023-07-28,1248,341,539,5,5,4,4403,0,0,0,,0,005,"GREEN VALLEY RD","FREEDOM BL",102.00,E,N,A,-,N,,,,,,,,,,N,4,0,1,2,A,-,09,21804,A,N,D,C,A,A,H,-,A,D,0,,,,,Y,,D,22,0,0,1,0,0,0,0,0,0,"- ","- ",,,"SANTA CRUZ",WATSONVILLE,-121.77317047119141,36.935272216796875
9584284,2023,2023-05-23,4402,2023-04-16,1258,804,,7,5,5,4402,0,0,0,,0,,"CHINQUAPIN RD","MCLAUGHLIN DR",0.00,,-,A,-,N,,,,,,,,,,N,4,0,1,1,A,-,03,22350,,N,H,J,A,A,H,-,A,A,0,,Y,,,Y,,L,04,0,0,1,0,0,0,1,0,0,"- ","- ",37.000171661376953,-122.05779266357422,"SANTA CRUZ","SANTA CRUZ",-122.05628967285156,36.999973297119141
9597023,2023,2023-08-23,4403,2023-07-04,1621,418,107,2,5,4,4403,0,0,0,,0,001,"LINCOLN ST","PALM AV",216.00,S,N,A,-,N,,,,,,,,,,N,4,0,1,2,A,-,09,21804,A,N,D,D,A,A,H,-,A,D,0,,,,,Y,,A,07,0,0,1,0,0,0,0,0,0,"- ","- ",,,"SANTA CRUZ",WATSONVILLE,-121.75580596923828,36.917392730712891
9597024,2023,2023-08-23,4403,2023-07-16,1715,432,109,7,5,4,4403,0,0,0,,0,001,"MAIN ST","PECK ST",0.00,,Y,A,-,N,,,,,,,,,,N,4,0,1,2,A,-,10,21950,A,N,G,B,B,A,H,-,A,A,0,Y,,,,Y,,A,01,0,0,1,0,1,0,0,0,0,"- ","- ",,,"SANTA CRUZ",WATSONVILLE,-121.75627136230469,36.909683227539062
9600124,2023,2023-08-11,4403,2023-07-03,1336,418,224,1,5,4,4403,0,0,0,,0,002,"2ND ST","WALKER ST",0.00,,Y,A,-,N,,,,,,,,,,N,3,0,2,2,A,-,09,21802,A,N,D,D,A,A,H,-,A,A,0,,,,,Y,,A,07,0,1,1,0,0,0,0,0,0,"- ","- ",,,"SANTA CRUZ",WATSONVILLE,-121.75956726074219,36.906444549560547
9603494,2023,2023-08-23,4402,2023-07-16,1542,136,4402,7,5,5,4402,0,0,0,,0,,"MISSION ST","SWIFT ST",0.00,,Y,A,-,Y,SCR,5,1,-,-,19.690,I,5,N,N,3,0,1,2,A,-,12,21453,A,N,D,G,A,A,H,-,A,A,0,,Y,,,Y,,D,22,0,1,0,0,0,0,1,0,0,"- ","- ",,,"SANTA CRUZ","SANTA CRUZ",-122.04939270019531,36.960586547851562
9603906,2023,2023-08-18,4402,2023-07-24,2117,148,4402,1,5,5,4402,0,0,0,,0,000,"3RD AV","KAYE ST",49.00,N,N,A,-,N,,,,,,,,,,N,3,0,1,2,A,-,17,21657,,N,A,G,A,A,H,-,C,D,0,,Y,,,Y,,L,04,0,1,0,0,0,0,1,0,0,"- ","- ",,,"SANTA CRUZ","SANTA CRUZ",-122.01641082763672,36.967021942138672
9608401,2023,2023-08-15,4401,2023-07-12,1636,484,4401,3,5,3,4401,0,0,0,,0,,"41ST AV","GROSS RD",192.00,N,N,A,-,N,,,,,,,,,,N,4,0,2,2,A,-,03,22350,,N,C,C,A,A,H,-,A,A,0,,,,,Y,,A,01,0,0,2,0,0,0,0,0,0,"- ","- ",,,"SANTA CRUZ",CAPITOLA,-121.964599609375,36.981594085693359
9616219,2023,2023-10-11,4402,2023-09-09,2200,148,4402,6,5,5,4402,0,0,0,,0,000,"MORRISSEY BL","HAMMOND AV",0.00,,Y,A,-,N,,,,,,,,,,N,2,0,1,2,A,-,03,22350,,N,D,G,A,A,H,-,C,A,0,,Y,,,Y,,D,22,1,0,0,0,0,0,1,0,0,"- ","- ",,,"SANTA CRUZ","SANTA CRUZ",-122.00563812255859,36.984310150146484
9626502,2023,2023-11-13,4402,2023-09-18,"638 ",134,4402,1,5,5,4402,0,0,0,,0,,"RT 1","ALMAR AV",0.00,,Y,B,-,Y,SCR,5,1,-,-,19.351,I,5,N,N,4,0,1,2,A,-,08,22107,,N,B,C,A,A,H,-,A,A,0,,,,,Y,,-,,0,0,1,0,0,0,0,0,0,"- ","- ",,,"SANTA CRUZ","SANTA CRUZ",-122.04389953613281,36.962562561035156
9626506,2023,2023-10-24,4403,2023-09-27,1133,417,4-01,3,5,4,4403,0,0,0,,0,004,"FREEDOM BL","DAVIS AV",0.00,,Y,-,-,N,,,,,,,,,,N,4,0,1,2,A,-,10,21950,A,N,G,B,B,A,H,-,A,A,0,Y,,,,Y,,D,22,0,0,1,0,1,0,0,0,0,"- ","- ",,,"SANTA CRUZ",WATSONVILLE,-121.77081298828125,36.932830810546875
9626815,2023,2023-10-25,4403,2023-09-02,1633,388,306,6,5,4,4403,0,0,0,,0,003,"FREEDOM BL","BROADIS ST",0.00,,Y,A,-,N,,,,,,,,,,N,4,0,1,2,A,-,05,21650,1,N,E,J,A,A,H,-,A,D,0,,,,,Y,,M,94,0,0,1,0,0,0,0,0,0,"- ","- ",,,"SANTA CRUZ",WATSONVILLE,-121.76187133789062,36.923408508300781
9630647,2023,2023-11-28,4403,2023-10-11,1220,418,1-13,3,5,4,4403,0,0,0,,0,001,"BEACH ST","LINCOLN ST",225.00,W,N,A,-,N,,,,,,,,,,N,4,0,1,2,A,-,21,22106,,N,C,E,A,A,H,-,A,D,0,,,,,Y,,A,07,0,0,1,0,0,0,0,0,0,"- ","- ",,,"SANTA CRUZ",WATSONVILLE,-121.75281524658203,36.913238525390625
9632455,2023,2024-01-10,4403,2023-11-06,1252,418,109,1,5,4,4403,0,0,0,,0,001,"MAIN ST","LAKE AV",0.00,,Y,A,-,Y,SCR,5,152,-,T,2.810,H,-,W,N,4,0,2,2,A,-,03,22350,,N,C,C,A,B,H,-,A,A,0,,,,,Y,,D,22,0,0,2,0,0,0,0,0,0,"- ","- ",,,"SANTA CRUZ",WATSONVILLE,-121.75831604003906,36.911525726318359
9632459,2023,2023-11-28,4403,2023-10-24,"734 ",418,433,2,5,4,4403,0,0,0,,0,004,"MANANA LN","MARIN ST",0.00,,Y,A,-,N,,,,,,,,,,N,4,0,1,2,A,-,08,22103,,M,D,G,A,A,H,-,A,A,0,,Y,,,Y,,D,22,0,0,1,0,0,0,1,0,0,"- ","- ",,,"SANTA CRUZ",WATSONVILLE,-121.76515960693359,36.922752380371094
9646836,2023,2024-01-17,4401,2023-10-12,1511,529,4401,4,5,3,4401,0,0,0,,0,,"BAY AV","BURLINGAME AV",47.00,N,N,A,-,N,,,,,,,,,,Y,4,0,1,3,A,-,09,21804,A,N,D,C,A,A,-,-,A,D,0,,,,,Y,,A,07,0,0,1,0,0,0,0,0,0,"- ","- ",,,"SANTA CRUZ",CAPITOLA,-121.95246887207031,36.978157043457031
9647568,2023,2023-12-18,4402,2023-10-28,2246,196,4402,6,5,5,4402,0,0,0,,0,,"KING ST","BAY ST",188.00,E,N,A,-,N,,,,,,,,,,N,3,0,1,1,A,-,01,21200,5,N,F,A,A,A,H,-,D,D,0,,Y,,,Y,Y,L,04,0,1,0,0,0,0,1,0,0,"- ","- ",,,"SANTA CRUZ","SANTA CRUZ",-122.04269409179688,36.968563079833984
9654047,2023,2024-02-02,4404,2023-11-26,1725,5820,4404,7,5,3,4404,0,0,0,,0,00S,"MT HERMON RD","KINGS VILLAGE RD",0.00,,Y,A,-,N,,,,,,,,,,Y,3,0,1,2,A,-,09,21801,A,N,B,C,A,A,H,-,C,A,0,,,,,Y,,A,07,0,1,0,0,0,0,0,0,0,"- ","- ",37.046001434326172,-122.02822875976562,"SANTA CRUZ","SCOTTS VALLEY",-122.02828979492188,37.046005249023438
9656099,2023,2024-02-16,4403,2023-12-04,1619,T0024,314,1,5,4,4403,0,0,0,,0,003,"LAKE AV","BLACKBURN ST",0.00,,Y,A,-,Y,SCR,5,152,-,-,0.571,I,5,W,N,4,0,1,2,A,-,09,21804,A,N,D,G,A,A,H,-,A,D,0,,Y,,,Y,,L,04,0,0,1,0,0,0,1,0,0,"- ","- ",,,"SANTA CRUZ",WATSONVILLE,-121.75119781494141,36.916873931884766
9656255,2023,2024-02-16,4403,2023-12-11,"252 ",T0015,108,1,5,4,4403,0,0,0,,0,001,"MAIN ST","BEACH ST",0.00,,Y,A,-,Y,SCR,5,152,-,T,2.128,I,5,E,N,4,0,1,2,A,-,12,21453,A,N,D,D,A,A,H,-,C,A,0,,,,,Y,,A,07,0,0,1,0,0,0,0,0,0,"- ","- ",,,"SANTA CRUZ",WATSONVILLE,-121.76786041259766,36.915863037109375
9660637,2024,2024-04-30,4403,2024-02-12,"951 ",418,318,1,5,4,4403,0,0,0,,0,003,"BRONTE AV","DELTA WY",188.00,S,N,A,-,N,,,,,,,,,,N,3,0,1,1,C,-,18,,,N,H,A,A,A,H,-,A,D,0,,Y,,,Y,,-,"- ",0,1,0,0,0,0,1,0,0,"- ","- ",,,"SANTA CRUZ",WATSONVILLE,-121.73610687255859,36.918308258056641
9661032,2024,2024-03-25,4402,2024-01-05,"658 ",186,4402,5,5,5,4402,0,0,0,,0,000,"CENTER ST","PACIFIC AV",0.00,,Y,A,-,N,,,,,,,,,,N,3,0,1,2,A,-,00,21760,C,N,C,G,A,A,H,-,B,D,0,,Y,,,Y,,A,07,0,1,0,0,0,0,1,0,0,"- ","- ",,,"SANTA CRUZ","SANTA CRUZ",-117.3369140625,34.015743255615234
9665041,2024,2024-05-01,4403,2024-02-21,1843,402,305,3,5,4,4403,0,0,0,,0,003,"MADISON ST","ALVARADO ST",0.00,,Y,A,-,N,,,,,,,,,,N,3,0,1,2,A,-,03,22350,,M,B,G,A,A,H,-,D,D,0,,Y,,,Y,,L,04,0,1,0,0,0,0,1,0,0,"- ","- ",,,"SANTA CRUZ",WATSONVILLE,-121.75901031494141,36.922473907470703
9665777,2024,2024-05-24,4402,2024-03-06,1300,186,4402,3,5,5,4402,0,0,0,,0,000,"SOQUEL AV","LA FONDA AV",0.00,,Y,A,-,N,,,,,,,,,,Y,3,0,2,2,A,-,03,22350,,N,D,C,A,A,H,-,A,A,0,,,,,Y,,A,07,0,1,1,0,0,0,0,0,0,"- ","- ",,,"SANTA CRUZ","SANTA CRUZ",-121.994873046875,36.983230590820312
9665853,2024,2024-04-12,4402,2024-02-24,"638 ",166,4402,6,5,5,4402,0,0,0,,0,000,"DUFOUR ST","MISSION ST",36.00,S,N,A,-,N,,,,,,,,,,N,3,0,1,2,A,-,21,22106,,N,H,C,A,A,H,-,B,D,0,,,,,Y,,A,01,0,1,0,0,0,0,0,0,0,"- ","- ",,,"SANTA CRUZ","SANTA CRUZ",-122.04254150390625,36.963882446289062
9667788,2024,2024-03-08,4402,2024-01-22,2000,187,4402,1,5,5,4402,0,0,0,,0,000,"FRANKLIN ST","OCEAN ST",0.00,,N,A,-,N,,,,,,,,,,N,3,0,1,2,A,-,10,21950,A,N,E,B,B,A,H,-,C,A,0,Y,,,,Y,,N,60,0,1,0,0,1,0,0,0,0,"- ","- ",,,"SANTA CRUZ","SANTA CRUZ",-122.02301788330078,36.983852386474609
9667789,2024,2024-03-08,4402,2024-01-18,1557,189,4402,4,5,5,4402,0,0,0,,0,000,"WESTERN DR","GRANDVIEW ST",58.00,N,N,B,-,N,,,,,,,,,,N,3,0,1,1,A,-,03,22350,,N,F,A,A,A,H,-,A,D,0,,Y,,,Y,,L,04,0,1,0,0,0,0,1,0,0,"- ","- ",,,"SANTA CRUZ","SANTA CRUZ",-122.05667114257812,36.961387634277344
9680594,2024,2024-05-13,4403,2024-03-27,"652 ",341,5-26,3,5,4,4403,0,0,0,,0,005,"MAIN ST","HOLM RD",0.00,,Y,B,-,Y,SCR,5,152,-,T,0.330,I,5,W,Y,2,0,1,2,A,-,09,21802,A,N,D,D,A,B,H,-,B,A,0,,,,,Y,,A,01,1,0,0,0,0,0,0,0,0,"- ","- ",,,"SANTA CRUZ",WATSONVILLE,-121.78968048095703,36.920223236083984
9688049,2024,2024-06-18,4403,2024-04-04,1421,417,429,4,5,4,4403,0,0,0,,0,004,"CLIFFORD AV","PENNSYLVANIA DR",77.00,W,N,A,-,N,,,,,,,,,,N,4,0,1,2,A,-,09,21804,A,N,D,C,A,A,H,-,A,D,0,,,,,Y,,A,01,0,0,1,0,0,0,0,0,0,"- ","- ",,,"SANTA CRUZ",WATSONVILLE,-121.77475738525391,36.922557830810547
9689665,2024,2024-05-30,4403,2024-04-09,"758 ",418,224,2,5,4,4403,0,0,0,,0,002,"OHLONE PKWY","LOMA VISTA DR",660.00,N,N,A,-,N,,,,,,,,,,Y,4,0,2,2,A,-,09,21804,A,N,D,D,A,A,H,-,A,A,0,,,,,Y,,A,01,0,0,2,0,0,0,0,0,0,"- ","- ",,,"SANTA CRUZ",WATSONVILLE,-121.77554321289062,36.911613464355469
9689667,2024,2024-05-30,4402,2024-04-13,"202 ",167,4402,6,5,5,4402,0,0,0,,0,000,"HIGH ST","MOORE ST",11.00,W,N,C,-,N,,,,,,,,,,Y,4,0,1,2,A,-,01,23153,A,N,C,C,A,B,H,-,C,A,0,,,,,Y,Y,A,01,0,0,1,0,0,0,0,0,0,"- ","- ",,,"SANTA CRUZ","SANTA CRUZ",-122.04784393310547,36.97784423828125
9691355,2024,2024-04-13,4403,2024-03-13,1558,418,434,3,5,4,4403,0,0,0,,0,004,"FREEDOM BL","ARTHUR RD",50.00,S,N,A,-,N,,,,,,,,,,N,3,0,1,2,A,-,03,22350,,N,C,C,A,A,H,-,A,A,0,,,,,Y,,A,01,0,1,0,0,0,0,0,0,0,"- ","- ",,,"SANTA CRUZ",WATSONVILLE,-121.76747894287109,36.929569244384766
9696228,2024,2024-08-05,4402,2024-04-16,"949 ",830HT,,2,5,5,4402,0,0,0,,0,,"HELLER DR","MEYER DR",0.00,,Y,A,-,N,,,,,,,,,,N,3,0,1,1,A,-,03,22350,,N,H,A,A,A,H,-,A,D,0,,Y,,,Y,,L,04,0,1,0,0,0,0,1,0,0,"- ","- ",36.99530029296875,-122.06346893310547,"SANTA CRUZ","SANTA CRUZ",-122.06352996826172,36.994258880615234
9698939,2024,2024-06-21,4402,2024-04-12,1538,186,4402,5,5,5,4402,0,0,0,,0,000,"GRANDVIEW ST","SERRA CT",25.00,E,N,A,-,N,,,,,,,,,,N,3,0,1,2,A,-,05,21202,A,N,B,E,A,A,H,-,A,D,0,,Y,,,Y,,L,04,0,1,0,0,0,0,1,0,0,"- ","- ",,,"SANTA CRUZ","SANTA CRUZ",-122.0504150390625,36.9615478515625
9700255,2024,2024-06-27,4403,2024-05-19,1734,341,314,7,5,4,4403,0,0,0,,0,003,"MADISON ST","CALIFORNIA ST",235.00,N,N,A,-,N,,,,,,,,,,Y,3,0,2,3,A,-,08,22107,,N,B,E,A,A,H,-,A,D,0,,,,,Y,,A,01,0,1,1,0,0,0,0,0,0,"- ","- ",,,"SANTA CRUZ",WATSONVILLE,-121.75668334960938,36.919757843017578
9704011,2024,2024-07-22,4404,2024-05-24,1255,5600,4404,5,5,3,4404,0,0,0,,0,NORTH,"MT HERMON RD","LA MADRONA DR",0.00,,Y,A,-,N,,,,,,,,,,Y,2,0,1,2,A,-,12,21453,A,N,D,C,A,A,H,-,A,A,0,,,,,Y,,A,01,1,0,0,0,0,0,0,0,0,"- ","- ",37.037139892578125,-122.02200317382812,"SANTA CRUZ","SCOTTS VALLEY",-122.02204132080078,37.037044525146484
9704012,2024,2024-07-22,4402,2024-05-25,2312,148,4402,6,5,5,4402,0,0,0,,0,000,"SOQUEL AV","CAPITOLA RD",0.00,,Y,A,-,N,,,,,,,,,,Y,4,0,2,3,A,-,12,21453,A,N,D,C,A,A,H,-,A,A,0,,,,,Y,,A,01,0,0,2,0,0,0,0,0,0,"- ","- ",,,"SANTA CRUZ","SANTA CRUZ",-121.99741363525391,36.981925964355469
9705648,2024,2024-08-23,4402,2024-06-23,"951 ",192,SANTA,7,5,5,4402,0,0,0,,0,000,BRANCIFORTE,"DAHLIA ST",174.00,N,N,A,-,N,,,,,,,,,,N,4,0,1,2,A,-,08,22107,,N,B,E,A,A,H,-,A,D,0,,Y,,,Y,,L,04,0,0,1,0,0,0,1,0,0,"- ","- ",,,"SANTA CRUZ","SANTA CRUZ",-122.01304626464844,36.983749389648438
9709814,2024,2024-08-22,4402,2024-07-17,1310,192,4402,3,5,5,4402,0,0,0,,0,000,"DARWIN ST",BROADWAY,152.00,S,N,A,-,N,,,,,,,,,,N,3,0,1,1,A,-,03,22350,,N,H,A,A,A,A,B,A,D,0,,Y,,,Y,,L,04,0,1,0,0,0,0,1,0,0,"- ","- ",,,"SANTA CRUZ","SANTA CRUZ",-122.00582885742188,36.97552490234375
9711911,2024,2024-09-06,4402,2024-08-11,1624,192,4402,7,5,5,4402,0,0,0,,0,000,"RIVER ST","MORA ST",75.00,N,N,A,-,N,,,,,,,,,,N,3,0,1,1,A,-,03,22350,,N,E,I,A,A,H,-,A,D,0,,Y,,,Y,,L,04,0,1,0,0,0,0,1,0,0,"- ","- ",,,"SANTA CRUZ","SANTA CRUZ",-122.02875518798828,36.980667114257812
9711912,2024,2024-09-06,4402,2024-08-10,1406,186,4402,6,5,5,4402,0,0,0,,0,000,"BROMMER ST","SANTA CRUZ HARBOR PATH",100.00,N,N,A,-,N,,,,,,,,,,N,3,0,1,1,A,-,08,22107,,N,F,A,A,A,H,-,A,D,0,,Y,,,Y,,L,04,0,1,0,0,0,0,1,0,0,"- ","- ",,,"SANTA CRUZ","SANTA CRUZ",,
9713498,2024,2024-07-11,4403,2024-05-27,2100,417,401,1,5,4,4403,0,0,0,,0,004,"GREEN VALLEY RD","FREEDOM BL",270.00,N,N,A,-,N,,,,,,,,,,Y,2,0,1,2,A,-,09,21801,A,N,D,C,A,A,H,-,A,D,0,,,Y,,Y,,A,01,1,0,0,0,0,0,0,0,1,"- ","- ",,,"SANTA CRUZ",WATSONVILLE,-121.77285766601562,36.935657501220703
9722104,2024,2024-09-16,4403,2024-08-26,1434,417,306,1,5,4,4403,0,0,0,,0,003,"LINCOLN ST","PROSPECT ST",0.00,,Y,A,-,N,,,,,,,,,,Y,4,0,2,2,A,-,09,21802,A,N,D,C,A,A,H,-,A,A,0,,,,,Y,,A,01,0,0,2,0,0,0,0,0,0,"- ","- ",,,"SANTA CRUZ",WATSONVILLE,-121.76087951660156,36.922573089599609
9722610,2024,2024-08-29,4402,2024-08-15,"653 ",186,4402,4,5,5,4402,0,0,0,,0,000,"SEABRIGHT AV",BROADWAY,0.00,,Y,A,-,N,,,,,,,,,,Y,3,0,2,2,A,-,09,21801,A,N,A,C,A,A,H,-,B,A,0,,,,,Y,,D,22,0,1,1,0,0,0,0,0,0,"- ","- ",,,"SANTA CRUZ","SANTA CRUZ",-122.00856018066406,36.975292205810547
9734825,2024,2024-10-08,4402,2024-09-14,1457,186,4402,6,5,5,4402,0,0,0,,0,000,"PROSPECT HEIGHTS","CAMINO DEL SOL",0.00,,Y,B,-,N,,,,,,,,,,N,3,0,1,2,A,-,11,21954,A,N,G,B,D,A,H,-,A,D,0,Y,,,,Y,,N,60,0,1,0,0,1,0,0,0,0,"- ","- ",,,"SANTA CRUZ","SANTA CRUZ",-121.99177551269531,36.990802764892578
9735607,2024,2024-10-30,4403,2024-10-14,1714,387,539,1,5,4,4403,0,0,0,,0,005,"AIRPORT BL","FREEDOM BL",183.00,W,N,A,-,N,,,,,,,,,,N,4,0,1,2,A,-,09,21801,A,N,D,C,A,A,H,-,A,D,0,,,,,Y,,A,01,0,0,1,0,0,0,0,0,0,"- ","- ",,,"SANTA CRUZ",WATSONVILLE,-121.77818298339844,36.937892913818359
9735608,2024,2024-10-30,4403,2024-10-04,1653,356,315,5,5,4,4403,0,0,0,,0,003,"HUSHBECK AV","MCKENZIE AV",0.00,,Y,A,-,N,,,,,,,,,,Y,4,0,1,2,A,-,06,21750,A,N,D,C,A,A,H,-,A,D,0,,,,,Y,Y,A,01,0,0,1,0,0,0,0,0,0,"- ","- ",,,"SANTA CRUZ",WATSONVILLE,-121.74451446533203,36.918243408203125