CASE_ID,ACCIDENT_YEAR,PROC_DATE,JURIS,COLLISION_DATE,COLLISION_TIME,OFFICER_ID,REPORTING_DISTRICT,DAY_OF_WEEK,CHP_SHIFT,POPULATION,CNTY_CITY_LOC,SPECIAL_COND,BEAT_TYPE,CHP_BEAT_TYPE,CITY_DIVISION_LAPD,CHP_BEAT_CLASS,BEAT_NUMBER,PRIMARY_RD,SECONDARY_RD,DISTANCE,DIRECTION,INTERSECTION,WEATHER_1,WEATHER_2,STATE_HWY_IND,CALTRANS_COUNTY,CALTRANS_DISTRICT,STATE_ROUTE,ROUTE_SUFFIX,POSTMILE_PREFIX,POSTMILE,LOCATION_TYPE,RAMP_INTERSECTION,SIDE_OF_HWY,TOW_AWAY,COLLISION_SEVERITY,NUMBER_KILLED,NUMBER_INJURED,PARTY_COUNT,PRIMARY_COLL_FACTOR,PCF_CODE_OF_VIOL,PCF_VIOL_CATEGORY,PCF_VIOLATION,PCF_VIOL_SUBSECTION,HIT_AND_RUN,TYPE_OF_COLLISION,MVIW,PED_ACTION,ROAD_SURFACE,ROAD_COND_1,ROAD_COND_2,LIGHTING,CONTROL_DEVICE,CHP_ROAD_TYPE,PEDESTRIAN_ACCIDENT,BICYCLE_ACCIDENT,MOTORCYCLE_ACCIDENT,TRUCK_ACCIDENT,NOT_PRIVATE_PROPERTY,ALCOHOL_INVOLVED,STWD_VEHTYPE_AT_FAULT,CHP_VEHTYPE_AT_FAULT,COUNT_SEVERE_INJ,COUNT_VISIBLE_INJ,COUNT_COMPLAINT_PAIN,COUNT_PED_KILLED,COUNT_PED_INJURED,COUNT_BICYCLIST_KILLED,COUNT_BICYCLIST_INJURED,COUNT_MC_KILLED,COUNT_MC_INJURED,PRIMARY_RAMP,SECONDARY_RAMP,LATITUDE,LONGITUDE,COUNTY,CITY,POINT_X,POINT_Y
9735610,2024,2024-10-30,4403,2024-10-14,"732 ",417,527,1,5,4,4403,0,0,0,,0,005,"AIRPORT BL","WESTGATE DR",0.00,,Y,A,-,N,,,,,,,,,,N,4,0,2,2,A,-,12,21453,A,N,D,C,A,A,H,-,A,A,0,,,,,Y,,A,01,0,0,2,0,0,0,0,0,0,"- ","- ",,,"SANTA CRUZ",WATSONVILLE,-121.79637908935547,36.925594329833984
9736494,2024,2024-10-08,4402,2024-09-08,"154 ",161,4402,7,5,5,4402,0,0,0,,0,000,"SEABRIGHT AV","WINDHAM ST",50.00,N,N,A,-,N,,,,,,,,,,N,3,0,1,1,D,-,00,,,N,H,A,A,A,H,-,C,D,0,,Y,,,Y,,-,"- ",0,1,0,0,0,0,1,0,0,"- ","- ",,,"SANTA CRUZ","SANTA CRUZ",-122.00803375244141,36.973365783691406
9738557,2024,2024-10-17,4401,2024-08-26,2005,527,4401,1,5,3,4401,0,0,0,,0,,"41ST AV","RT 1",0.00,,Y,A,-,Y,SCR,5,1,-,-,13.801,R,1,S,N,3,0,1,2,A,-,05,21650,,N,H,G,A,A,H,-,C,A,0,,Y,,,Y,,L,04,0,1,0,0,0,0,1,0,0,"- ",SF,,,"SANTA CRUZ",CAPITOLA,-121.96773529052734,36.982852935791016
9738909,2024,2024-10-23,4402,2024-09-15,2232,135,4402,7,5,5,4402,0,0,0,,0,000,"PLYMOUTH ST","RT 1",0.00,,Y,A,-,Y,SCR,5,1,-,-,17.091,R,3,S,Y,4,0,2,2,A,-,09,21801,A,N,D,D,A,A,H,-,C,A,0,,,,,Y,,A,01,0,0,2,0,0,0,0,0,0,"- ","- ",,,"SANTA CRUZ","SANTA CRUZ",-122.02296447753906,36.986934661865234
9756050,2024,2024-11-25,4402,2024-10-27,1340,170,4402,7,5,5,4402,0,0,0,,0,000,"CENTER ST","ELM ST",5.00,S,N,A,-,N,,,,,,,,,,N,3,0,1,2,A,-,00,21954,,N,G,B,B,A,H,-,A,A,0,Y,,,,Y,,N,60,0,1,0,0,1,0,0,0,0,"- ","- ",,,"SANTA CRUZ","SANTA CRUZ",-122.02773284912109,36.970687866210938
9756737,2024,2024-12-02,4403,2024-11-10,"207 ",T0021,1-13,7,5,4,4403,0,0,0,,0,001,"BRIDGE ST","BLACKBURN ST",329.00,E,N,A,-,N,,,,,,,,,,Y,4,0,1,4,A,-,08,22107,,N,C,E,A,A,H,-,D,D,0,,,,,Y,Y,A,07,0,0,1,0,0,0,0,0,0,"- ","- ",,,"SANTA CRUZ",WATSONVILLE,-121.74553680419922,36.913093566894531
9758799,2024,2024-12-17,4402,2024-10-13,1830,128,4402,7,5,5,4402,0,0,0,,0,000,"MUNICIPAL WHARF","BEACH ST",612.00,W,N,A,-,N,,,,,,,,,,N,3,0,1,1,C,-,18,,,N,H,A,A,A,A,-,A,D,0,,Y,,,Y,,-,"- ",0,1,0,0,0,0,1,0,0,"- ","- ",,,"SANTA CRUZ","SANTA CRUZ",-122.023681640625,36.962730407714844
9768208,2024,2025-02-24,4402,2024-12-05,1642,196,4402,4,5,5,4402,0,0,0,,0,000,"RT 9","VERNON ST",1800.00,N,N,A,-,Y,SCR,5,9,-,-,0.870,H,-,N,N,2,0,1,2,A,-,11,21954,A,F,G,B,D,A,H,-,A,D,0,Y,,,,Y,,N,60,1,0,0,0,1,0,0,0,0,"- ","- ",,,"SANTA CRUZ","SANTA CRUZ",-122.03500366210938,36.994407653808594
9769556,2024,2025-01-08,4403,2024-11-10,"533 ",T0021,4-03,7,5,4,4403,0,0,0,,0,004,"FREEDOM BL","GARDNER AV",0.00,,Y,A,-,N,,,,,,,,,,N,4,0,2,2,A,-,03,22350,,N,C,C,A,A,H,-,A,A,0,,,,,Y,Y,A,01,0,0,2,0,0,0,0,0,0,"- ","- ",,,"SANTA CRUZ",WATSONVILLE,-121.76821136474609,36.930301666259766
9779458,2025,2025-02-25,4403,2025-02-03,2149,409,430,1,5,4,4403,0,0,0,,0,004,"CLIFFORD AV","HAMMER DR",0.00,,Y,A,-,N,,,,,,,,,,N,4,0,1,2,A,-,10,21950,A,M,G,B,B,A,H,-,C,A,0,Y,,,,Y,,D,22,0,0,1,0,1,0,0,0,0,"- ","- ",,,"SANTA CRUZ",WATSONVILLE,-121.77510833740234,36.92041015625
9781650,2025,2025-02-12,4402,2025-01-27,1500,192,4402,1,5,5,4402,0,0,0,,0,000,"KING ST","HOLLYWOOD AV",30.00,W,N,A,G,N,,,,,,,,,,N,3,0,1,1,A,-,08,22107,,N,H,A,A,A,H,-,-,D,0,,Y,,,Y,,L,04,0,1,0,0,0,0,1,0,0,"- ","- ",,,"SANTA CRUZ","SANTA CRUZ",-122.03757476806641,36.973606109619141
9788622,2025,2025-05-09,4403,2025-04-22,"812 ",T0030,316,2,5,4,4403,0,0,0,,0,003,"MARTINELLI ST","CALIFORNIA ST W",67.00,W,N,A,-,N,,,,,,,,,,Y,4,0,1,2,A,-,08,22107,,N,B,C,A,A,H,-,A,D,0,,,,,Y,,A,01,0,0,1,0,0,0,0,0,0,"- ","- ",,,"SANTA CRUZ",WATSONVILLE,-121.74937438964844,36.925724029541016
9789615,2025,2025-04-22,4402,2025-03-19,1412,142,4402,3,5,5,4402,0,0,0,,0,000,"SOQUEL AV","MENTEL AV",4.00,W,N,A,-,N,,,,,,,,,,N,3,0,1,2,A,-,03,22350,,N,G,B,B,A,H,-,A,A,0,Y,,,,Y,,A,01,0,1,0,0,1,0,0,0,0,"- ","- ",,,"SANTA CRUZ","SANTA CRUZ",-122.00008392333984,36.9815673828125
9791892,2025,2025-07-29,4402,2025-06-26,1322,161,4402,4,5,5,4402,0,0,0,,0,000,"WATER ST","POPLAR AV",0.00,,Y,A,-,N,,,,,,,,,,N,2,0,1,2,A,-,10,21950,,N,G,B,B,A,H,-,A,A,0,Y,,,,Y,,D,22,1,0,0,0,1,0,0,0,0,"- ","- ",,,"SANTA CRUZ","SANTA CRUZ",-122.00818634033203,36.981395721435547
9794891,2025,2025-04-01,4403,2025-03-10,1418,372,539,1,5,4,4403,0,0,0,,0,005,"FREEDOM BL","GREEN VALLEY RD",127.00,N,N,A,-,N,,,,,,,,,,Y,4,0,1,2,A,-,09,21801,A,N,D,C,A,A,H,-,A,D,0,,,Y,,Y,,A,08,0,0,1,0,0,0,0,0,1,"- ","- ",,,"SANTA CRUZ",WATSONVILLE,-121.77367401123047,36.935287475585938
9799384,2025,2025-07-08,4402,2025-06-12,1830,130,4402,4,5,5,4402,0,0,0,,0,000,"SOQUEL AV","FREDERICK ST",53.00,E,N,A,-,N,,,,,,,,,,Y,4,0,2,2,A,-,05,21460,A,N,D,C,A,A,H,-,A,D,0,,,,,Y,,A,01,0,0,2,0,0,0,0,0,0,"- ","- ",,,"SANTA CRUZ","SANTA CRUZ",-122.00456237792969,36.981494903564453
9804152,2025,2025-05-07,4401,2025-02-17,1612,531,4401,1,5,3,4401,0,0,0,,0,,"KENNEDY DR","PONSELLE LN",53.00,S,N,A,-,N,,,,,,,,,,Y,4,0,1,3,A,-,01,23152,A,M,A,C,A,A,H,-,A,D,0,,,,,Y,Y,A,01,0,0,1,0,0,0,0,0,0,"- ","- ",,,"SANTA CRUZ",CAPITOLA,-121.94312286376953,36.982585906982422
9806994,2025,2025-07-14,4403,2025-04-29,1916,428,,2,5,4,4403,0,0,0,,0,,"MAIN ST","LAKE AV",0.00,,Y,A,-,Y,SCR,5,152,-,T,2.803,I,5,W,N,4,0,1,2,A,-,08,22107,,N,G,B,B,A,H,-,B,A,0,Y,,,,Y,,D,22,0,0,1,0,1,0,0,0,0,"- ","- ",,,"SANTA CRUZ",WATSONVILLE,-121.75839996337891,36.911598205566406
9810817,2025,2025-06-20,4402,2025-05-10,1503,140,4402,6,5,5,4402,0,0,0,,0,000,"SOQUEL AV","MORRISSEY BL",0.00,,Y,A,-,N,,,,,,,,,,N,3,0,1,2,A,-,12,21453,A,N,D,-,A,A,H,-,A,A,0,,,Y,,Y,,C,03,0,1,0,0,0,0,0,0,1,"- ","- ",,,"SANTA CRUZ","SANTA CRUZ",-122.00687408447266,36.981349945068359
9811086,2025,2025-07-14,4403,2025-06-13,1805,418,2-23,5,5,4,4403,0,0,0,,0,002,"MAIN ST",CROSSROADS,0.00,,Y,A,-,Y,SCR,5,152,-,T,2.803,I,5,W,N,4,0,1,3,A,-,03,22350,,N,C,C,A,A,H,-,A,A,0,,,,,Y,,D,22,0,0,1,0,0,0,0,0,0,"- ","- ",,,"SANTA CRUZ",WATSONVILLE,-121.75839996337891,36.911598205566406
9811601,2025,2025-08-04,4401,2025-06-04,1303,530,4401,3,5,3,4401,0,0,0,,0,,"CLARES ST","DERBY AV",0.00,,Y,A,-,N,,,,,,,,,,N,4,0,1,3,A,-,03,22350,,N,C,C,A,A,H,-,A,D,0,,,,,Y,,D,22,0,0,1,0,0,0,0,0,0,"- ","- ",,,"SANTA CRUZ",CAPITOLA,-121.96360778808594,36.978355407714844
9811930,2025,2025-10-02,4401,2025-03-10,1716,524,4401,1,5,3,4401,0,0,0,,0,,"BAY AV","HILL ST",200.00,N,N,A,-,N,,,,,,,,,,Y,3,0,1,2,A,-,09,21804,A,N,D,C,A,A,H,-,A,D,0,,,,,Y,Y,A,01,0,1,0,0,0,0,0,0,0,"- ","- ",,,"SANTA CRUZ",CAPITOLA,-121.9559326171875,36.981533050537109
9812191,2025,2025-07-14,4402,2025-05-18,1616,187,4402,7,5,5,4402,0,0,0,,0,000,"BIXBY ST","CLIFF DR",234.00,E,N,A,-,N,,,,,,,,,,N,3,0,1,2,A,-,17,21200,A,N,A,G,A,A,H,-,A,D,0,,Y,,,Y,,L,04,0,1,0,0,0,0,1,0,0,"- ","- ",,,"SANTA CRUZ","SANTA CRUZ",,
9812860,2025,2025-11-26,4403,2025-11-02,1830,416,3-19,7,5,4,4403,0,0,0,,0,003,"BRIDGE ST","LAKE AV",0.00,,Y,A,-,Y,SCR,5,152,-,-,1.631,I,5,W,N,3,0,2,2,B,-,22,,,N,D,C,A,A,H,-,C,A,0,,,Y,,Y,,C,06,0,1,1,0,0,0,0,0,2,"- ","- ",,,"SANTA CRUZ",WATSONVILLE,-121.74428558349609,36.930694580078125
9812897,2025,2025-11-26,4402,2025-10-30,1733,130,4402,4,5,5,4402,0,0,0,,0,000,"RT 1","RIVER ST",50.00,S,N,A,-,Y,SCR,5,1,-,-,17.540,H,-,N,N,4,0,2,2,A,-,04,21703,,N,C,C,A,A,H,-,A,A,0,,,,,Y,,A,01,0,0,2,0,0,0,0,0,0,"- ","- ",,,"SANTA CRUZ","SANTA CRUZ",-122.02951049804688,36.984626770019531
9813832,2025,2025-06-12,4402,2025-05-10,"158 ",167,4402,6,5,5,4402,0,0,0,,0,000,"ERRETT CIR","CALIFORNIA AV",66.00,E,N,A,-,N,,,,,,,,,,Y,3,0,2,3,A,-,03,22350,,N,C,E,A,A,H,-,C,D,0,,,,,Y,,A,01,0,2,0,0,0,0,0,0,0,"- ","- ",,,"SANTA CRUZ","SANTA CRUZ",-122.03766632080078,36.959827423095703
9816891,2025,2025-06-20,4404,2025-05-25,1252,1010,4404,7,5,3,4404,0,0,0,,0,00S,"GRANITE CREEK RD","BURLWOOD DR",64.00,W,N,A,-,N,,,,,,,,,,N,3,0,1,2,A,-,08,22107,,N,H,G,A,A,H,-,A,D,0,,Y,,,Y,,A,01,0,1,0,0,0,0,1,0,0,"- ","- ",37.059410095214844,-122.00050354003906,"SANTA CRUZ","SCOTTS VALLEY",-122.00070190429688,37.059516906738281
9818497,2025,2025-08-27,4402,2025-07-08,2331,186,4402,2,5,5,4402,0,0,0,,0,000,"SOQUEL AV","RIVER ST",0.00,,Y,A,-,N,,,,,,,,,,N,3,0,1,1,A,-,14,21201,D,N,E,I,A,A,H,-,D,A,0,,Y,,,Y,,L,04,0,1,0,0,0,0,1,0,0,"- ","- ",,,"SANTA CRUZ","SANTA CRUZ",-122.02363586425781,36.97344970703125
9823137,2025,2025-09-05,4402,2025-08-17,1444,192,4402,7,5,5,4402,0,0,0,,0,000,"OCEAN ST","SOQUEL AV",0.00,,Y,A,-,N,,,,,,,,,,N,4,0,1,2,A,-,05,21650,1,N,D,C,A,A,H,-,A,A,0,,,,,Y,,M,94,0,0,1,0,0,0,0,0,0,"- ","- ",,,"SANTA CRUZ","SANTA CRUZ",-122.01890563964844,36.97454833984375
9829022,2025,2025-06-19,4402,2025-06-07,"905 ",196,4402,6,5,5,4402,0,0,0,,0,000,"SEABRIGHT AV","MURRAY ST",160.00,S,N,A,-,N,,,,,,,,,,Y,3,0,1,2,A,-,01,23152,A,M,D,E,A,A,H,-,A,D,0,,,,,Y,Y,A,07,0,1,0,0,0,0,0,0,0,"- ","- ",,,"SANTA CRUZ","SANTA CRUZ",-122.00778198242188,36.966842651367188
9829299,2025,2025-06-26,4401,2025-04-01,1450,531,4401,2,5,3,4401,0,0,0,,0,,"41ST AV","REPOSA AV",4.00,N,N,A,-,N,,,,,,,,,,N,3,0,1,2,A,-,05,21650,1,N,D,A,A,A,H,-,A,D,0,,Y,,,Y,,L,04,0,1,0,0,0,0,1,0,0,"- ","- ",,,"SANTA CRUZ",CAPITOLA,-121.96489715576172,36.969181060791016
9831018,2025,2025-08-27,4401,2025-07-06,1648,528,4401,7,5,3,4401,0,0,0,,0,004,"CLIFF DR","CLIFF DR 4800",0.00,,N,A,-,N,,,,,,,,,,N,3,0,1,1,A,-,03,22350,,N,E,I,A,A,H,-,A,D,0,,,Y,,Y,,C,03,0,1,0,0,0,0,0,0,1,"- ","- ",,,"SANTA CRUZ",CAPITOLA,-121.88835144042969,36.961036682128906
9831034,2025,2025-08-04,4401,2025-06-18,"12  ",524,4401,3,5,3,4401,0,0,0,,0,,"PARK AV","MCGREGOR DR",0.00,,Y,A,-,N,,,,,,,,,,N,4,0,1,2,A,-,09,21802,A,N,D,C,A,A,H,-,C,A,0,,,,,Y,,A,01,0,0,1,0,0,0,0,0,0,"- ","- ",,,"SANTA CRUZ",CAPITOLA,-121.93781280517578,36.982315063476562
9869003,2025,2025-08-12,4403,2025-07-31,1539,417,1-11,4,5,4,4403,0,0,0,,0,001,"FRONT ST","UNION ST",300.00,E,N,A,-,N,,,,,,,,,,N,4,0,1,2,A,-,09,21804,A,N,D,C,A,A,H,-,A,D,0,,,,,Y,,A,07,0,0,1,0,0,0,0,0,0,"- ","- ",,,"SANTA CRUZ",WATSONVILLE,-121.75055694580078,36.907245635986328
9869974,2025,2025-08-13,4403,2025-07-22,"623 ",368,1-10,2,5,4,4403,0,0,0,,0,001,"MAIN ST","RIVERSIDE DR",776.00,S,N,A,-,N,,,,,,,,,,Y,4,0,1,4,A,-,03,22350,,N,C,C,A,A,H,-,A,D,0,,,,,Y,,A,01,0,0,1,0,0,0,0,0,0,"- ","- ",,,"SANTA CRUZ",WATSONVILLE,-121.75164031982422,36.905620574951172
9875569,2025,2025-10-29,4403,2025-10-13,1334,417,,1,5,4,4403,0,0,0,,0,,"BRIDGE ST","ARCE ST",0.00,,Y,A,-,N,,,,,,,,,,N,4,0,2,2,A,-,09,21802,A,N,D,C,A,A,H,-,A,A,0,,,,,Y,,A,01,0,0,2,0,0,0,0,0,0,"- ","- ",,,"SANTA CRUZ",WATSONVILLE,-121.74321746826172,36.930274963378906
9879492,2025,2025-11-10,4403,2025-10-28,"803 ",T0036,527,2,5,4,4403,0,0,0,,0,005,"AIRPORT BL","KAMILAH DEYN CIR",18.00,W,N,A,-,N,,,,,,,,,,N,4,0,1,4,A,-,03,22350,,N,C,C,A,A,H,-,A,D,0,,,,,Y,,A,07,0,0,1,0,0,0,0,0,0,"- ","- ",,,"SANTA CRUZ",WATSONVILLE,-121.78319,36.934353999999999
9879526,2025,2025-11-24,4402,2025-10-06,2500,192,4402,1,5,5,4402,0,0,0,,0,000,"BEACH ST","PACIFIC AV",4.00,W,N,A,-,N,,,,,,,,,,N,3,0,1,1,A,-,03,22350,,N,H,A,A,A,B,-,A,A,0,,Y,,,Y,,L,04,0,1,0,0,0,0,1,0,0,"- ","- ",,,"SANTA CRUZ","SANTA CRUZ",-122.02407073974609,36.962837219238281
9879725,2025,2025-12-08,4403,2025-11-11,"556 ",372,109,2,5,4,4403,0,0,0,,0,001,"RIVERSIDE DR","UNION ST",0.00,,Y,A,-,Y,SCR,5,129,-,-,0.060,I,5,W,N,4,0,1,2,A,-,11,21456,B,N,G,B,D,B,H,-,C,A,0,Y,,,Y,Y,,N,60,0,0,1,0,1,0,0,0,0,"- ","- ",,,"SANTA CRUZ",WATSONVILLE,-121.7525634765625,36.907810211181641
9886461,2025,2025-12-08,4403,2025-11-13,1521,433,223,4,5,4,4403,0,0,0,,0,002,"MAIN ST","GREEN VALLEY RD",229.00,N,N,C,-,N,,,,,,,,,,N,3,0,2,2,A,-,04,21703,,N,C,C,A,B,H,-,A,A,0,,,,,Y,Y,A,07,0,1,1,0,0,0,0,0,0,"- ","- ",,,"SANTA CRUZ",WATSONVILLE,-121.78467559814453,36.918704986572266
9897617,2025,2026-01-16,4402,2025-12-01,1700,135,4402,1,5,5,4402,0,0,0,,0,000,"SOQUEL AV","MARNELL AV",83.00,W,N,A,-,N,,,,,,,,,,N,4,0,1,3,A,-,21,22106,,N,C,C,A,A,H,-,B,A,0,,,,,Y,,A,07,0,0,1,0,0,0,0,0,0,"- ","- ",,,"SANTA CRUZ","SANTA CRUZ",-122.00320434570312,36.981452941894531
9899148,2025,2026-02-05,4402,2025-01-08,1757,152,4402,3,5,5,4402,0,0,0,,0,000,"EMELINE AV","FERNSIDE ST",0.00,,Y,A,-,N,,,,,,,,,,N,3,0,1,2,A,-,12,22450,,N,D,G,A,A,H,-,C,A,0,,Y,,,Y,,L,04,0,1,0,0,0,0,1,0,0,"- ","- ",,,"SANTA CRUZ","SANTA CRUZ",-122.01817321777344,36.988632202148438
9901993,2025,2026-01-12,4402,2025-12-06,1741,130,4402,6,5,5,4402,0,0,0,,0,000,"WATER ST","MARKET ST",2.00,W,N,A,-,N,,,,,,,,,,N,3,0,1,2,A,-,00,23153,F,N,D,G,A,A,H,-,C,A,0,,Y,,,Y,,A,01,0,1,0,0,0,0,1,0,0,"- ","- ",,,"SANTA CRUZ","SANTA CRUZ",-122.01902008056641,36.980358123779297
6290304,2014,2014-04-30,9720,2014-02-07,1327,20143,,5,1,9,4400,0,1,3,,1,015,"RT 9","FOREST ST",7.00,S,N,B,C,Y,SCR,5,9,-,-,12.920,I,5,S,N,1,1,0,2,A,-,10,21950,A,N,G,B,B,B,H,-,A,A,0,Y,,,,Y,,A,01,0,0,0,1,0,0,0,0,0,"- ","- ",37.123860000000001,-122.12181,"SANTA CRUZ",UNINCORPORATED,-122.12186257,37.124019310000001
6291819,2014,2016-01-14,9720,2014-11-29,1458,18635,,6,2,9,4400,0,1,3,,1,035,"RT 129","OLD CHITTENDEN RD",491.00,W,N,B,-,Y,SCR,5,129,-,-,9.880,H,-,W,Y,1,2,2,2,A,-,03,22350,,N,D,C,A,B,H,-,A,D,0,,,,,Y,,A,01,1,1,0,0,0,0,0,0,0,"- ","- ",36.901429999999998,-121.59950000000001,"SANTA CRUZ",UNINCORPORATED,-121.59930288,36.90126291
6314453,2014,2016-03-05,4403,2014-01-03,1220,356,223,5,5,4,4403,0,0,0,,0,002,"MAIN ST","AUTO CENTER DR",70.00,S,N,A,-,Y,SCR,5,152,-,T,2.130,H,-,E,N,4,0,1,2,A,-,03,22350,,N,C,C,A,A,H,-,A,A,0,,,,,Y,,D,22,0,0,1,0,0,0,0,0,0,"- ","- ",,,"SANTA CRUZ",WATSONVILLE,-121.7679766,36.915920810000003
6323477,2014,2016-06-07,4403,2014-01-03,1202,340,223,5,5,4,4403,0,0,0,,0,002,"MAIN ST","GREEN VALLEY RD",600.00,N,N,A,-,Y,SCR,5,152,-,T,0.560,H,-,W,Y,4,0,2,3,A,-,05,21651,B,N,C,C,A,A,H,-,A,D,0,,,,,Y,,A,01,0,0,2,0,0,0,0,0,0,"- ","- ",,,"SANTA CRUZ",WATSONVILLE,-121.78643572,36.919075990000003
6327980,2014,2015-01-07,4403,2014-01-04,0910,340,2-24,6,5,4,4403,0,0,0,,0,002,"HARKINS SLOUGH RD","WESTRIDGE DR",0.00,,Y,A,-,N,,,,,,,,,,N,4,0,1,2,A,-,10,21950,A,N,G,B,B,A,H,-,A,A,0,Y,,,,Y,,A,07,0,0,1,0,1,0,0,0,0,"- ","- ",,,"SANTA CRUZ",WATSONVILLE,-121.78414985000001,36.914510059999998
6328018,2014,2016-03-05,9720,2014-01-06,0853,15170,,1,1,9,4400,0,1,3,,1,015,"RT 9","GLEN ARBOR RD",195.00,N,N,B,-,Y,SCR,5,9,-,-,8.150,H,-,S,N,4,0,1,2,A,-,03,22350,,N,C,C,A,A,H,-,A,A,0,,,,,Y,,A,07,0,0,1,0,0,0,0,0,0,"- ","- ",37.074750000000002,-122.08449,"SANTA CRUZ",UNINCORPORATED,-122.08450362000001,37.074718789999999
6337343,2014,2014-06-16,4403,2014-01-01,1724,281,4-38,3,5,4,4403,0,0,0,,0,004,"FREEDOM BL","SYDNEY AV",0.00,,Y,A,-,N,,,,,,,,,,Y,3,0,2,2,A,-,09,21804,A,N,D,C,A,A,H,-,C,D,0,,,,,Y,,A,01,0,1,1,0,0,0,0,0,0,"- ","- ",,,"SANTA CRUZ",WATSONVILLE,-121.76974993,36.931840110000003
6346363,2014,2014-06-05,4403,2014-01-21,1805,281,107,2,5,4,4403,0,0,0,,0,001,"SUDDEN ST","CALIFORNIA ST",117.00,S,N,A,-,N,,,,,,,,,,N,4,0,1,2,A,-,"- ",,,N,G,B,E,A,H,-,A,D,0,Y,,,,Y,,A,01,0,0,1,0,1,0,0,0,0,"- ","- ",,,"SANTA CRUZ",WATSONVILLE,-121.75896095,36.917252320000003
6359468,2014,2014-06-10,9720,2014-01-17,1115,018976,,5,1,9,4400,0,2,4,,1,024,"CAPITOLA RD","MACIEL AV",10.00,E,N,A,-,N,,,,,,,,,,Y,4,0,2,2,A,-,09,21804,A,N,D,C,A,A,H,-,A,D,0,,,,,Y,,D,22,0,0,2,0,0,0,0,0,0,"- ","- ",36.975110000000001,-121.97613,"SANTA CRUZ",UNINCORPORATED,-121.97623043,36.97512614
6359484,2014,2014-06-10,9720,2014-01-13,1155,011791,,1,1,9,4400,0,2,4,,1,021,"SOQUEL DR","COMMERCIAL CROSSING",325.00,W,N,A,-,N,,,,,,,,,,N,4,0,1,2,A,-,09,21801,A,N,D,G,A,A,H,-,A,A,0,,Y,,,Y,,D,22,0,0,1,0,0,0,1,0,0,"- ","- ",36.591700000000003,-121.5932,"SANTA CRUZ",UNINCORPORATED,-121.98394349,36.988309090000001
6359496,2014,2014-06-09,9720,2014-01-11,0315,19956,,6,3,9,4400,0,3,5,,2,100,"QUAIL HOLLOW RD","EAST ZAYANTE RD",127.00,W,N,A,-,N,,,,,,,,,,Y,4,0,1,1,A,-,01,23152,A,N,E,I,A,A,H,-,D,D,0,,,,,Y,Y,D,22,0,0,1,0,0,0,0,0,0,"- ","- ",37.074420000000003,-122.05548,"SANTA CRUZ",UNINCORPORATED,-122.05560079,37.074459240000003
6362990,2014,2016-03-05,4403,2014-01-23,0753,340,112,4,5,4,4403,0,0,0,,0,001,"RIVERSIDE DR","MARCHANT ST",40.00,W,N,A,-,Y,SCR,5,129,-,-,0.220,H,-,E,Y,4,0,1,2,A,-,03,22350,,N,C,C,A,A,H,-,A,D,0,,,,,Y,,D,22,0,0,1,0,0,0,0,0,0,"- ","- ",,,"SANTA CRUZ",WATSONVILLE,-121.75038456,36.909430579999999
6362992,2014,2014-06-10,4403,2014-01-24,1341,340,306,5,5,4,4403,0,0,0,,0,003,"FREEDOM BL","HIGH ST",160.00,N,N,A,-,N,,,,,,,,,,Y,4,0,2,2,A,-,03,22350,,N,C,C,A,A,H,-,A,D,0,,,,,Y,,A,07,0,0,2,0,0,0,0,0,0,"- ","- ",,,"SANTA CRUZ",WATSONVILLE,-121.76036532000001,36.919333780000002
6371553,2014,2016-03-05,9720,2014-01-07,1620,18601,,2,2,9,4400,0,1,3,,1,017,"RT 17","LA MADRONA DR",100.00,S,N,A,-,Y,SCR,5,17,-,-,3.301,R,3,S,Y,4,0,1,2,A,-,08,22107,,N,D,C,A,A,H,-,A,D,1,,,,,Y,,A,01,0,0,1,0,0,0,0,0,0,FR,"- ",37.036580000000001,-122.02204,"SANTA CRUZ",UNINCORPORATED,-122.02219543,37.034324329999997
6371569,2014,2016-01-11,9720,2014-01-12,1200,18231,,7,1,9,4400,0,1,3,,2,020,"RT 1","OCEAN ST",60.00,S,N,A,-,Y,SCR,5,1,-,-,17.230,H,-,S,Y,4,0,1,2,A,-,03,22350,,N,C,C,A,A,H,-,A,D,1,,,,,Y,,A,07,0,0,1,0,0,0,0,0,0,"- ","- ",36.985529999999997,-122.02574,"SANTA CRUZ",UNINCORPORATED,-122.02434183,36.985940360000001
6371594,2014,2014-06-27,4402,2014-01-01,1500,191,4402,3,5,5,4402,0,0,0,,0,00E,"BROADWAY ST","ROOSEVELT TR",15.00,N,N,A,-,N,,,,,,,,,,Y,3,0,1,2,D,-,00,,,F,D,C,A,A,H,-,A,D,0,,,,,Y,,-,"- ",0,1,0,0,0,0,0,0,0,"- ","- ",,,"SANTA CRUZ","SANTA CRUZ",-122.01693362,36.973937710000001
6371597,2014,2016-01-11,9720,2014-01-22,0650,15748,,3,1,9,4400,0,1,3,,2,030,"RT 1","LARKIN VALLEY RD",528.00,N,N,B,-,Y,SCR,5,1,-,R,7.770,H,-,S,N,4,0,1,1,A,-,08,22107,,N,F,A,A,A,H,-,B,D,1,,,Y,,Y,,C,02,0,0,1,0,0,0,0,0,1,"- ","- ",36.961979999999997,-121.8642,"SANTA CRUZ",UNINCORPORATED,-121.86376364,36.961587559999998
6374023,2014,2014-06-05,9720,2014-01-30,0815,11791,,4,1,9,4400,0,2,4,,1,021,"SOQUEL DR","CABRILLO COLLEGE N",82.00,E,N,B,-,N,,,,,,,,,,N,4,0,2,3,A,-,03,22350,,N,C,C,A,B,H,-,A,A,0,,,,,Y,,D,22,0,0,2,0,0,0,0,0,0,"- ","- ",36.592300000000002,-121.5544,"SANTA CRUZ",UNINCORPORATED,-121.92478920000001,36.988320330000001
6377767,2014,2014-06-09,4401,2014-01-04,1227,521,4401,6,5,3,4401,0,0,0,,0,005,"41ST AV","JADE ST",513.00,S,N,A,-,N,,,,,,,,,,N,4,0,1,2,A,-,05,21650,1,N,-,G,A,A,H,-,A,D,0,,Y,,,Y,,L,04,0,0,1,0,0,0,1,0,0,"- ","- ",,,"SANTA CRUZ",CAPITOLA,-121.96490319999999,36.968870780000003