CASE_ID,ACCIDENT_YEAR,PROC_DATE,JURIS,COLLISION_DATE,COLLISION_TIME,OFFICER_ID,REPORTING_DISTRICT,DAY_OF_WEEK,CHP_SHIFT,POPULATION,CNTY_CITY_LOC,SPECIAL_COND,BEAT_TYPE,CHP_BEAT_TYPE,CITY_DIVISION_LAPD,CHP_BEAT_CLASS,BEAT_NUMBER,PRIMARY_RD,SECONDARY_RD,DISTANCE,DIRECTION,INTERSECTION,WEATHER_1,WEATHER_2,STATE_HWY_IND,CALTRANS_COUNTY,CALTRANS_DISTRICT,STATE_ROUTE,ROUTE_SUFFIX,POSTMILE_PREFIX,POSTMILE,LOCATION_TYPE,RAMP_INTERSECTION,SIDE_OF_HWY,TOW_AWAY,COLLISION_SEVERITY,NUMBER_KILLED,NUMBER_INJURED,PARTY_COUNT,PRIMARY_COLL_FACTOR,PCF_CODE_OF_VIOL,PCF_VIOL_CATEGORY,PCF_VIOLATION,PCF_VIOL_SUBSECTION,HIT_AND_RUN,TYPE_OF_COLLISION,MVIW,PED_ACTION,ROAD_SURFACE,ROAD_COND_1,ROAD_COND_2,LIGHTING,CONTROL_DEVICE,CHP_ROAD_TYPE,PEDESTRIAN_ACCIDENT,BICYCLE_ACCIDENT,MOTORCYCLE_ACCIDENT,TRUCK_ACCIDENT,NOT_PRIVATE_PROPERTY,ALCOHOL_INVOLVED,STWD_VEHTYPE_AT_FAULT,CHP_VEHTYPE_AT_FAULT,COUNT_SEVERE_INJ,COUNT_VISIBLE_INJ,COUNT_COMPLAINT_PAIN,COUNT_PED_KILLED,COUNT_PED_INJURED,COUNT_BICYCLIST_KILLED,COUNT_BICYCLIST_INJURED,COUNT_MC_KILLED,COUNT_MC_INJURED,PRIMARY_RAMP,SECONDARY_RAMP,LATITUDE,LONGITUDE,COUNTY,CITY,POINT_X,POINT_Y
6557310,2014,2014-08-22,4403,2014-07-14,1332,370,224,1,5,4,4403,0,0,0,,0,002,"BEACH ST","WALKER ST",15.00,W,N,B,-,N,,,,,,,,,,N,4,0,1,2,A,-,03,22350,,N,C,C,A,A,H,-,A,D,0,,,,Y,Y,,G,25,0,0,1,0,0,0,0,0,0,"- ","- ",,,"SANTA CRUZ",WATSONVILLE,-121.76170593000001,36.907811629999998
6564019,2014,2016-05-03,9720,2014-07-12,1729,020489,,6,2,3,4401,0,3,5,,2,200,"RT 1","41ST AV",528.00,S,N,A,-,Y,SCR,5,1,-,-,13.520,H,-,S,Y,4,0,2,3,A,-,03,22350,,N,C,C,A,A,H,-,A,D,1,,,,,Y,,A,01,0,0,2,0,0,0,0,0,0,"- ","- ",36.982840000000003,-121.95972999999999,"SANTA CRUZ",CAPITOLA,-121.96270499000001,36.98268865
6567939,2014,2014-08-25,4402,2014-07-19,1315,823,3,6,5,5,4402,0,0,0,,0,,"MEYER RD","HELLER DR",0.00,,Y,A,-,N,,,,,,,,,,N,3,0,1,1,A,-,08,22107,,N,F,-,A,A,H,-,A,A,0,,Y,,,Y,,L,04,0,1,0,0,0,0,1,0,0,"- ","- ",,,"SANTA CRUZ","SANTA CRUZ",-122.06342986999999,36.99424011
6573746,2014,2014-08-04,4402,2014-06-22,2240,198,4402,7,5,5,4402,0,0,0,,0,,"LAUREL AV","FRONT ST",0.00,,Y,A,-,N,,,,,,,,,,Y,3,0,3,2,A,-,09,21453,C,N,D,C,A,A,H,-,C,A,0,,,,,Y,Y,A,07,0,1,2,0,0,0,0,0,0,"- ","- ",,,"SANTA CRUZ","SANTA CRUZ",-122.02377988000001,36.969320070000002
6579361,2014,2016-05-12,9720,2014-07-08,0650,15349,,2,1,9,4400,0,1,3,,1,035,"RT 129","BLACKBURN ST",382.00,E,N,B,-,Y,SCR,5,129,-,-,0.520,H,-,E,Y,4,0,1,3,A,-,03,22350,,N,C,C,A,B,H,-,A,D,0,,,,,Y,,A,01,0,0,1,0,0,0,0,0,0,"- ","- ",36.91263,-121.74482,"SANTA CRUZ",UNINCORPORATED,-121.74609402,36.912282920000003
6579602,2014,2014-08-28,9720,2014-07-17,1752,19790,,4,2,9,4400,0,2,4,,1,032,"GREEN VALLEY RD","LITCHFIELD LN",528.00,,N,A,-,N,,,,,,,,,,Y,3,0,2,2,A,-,01,23152,A,F,B,C,A,A,H,-,A,D,0,,,,,Y,Y,A,01,0,2,0,0,0,0,0,0,0,"- ","- ",36.986649999999997,-121.77763,"SANTA CRUZ",UNINCORPORATED,-121.77628985,36.97674009
6579607,2014,2014-08-29,9720,2014-07-06,1500,19213,,7,2,9,4400,0,3,5,,2,200,"ST ANDREWS DR","ST ANDREWS WY",200.00,W,N,A,-,N,,,,,,,,,,N,4,0,1,2,A,-,21,22106,,N,H,C,A,A,H,-,A,D,0,,,,,Y,,A,07,0,0,1,0,0,0,0,0,0,"- ","- ",36.962000000000003,-121.88200000000001,"SANTA CRUZ",UNINCORPORATED,-121.88212669000001,36.961612719999998
6579614,2014,2014-08-28,9720,2014-07-15,0905,18508,,2,1,9,4400,0,2,4,,1,021,"SOQUEL DR","HOSPITAL DR",0.00,,Y,A,-,N,,,,,,,,,,N,3,0,1,2,A,-,09,21801,A,N,H,G,A,A,H,-,A,D,0,,Y,,,Y,,A,01,0,1,0,0,0,0,1,0,0,"- ","- ",36.988289999999999,-121.98417000000001,"SANTA CRUZ",UNINCORPORATED,-121.98294461,36.988649590000001
6579634,2014,2014-10-03,9720,2014-07-10,1015,15170,,4,1,9,4400,0,2,4,,1,016,"GRAHAM HILL RD","GRANDVIEW AV",85.00,W,N,B,-,N,,,,,,,,,,Y,4,0,3,2,A,-,05,21460,A,N,E,I,A,B,H,-,A,D,0,,,,,Y,,A,07,0,0,3,0,0,0,0,0,0,"- ","- ",37.10398,-122.16191000000001,"SANTA CRUZ",UNINCORPORATED,-122.06118923,37.04566208
6579764,2014,2016-05-12,9720,2014-07-19,0150,020385,,6,3,9,4400,0,1,3,,1,015,"RT 9","TOLL ROAD TRL",3221.00,N,N,A,-,Y,SM,4,9,-,-,23.960,H,-,S,Y,3,0,1,1,A,-,08,22107,,N,E,I,A,A,H,-,D,D,0,,,,,Y,,A,01,0,1,0,0,0,0,0,0,0,"- ","- ",37.241129999999998,-122.15285,"SANTA CRUZ",UNINCORPORATED,-122.15387396,37.241446699999997
6579786,2014,2016-05-06,9720,2014-07-03,1735,019790,,4,2,9,4400,0,1,3,,1,017,"RT 17","VINE HILL RD",0.00,,Y,A,-,Y,SCR,5,17,-,-,7.412,I,5,S,Y,4,0,1,2,A,-,08,22107,,N,C,C,A,A,H,-,A,D,0,,,,,Y,,A,07,0,0,1,0,0,0,0,0,0,"- ","- ",37.078949999999999,-121.97956000000001,"SANTA CRUZ",UNINCORPORATED,-121.97951571999999,37.078907049999998
6579796,2014,2016-05-04,9720,2014-07-10,0900,015699,,4,1,9,4400,0,1,3,,1,017,"RT 17","LAUREL RD",50.00,N,N,B,C,Y,SCR,5,17,-,-,9.450,H,-,N,Y,3,0,1,1,A,-,08,22107,,N,E,I,A,B,H,-,A,D,0,,,,,Y,,A,01,0,1,0,0,0,0,0,0,0,"- ","- ",37.061599999999999,-121.5829,"SANTA CRUZ",UNINCORPORATED,-121.97507327,37.104387199999998
6581217,2014,2014-08-28,4402,2014-07-16,0145,140,4402,3,5,5,4402,0,0,0,,0,00B,"3RD ST","YOUNGER WY",87.00,E,N,E,-,N,,,,,,,,,,Y,3,0,1,3,A,-,01,23152,,M,C,E,A,A,H,-,C,D,0,,,,,Y,Y,A,01,0,1,0,0,0,0,0,0,0,"- ","- ",,,"SANTA CRUZ","SANTA CRUZ",-122.02236492,36.96690169
6581225,2014,2014-08-28,4402,2014-07-15,1430,182,4402,2,5,5,4402,0,0,0,,0,,"SOQUEL AV","BRANCIFORTE AV",0.00,,Y,A,-,N,,,,,,,,,,N,4,0,2,2,D,-,00,,,N,C,C,A,A,H,-,B,A,0,,,,,Y,,-,"- ",0,0,2,0,0,0,0,0,0,"- ","- ",,,"SANTA CRUZ","SANTA CRUZ",-122.01593996,36.976940059999997
6583889,2014,2014-08-15,4403,2014-07-19,1704,294,107,6,5,4,4403,0,0,0,,0,001,"LINCOLN ST","CALIFORNIA ST",158.00,S,N,A,-,N,,,,,,,,,,Y,4,0,1,2,A,-,09,21801,A,N,A,C,A,A,H,-,A,D,0,,,,,Y,,A,01,0,0,1,0,0,0,0,0,0,"- ","- ",,,"SANTA CRUZ",WATSONVILLE,-121.75665905,36.918403300000001
6593492,2014,2014-08-27,4402,2014-06-09,1300,141,SANTA,1,5,5,4402,0,0,0,,0,,"3RD ST","RIVERSIDE AV",40.00,E,N,A,-,N,,,,,,,,,,N,4,0,1,2,D,-,00,,,F,C,C,A,A,H,-,A,A,0,,,,,Y,,-,"- ",0,0,1,0,0,0,0,0,0,"- ","- ",,,"SANTA CRUZ","SANTA CRUZ",-122.01877,36.967730000000003
6594647,2014,2014-09-04,9720,2014-07-29,1435,015699,,2,2,9,4400,0,2,4,,1,021,"SOQUEL DR","SPRECKLES DR",200.00,W,N,A,-,N,,,,,,,,,,N,3,0,1,1,A,-,01,21200,5,N,F,A,A,A,H,-,A,D,0,,Y,,,Y,Y,L,04,0,1,0,0,0,0,1,0,0,"- ","- ",36.583500000000001,-121.54170000000001,"SANTA CRUZ",UNINCORPORATED,-121.90483093,36.976541670000003
6594667,2014,2014-09-04,4402,2014-07-26,2017,198,4402,6,5,5,4402,0,0,0,,0,00C,"E LEVEE","WATER ST BRIDGE",93.00,N,N,A,-,N,,,,,,,,,,N,3,0,1,1,C,-,18,,,N,H,-,A,A,H,-,A,D,0,,Y,,,Y,,-,"- ",0,1,0,0,0,0,1,0,0,"- ","- ",,,"SANTA CRUZ","SANTA CRUZ",,
6594707,2014,2014-09-04,9720,2014-07-23,2040,018457,,3,2,9,4400,0,3,5,,2,100,"EMPIRE GRADE","SMITH GRD",1056.00,S,N,A,-,N,,,,,,,,,,Y,4,0,1,1,A,-,01,23152,A,N,F,A,A,A,H,-,A,D,0,,,,,Y,Y,A,07,0,0,1,0,0,0,0,0,0,"- ","- ",37.026110000000003,-122.09614999999999,"SANTA CRUZ",UNINCORPORATED,-122.09691703,37.02620563
6594711,2014,2014-09-04,9720,2014-07-28,0004,020385,,1,3,9,4400,0,3,5,,2,100,"LA MADRONA DR","SPIKER LN",666.00,N,N,A,-,N,,,,,,,,,,Y,4,0,1,1,A,-,08,22107,,N,E,I,A,A,H,-,D,D,0,,,,,Y,Y,A,01,0,0,1,0,0,0,0,0,0,"- ","- ",37.030720000000002,-122.02366000000001,"SANTA CRUZ",UNINCORPORATED,-122.0234138,37.030213310000001
6598345,2014,2016-05-03,9720,2014-08-05,1526,14653,,2,2,5,4402,0,1,3,,2,020,"RT 1","RT 17",1584.00,S,N,A,-,Y,SCR,5,1,-,-,16.500,H,-,S,N,4,0,1,2,A,-,03,22350,,N,C,C,A,A,H,-,A,D,1,,,,,Y,,D,22,0,0,1,0,0,0,0,0,0,"- ","- ",36.591799999999999,-122.0043,"SANTA CRUZ","SANTA CRUZ",-122.01565222000001,36.988710240000003
6598349,2014,2016-05-03,9720,2014-08-05,1000,20805,,2,1,5,4402,0,1,3,,1,034,"RT 152","CONDIT LN",20.00,W,N,A,-,Y,SCR,5,152,-,-,1.740,H,-,W,N,4,0,1,2,A,-,03,22350,,N,D,C,A,A,H,-,A,D,0,,,,,Y,,A,08,0,0,1,0,0,0,0,0,0,"- ","- ",36.555599999999998,-121.4438,"SANTA CRUZ","SANTA CRUZ",-121.74378434,36.932258169999997
6600106,2014,2014-09-19,4403,2014-08-28,1645,340,4-1,4,5,4,4403,0,0,0,,0,004,"GREEN VALLEY RD","STEWART AV",50.00,W,N,A,-,N,,,,,,,,,,Y,4,0,1,2,A,-,03,22350,,N,C,C,A,A,H,-,A,D,0,,,,,Y,,A,01,0,0,1,0,0,0,0,0,0,"- ","- ",,,"SANTA CRUZ",WATSONVILLE,-121.77198826,36.936782319999999
6604129,2014,2016-01-15,9720,2014-08-06,2235,019636,,3,3,9,4400,0,3,5,,2,100,"SWANTON RD","RT 1",10560.00,E,N,A,-,N,,,,,,,,,,Y,4,0,1,1,A,-,08,22107,,N,E,I,A,A,H,-,D,D,0,,,,,Y,,A,01,0,0,1,0,0,0,0,0,0,"- ","- ",37.038350000000001,-122.25731,"SANTA CRUZ",UNINCORPORATED,-122.24841884999999,37.081828049999999
6604137,2014,2014-09-10,9720,2014-08-15,0840,019653,,5,1,9,4400,0,2,4,,1,023,"7TH AV","HARBOR BEACH CT",60.00,S,N,A,-,N,,,,,,,,,,Y,4,0,1,3,A,-,03,22350,,N,C,C,A,A,H,-,A,D,0,,,,,Y,,A,08,0,0,1,0,0,0,0,0,0,"- ","- ",36.968620000000001,-121.99778000000001,"SANTA CRUZ",UNINCORPORATED,-121.9978934,36.968506230000003
6604695,2014,2016-05-04,4402,2014-08-25,0909,126,4402,1,5,5,4402,0,0,0,,0,,"RT 1","KING ST",25.00,W,N,A,-,Y,SCR,5,1,-,-,19.610,H,-,S,Y,4,0,2,5,A,-,03,22350,,N,C,C,A,A,H,-,A,A,0,,,Y,Y,Y,,F,26,0,0,2,0,0,0,0,0,0,"- ","- ",,,"SANTA CRUZ","SANTA CRUZ",-122.04817316,36.9610287
6605442,2014,2014-09-10,4402,2014-08-14,1444,141,SANTA,4,5,5,4402,0,0,0,,0,,"WEST CLIFF DR","COLUMBIA ST",790.00,E,N,A,-,N,,,,,,,,,,N,3,0,1,2,A,-,08,22107,,N,D,G,A,A,H,-,A,D,0,,Y,,,Y,,A,01,0,1,0,0,0,0,1,0,0,"- ","- ",,,"SANTA CRUZ","SANTA CRUZ",-122.03094835,36.952081790000001
6606152,2014,2015-12-18,9720,2014-05-13,1600,15699,,2,2,5,4402,0,1,3,,2,020,"RT 1","BRANCIFORTE AV",97.00,N,N,A,-,Y,SCR,5,1,-,-,16.260,H,-,S,Y,1,1,0,2,A,-,03,22350,,N,F,A,A,A,H,-,A,D,1,,,Y,,Y,Y,C,02,0,0,0,0,0,0,0,1,0,"- ","- ",36.591799999999999,-122.036,"SANTA CRUZ","SANTA CRUZ",-122.01131616000001,36.988493060000003
6607265,2014,2014-09-09,4403,2014-08-21,1240,340,43,4,5,4,4403,0,0,0,,0,004,"FREEDOM BL","CLIFFORD AV",50.00,S,N,A,-,N,,,,,,,,,,N,4,0,1,2,A,-,21,22106,,N,C,C,A,A,H,-,A,A,0,,,,,Y,,A,07,0,0,1,0,0,0,0,0,0,"- ","- ",,,"SANTA CRUZ",WATSONVILLE,-121.76809883999999,36.930195580000003
6612411,2014,2014-09-18,4402,2014-08-19,1645,192,4402,2,5,5,4402,0,0,0,,0,,"EAST CLIFF DR","MURRAY ST",25.00,W,N,B,-,N,,,,,,,,,,N,3,0,1,1,C,-,18,,,N,F,A,A,A,H,-,B,D,0,,Y,,,Y,,-,"- ",0,1,0,0,0,0,1,0,0,"- ","- ",,,"SANTA CRUZ","SANTA CRUZ",-122.01185226,36.966191019999997
6612431,2014,2014-09-18,4402,2014-08-14,1640,141,SANTA,4,5,5,4402,0,0,0,,0,,"KING ST","VAN NESS AV",120.00,W,N,A,-,N,,,,,,,,,,N,3,0,1,2,A,-,05,21202,A,N,D,G,A,A,H,-,A,D,0,,Y,,,Y,,A,08,0,1,0,0,0,0,1,0,0,"- ","- ",,,"SANTA CRUZ","SANTA CRUZ",-122.04132714000001,36.969912860000001
6613270,2014,2016-05-04,4402,2014-09-03,1500,196,4402,3,5,5,4402,0,0,0,,0,00W,"RT 1","KING ST",0.00,,Y,A,-,Y,SCR,5,1,-,-,19.022,I,5,N,Y,3,0,1,2,A,-,09,21801,A,N,A,C,A,A,H,-,A,D,0,,,Y,,Y,,D,22,0,1,0,0,0,0,0,0,0,"- ","- ",,,"SANTA CRUZ","SANTA CRUZ",-122.04052181,36.966445530000001
6614787,2014,2016-05-03,9720,2014-07-11,1220,018231,,5,1,9,4400,0,1,3,,2,020,"RT 1","SOQUEL DR",300.00,N,N,A,-,Y,SCR,5,1,-,-,14.920,H,-,S,N,4,0,1,3,A,-,03,22350,,N,C,C,A,A,H,-,A,D,1,,,,,Y,,A,01,0,0,1,0,0,0,0,0,0,"- ","- ",36.987400000000001,-121.98824999999999,"SANTA CRUZ",UNINCORPORATED,-121.98729086,36.987265639999997
6614791,2014,2016-05-02,9720,2014-07-27,0930,19749,,7,1,9,4400,0,3,5,,2,200,"STATE PARD DR","RT 1",10.00,N,N,A,-,Y,SCR,5,1,-,-,10.381,R,4,S,N,4,0,1,2,A,-,03,22350,,N,C,C,A,A,H,-,A,D,1,,,,,Y,,A,07,0,0,1,0,0,0,0,0,0,"- ","- ",36.97739,-121.91092999999999,"SANTA CRUZ",UNINCORPORATED,-121.90811152000001,36.976693400000002
6619098,2014,2014-09-19,4402,2014-08-29,1511,141,SC,5,5,5,4402,0,0,0,,0,,"MUNICIPAL WHARF","BEACH ST",60.00,S,N,A,-,N,,,,,,,,,,N,3,0,1,1,A,-,08,22107,,N,E,I,A,A,H,-,A,A,0,,Y,,,Y,,L,04,0,1,0,0,0,0,1,0,0,"- ","- ",,,"SANTA CRUZ","SANTA CRUZ",-122.02369809,36.962713229999999
6621294,2014,2016-05-02,9720,2014-09-04,0740,015349,,4,1,9,4400,0,1,3,,2,030,"RT 1","MAR MONTE AV",2112.00,S,N,B,-,Y,SCR,5,1,-,R,6.290,H,-,N,Y,4,0,4,3,A,-,03,22350,,N,C,C,A,A,H,-,A,D,1,,,,,Y,,A,07,0,0,4,0,0,0,0,0,0,"- ","- ",36.948689999999999,-121.84912,"SANTA CRUZ",UNINCORPORATED,-121.84562080000001,36.945681139999998
6621334,2014,2016-05-04,9720,2014-08-15,0825,019790,,5,1,9,4400,0,1,3,,1,015,"RT 9","MAIN ST",30.00,N,N,A,-,Y,SCR,5,9,-,-,9.520,H,-,S,Y,3,0,1,3,A,-,03,22350,,N,C,C,A,A,H,-,A,D,0,,,,,Y,,A,01,0,1,0,0,0,0,0,0,0,"- ","- ",37.089700000000001,-122.09026,"SANTA CRUZ",UNINCORPORATED,-122.09022108000001,37.089699080000003
6621365,2014,2014-09-30,9720,2014-09-11,1550,018756,,4,2,9,4400,0,2,4,,1,032,"GREEN VALLEY RD","AIRPORT BL",1056.00,W,N,A,-,N,,,,,,,,,,Y,4,0,1,2,A,-,03,22350,,N,C,C,A,A,H,-,A,D,0,,,,,Y,,A,07,0,0,1,0,0,0,0,0,0,"- ","- ",36.563699999999997,-121.4605,"SANTA CRUZ",UNINCORPORATED,-121.77081803,36.938369479999999
6621385,2014,2016-05-04,9720,2014-09-03,0452,018083,,3,3,9,4400,0,1,3,,1,017,"RT 17","LAUREL RD",200.00,S,N,B,F,Y,SCR,5,17,-,-,9.480,H,-,N,Y,4,0,1,2,A,-,03,22350,,N,C,C,A,B,H,-,D,D,0,,,,,Y,,D,22,0,0,1,0,0,0,0,0,0,"- ","- ",37.102879999999999,-121.97714000000001,"SANTA CRUZ",UNINCORPORATED,-121.97485100999999,37.104781379999999
6621449,2014,2015-05-22,9720,2014-09-10,1815,018328,,3,2,9,4400,0,1,3,,2,020,"RT 1","BAY AV",300.00,N,N,A,-,Y,SCR,5,1,-,-,13.280,H,-,S,N,4,0,1,2,A,-,03,22350,,N,C,C,A,A,H,-,A,D,1,,,,,Y,,D,22,0,0,1,0,0,0,0,0,0,"- ","- ",36.98283,-121.95994,"SANTA CRUZ",UNINCORPORATED,-121.95841432,36.98305568
6625244,2014,2015-05-11,9720,2014-08-19,1005,15699,,2,1,9,4400,0,3,5,,2,200,"PARK AV","CABRILLO COLLEGE DR",528.00,N,N,B,-,N,,,,,,,,,,Y,4,0,1,2,A,-,03,22350,,N,C,C,A,A,H,-,A,D,0,,,,,Y,,A,07,0,0,1,0,0,0,0,0,0,"- ","- ",36.988900000000001,-121.92722999999999,"SANTA CRUZ",UNINCORPORATED,-121.93624137,36.987375919999998
6625683,2014,2014-09-24,9720,2014-08-30,1230,020805,,6,1,9,4400,0,3,5,,2,300,"CARLTON RD","THOMPSON RD",21.00,E,N,A,-,N,,,,,,,,,,Y,4,0,2,2,A,-,03,22350,,N,A,C,A,A,H,-,A,D,0,,,,,Y,,A,07,0,0,2,0,0,0,0,0,0,"- ","- ",,,"SANTA CRUZ",UNINCORPORATED,-121.70666,36.938299999999998
6625711,2014,2016-05-02,9720,2014-08-17,2000,19956,,7,2,9,4400,0,1,3,,2,020,"RT 1","PARK AV",1056.00,S,N,A,-,Y,SCR,5,1,-,-,11.890,H,-,S,Y,4,0,1,1,A,-,01,23152,A,N,E,I,A,A,H,-,B,D,1,,,,,Y,Y,A,01,0,0,1,0,0,0,0,0,0,"- ","- ",,,"SANTA CRUZ",UNINCORPORATED,-121.93339496999999,36.983894429999999
6625716,2014,2014-09-24,9720,2014-08-23,1400,020870,,6,2,9,4400,0,2,4,,1,021,"SOQUEL DR","41ST AV",250.00,N,N,A,-,N,,,,,,,,,,N,4,0,1,2,A,-,09,21801,A,N,H,G,A,A,H,-,A,D,0,,Y,,,Y,,A,01,0,0,1,0,0,0,1,0,0,"- ","- ",36.987299999999998,-121.9653,"SANTA CRUZ",UNINCORPORATED,-121.9641469,36.987558380000003
6625720,2014,2014-09-24,9720,2014-08-24,1540,020807,,7,2,9,4400,0,3,5,,2,200,"COMMERCIAL WY","SOQUEL DR",10.00,W,N,A,-,N,,,,,,,,,,N,4,0,2,2,A,-,03,22350,,N,C,C,A,A,H,-,A,D,0,,,,,Y,,A,01,0,0,2,0,0,0,0,0,0,"- ","- ",,,"SANTA CRUZ",UNINCORPORATED,-121.98529409,36.987852619999998
6625895,2014,2016-05-03,9720,2014-08-31,1708,019978,,7,2,9,4400,0,1,3,,1,010,"RT 1","BONNY DOON RD",2640.00,S,N,A,-,Y,SCR,5,1,-,-,27.160,H,-,N,Y,2,0,10,4,A,-,03,22350,,N,C,C,A,A,H,-,A,D,0,,,,,Y,,A,01,2,3,5,0,0,0,0,0,0,"- ","- ",36.995910000000002,-122.17332,"SANTA CRUZ",UNINCORPORATED,-122.17409176,36.996427230000002
6626103,2014,2016-05-02,9720,2014-09-09,1910,14931,,2,2,9,4400,0,1,3,,2,030,"RT 1","AIRPORT BL",220.00,S,N,A,-,Y,SCR,5,1,-,R,3.140,H,-,N,Y,3,0,1,1,A,-,08,22107,,N,E,I,A,A,H,-,A,D,1,,,,,Y,,A,01,0,1,0,0,0,0,0,0,0,"- ","- ",36.92454,-121.79676000000001,"SANTA CRUZ",UNINCORPORATED,-121.79633833,36.924290749999997
6628129,2014,2016-05-02,9720,2014-07-27,1535,018601,,7,2,9,4400,0,1,3,,2,020,"RT 1","RIO DEL MAR BL",3696.00,N,N,A,-,Y,SCR,5,1,-,-,9.850,H,-,N,Y,3,0,2,3,A,-,03,22350,,N,C,C,A,A,D,-,A,D,1,,,,,Y,,A,08,0,2,0,0,0,0,0,0,0,"- ","- ",36.974800000000002,-121.89765,"SANTA CRUZ",UNINCORPORATED,-121.898858,36.974927729999997
6632162,2014,2014-10-02,9720,2014-09-04,0845,14653,,4,1,9,4400,0,2,4,,1,024,"EAST CLIFF DR","6TH AV",150.00,E,N,B,-,N,,,,,,,,,,N,4,0,1,2,A,-,09,21804,A,N,D,C,A,A,H,-,A,D,0,,,,,Y,,A,01,0,0,1,0,0,0,0,0,0,"- ","- ",,,"SANTA CRUZ",UNINCORPORATED,-121.9993972,36.962621380000002
6632182,2014,2016-05-04,9720,2014-09-10,0210,019636,,3,3,9,4400,0,1,3,,1,017,"RT 17","GRANITE CREEK RD",5280.00,S,N,A,-,Y,SCR,5,17,-,-,4.970,H,-,N,Y,3,0,2,1,A,-,08,22107,,N,E,I,A,A,H,-,D,D,1,,,,,Y,,A,07,0,2,0,0,0,0,0,0,0,"- ","- ",37.045479999999998,-122.00790000000001,"SANTA CRUZ",UNINCORPORATED,-122.00795716,37.054698799999997
6632186,2014,2016-05-02,9720,2014-09-03,1550,016633,,3,2,9,4400,0,1,3,,2,030,"RT 1","AIRPORT BL",528.00,S,N,A,-,Y,SCR,5,1,-,R,3.080,H,-,S,N,3,0,1,1,A,-,08,22107,,N,E,I,A,A,H,-,A,D,1,,,Y,,Y,,C,02,0,1,0,0,0,0,0,0,1,"- ","- ",36.924050000000001,-121.79592,"SANTA CRUZ",UNINCORPORATED,-121.79557285,36.923592380000002
6632233,2014,2014-10-02,9720,2014-09-02,0740,015349,,2,1,9,4400,0,3,5,,2,300,"SAN ANDREAS RD","BEACH RD",2640.00,N,N,B,-,N,,,,,,,,,,Y,4,0,2,1,A,-,08,22107,,N,E,I,A,B,H,-,A,D,0,,,,,Y,,A,01,0,0,2,0,0,0,0,0,0,"- ","- ",36.899740000000001,-121.82192000000001,"SANTA CRUZ",UNINCORPORATED,-121.80405402,36.887676999999996
6633110,2014,2014-09-26,4403,2014-09-16,1036,370,1-11,2,5,4,4403,0,0,0,,0,001,"DAWSON ST","MARCHANT ST",70.00,E,N,A,-,N,,,,,,,,,,N,4,0,2,3,C,-,18,,,N,G,B,F,A,H,-,A,D,0,Y,,,,Y,,-,"- ",0,0,2,0,1,0,0,0,0,"- ","- ",,,"SANTA CRUZ",WATSONVILLE,-121.74892228,36.908408889999997
6636804,2014,2014-10-31,4403,2014-09-21,1426,308,4-01,7,5,4,4403,0,0,0,,0,004,"GREEN VALLEY RD","HI GRADE LN",10.00,W,N,A,-,N,,,,,,,,,,Y,4,0,1,2,A,-,03,22350,,N,C,C,A,A,H,-,A,D,0,,,,,Y,,A,07,0,0,1,0,0,0,0,0,0,"- ","- ",,,"SANTA CRUZ",WATSONVILLE,-121.77077566,36.938435570000003
6637114,2014,2014-10-06,4401,2014-08-18,1015,527,4401,1,5,3,4401,0,0,0,,0,005,"41ST AV","CLARES ST",0.00,,Y,A,-,N,,,,,,,,,,Y,4,0,2,2,A,-,09,21453,B,N,D,C,A,A,H,-,A,A,0,,,,,Y,,A,01,0,0,2,0,0,0,0,0,0,"- ","- ",,,"SANTA CRUZ",CAPITOLA,-121.96498994,36.978340019999997
6642614,2014,2014-10-30,4401,2014-09-22,1641,523,4401,1,5,3,4401,0,0,0,,0,001,"CAPITOLA RD","CLARES ST",0.00,,Y,A,-,N,,,,,,,,,,N,2,0,1,2,A,-,09,21453,C,N,D,G,A,A,H,-,A,A,0,,Y,,,Y,,L,04,1,0,0,0,0,0,1,0,0,"- ","- ",,,"SANTA CRUZ",CAPITOLA,-121.96940999,36.97372009
6642993,2014,2014-11-17,4403,2014-10-01,0839,324,435,3,5,4,4403,0,0,0,,0,004,"HAMMER DR","PENNSYLVANIA DR",5.00,E,N,A,-,N,,,,,,,,,,N,4,0,1,2,A,-,10,21950,A,F,G,B,B,A,G,-,A,D,0,Y,,,,Y,,A,01,0,0,1,0,1,0,0,0,0,"- ","- ",,,"SANTA CRUZ",WATSONVILLE,-121.77257443000001,36.920535690000001
6645258,2014,2014-10-14,4402,2014-09-18,2215,141,SANTA,4,5,5,4402,0,0,0,,0,,"WEST CLIFF DR","PACIFIC AV",0.00,,Y,A,-,N,,,,,,,,,,N,4,0,1,2,D,-,00,,,N,D,G,A,A,H,-,E,A,0,,Y,,Y,Y,,-,"- ",0,0,1,0,0,0,1,0,0,"- ","- ",,,"SANTA CRUZ","SANTA CRUZ",-122.02625155,36.964933510000002
6646081,2014,2014-10-14,4402,2014-09-21,1836,163,4402,7,5,5,4402,0,0,0,,0,00E,"STANFORD AV","CHILVERTON ST",10.00,S,N,A,-,N,,,,,,,,,,N,3,0,1,2,A,-,09,21801,A,N,D,G,A,A,H,-,A,D,0,,Y,,,Y,,A,01,0,1,0,0,0,0,1,0,0,"- ","- ",,,"SANTA CRUZ","SANTA CRUZ",-122.010631,36.986693979999998
6646157,2014,2016-05-04,4402,2014-09-15,1210,126,4402,1,5,5,4402,0,0,0,,0,,"WESTERN DR","RT 1",0.00,,Y,A,-,Y,SCR,5,1,-,-,20.090,I,5,S,N,4,0,1,2,A,-,10,21950,A,N,G,B,B,A,H,-,A,A,0,Y,,,,Y,,A,01,0,0,1,0,1,0,0,0,0,"- ","- ",,,"SANTA CRUZ","SANTA CRUZ",-122.0566757,36.96091294
6648147,2014,2016-06-18,4402,2014-10-01,0023,125,4402,3,5,5,4402,0,0,0,,0,00C,"RIVER ST","RT 1",60.00,S,N,A,-,Y,SCR,5,1,-,-,17.560,I,6,N,Y,3,0,1,1,A,-,01,23152,A,N,E,I,A,A,H,-,C,A,0,,,,,Y,Y,A,01,0,1,0,0,0,0,0,0,0,"- ","- ",,,"SANTA CRUZ","SANTA CRUZ",-122.0298081,36.984500220000001