CASE_ID,ACCIDENT_YEAR,PROC_DATE,JURIS,COLLISION_DATE,COLLISION_TIME,OFFICER_ID,REPORTING_DISTRICT,DAY_OF_WEEK,CHP_SHIFT,POPULATION,CNTY_CITY_LOC,SPECIAL_COND,BEAT_TYPE,CHP_BEAT_TYPE,CITY_DIVISION_LAPD,CHP_BEAT_CLASS,BEAT_NUMBER,PRIMARY_RD,SECONDARY_RD,DISTANCE,DIRECTION,INTERSECTION,WEATHER_1,WEATHER_2,STATE_HWY_IND,CALTRANS_COUNTY,CALTRANS_DISTRICT,STATE_ROUTE,ROUTE_SUFFIX,POSTMILE_PREFIX,POSTMILE,LOCATION_TYPE,RAMP_INTERSECTION,SIDE_OF_HWY,TOW_AWAY,COLLISION_SEVERITY,NUMBER_KILLED,NUMBER_INJURED,PARTY_COUNT,PRIMARY_COLL_FACTOR,PCF_CODE_OF_VIOL,PCF_VIOL_CATEGORY,PCF_VIOLATION,PCF_VIOL_SUBSECTION,HIT_AND_RUN,TYPE_OF_COLLISION,MVIW,PED_ACTION,ROAD_SURFACE,ROAD_COND_1,ROAD_COND_2,LIGHTING,CONTROL_DEVICE,CHP_ROAD_TYPE,PEDESTRIAN_ACCIDENT,BICYCLE_ACCIDENT,MOTORCYCLE_ACCIDENT,TRUCK_ACCIDENT,NOT_PRIVATE_PROPERTY,ALCOHOL_INVOLVED,STWD_VEHTYPE_AT_FAULT,CHP_VEHTYPE_AT_FAULT,COUNT_SEVERE_INJ,COUNT_VISIBLE_INJ,COUNT_COMPLAINT_PAIN,COUNT_PED_KILLED,COUNT_PED_INJURED,COUNT_BICYCLIST_KILLED,COUNT_BICYCLIST_INJURED,COUNT_MC_KILLED,COUNT_MC_INJURED,PRIMARY_RAMP,SECONDARY_RAMP,LATITUDE,LONGITUDE,COUNTY,CITY,POINT_X,POINT_Y
8941293,2019,2019-10-08,4403,2019-09-11,1632,335,"4 31",3,5,4,4403,0,0,0,,0,004,"FREEDOM BL","BLANCA LN",22.00,N,N,A,-,N,,,,,,,,,,Y,3,0,1,5,A,-,03,22350,,F,A,C,A,A,H,-,A,D,0,,,,,Y,Y,A,01,0,1,0,0,0,0,0,0,0,"- ","- ",,,"SANTA CRUZ",WATSONVILLE,-121.76913452148438,36.931236267089844
8945980,2019,2019-10-01,4403,2019-09-23,1237,335,3-06,1,5,4,4403,0,0,0,,0,003,"FREEDOM BL","MARIN ST",0.00,,Y,A,-,N,,,,,,,,,,Y,3,0,2,2,A,-,09,21802,A,N,D,C,A,A,H,-,A,A,0,,,,,Y,,A,01,0,2,0,0,0,0,0,0,0,"- ","- ",,,"SANTA CRUZ",WATSONVILLE,-121.76258850097656,36.924198150634766
8952734,2019,2019-10-21,4403,2019-09-22,1026,356,111,7,5,4,4403,0,0,0,,0,003,"BLACKBURN ST","BRIDGE ST",0.00,,Y,A,-,N,,,,,,,,,,N,4,0,1,2,A,-,09,21802,A,N,D,C,A,A,H,-,A,A,0,,,,,Y,,A,08,0,0,1,0,0,0,0,0,0,"- ","- ",,,"SANTA CRUZ",WATSONVILLE,-121.74626922607422,36.912441253662109
8963128,2019,2019-11-27,4402,2019-07-22,2011,157,4402,1,5,5,4402,0,0,0,,0,00C,"SPRUCE ST","PACIFIC AV",0.00,,Y,A,-,N,,,,,,,,,,N,3,0,1,2,A,-,10,21950,,N,G,B,B,A,H,-,B,D,0,Y,,,,Y,,D,22,0,1,0,0,1,0,0,0,0,"- ","- ",,,"SANTA CRUZ","SANTA CRUZ",-122.02462005615234,36.968391418457031
8963430,2019,2019-10-29,4402,2019-08-08,1911,156,4402,4,5,5,4402,0,0,0,,0,000,"HIGH ST","LAURENT ST",585.00,E,N,A,-,N,,,,,,,,,,N,3,0,1,2,A,-,06,21750,,N,H,G,A,A,H,-,A,D,0,,Y,,,Y,,L,04,0,1,0,0,0,0,1,0,0,"- ","- ",,,"SANTA CRUZ","SANTA CRUZ",-122.04054260253906,36.97735595703125
8970325,2019,2019-11-07,4402,2019-08-19,1002,189,4402,1,5,5,4402,0,0,0,,0,000,"OCEAN ST","LEONARD ST",200.00,N,N,A,-,N,,,,,,,,,,N,4,0,1,2,A,-,11,21954,A,N,G,B,D,A,H,-,A,D,0,Y,,,,Y,,N,60,0,0,1,0,1,0,0,0,0,"- ","- ",,,"SANTA CRUZ","SANTA CRUZ",-122.02098083496094,36.978603363037109
8970401,2019,2019-11-06,4402,2019-07-09,0944,169,4402,2,5,5,4402,0,0,0,,0,000,"GRANT ST","BERRY ST",0.00,,Y,A,-,N,,,,,,,,,,N,3,0,1,2,A,-,12,22450,A,N,D,G,A,A,H,-,A,A,0,,Y,,,Y,,L,04,0,1,0,0,0,0,1,0,0,"- ","- ",,,"SANTA CRUZ","SANTA CRUZ",-122.01962280273438,36.985359191894531
8976541,2019,2020-10-07,4403,2019-10-31,1453,381,3-14,4,5,4,4403,0,0,0,,0,003,"LAKE AV","MADISON ST",0.00,,Y,A,-,Y,SCR,5,152,-,-,0.470,H,-,W,N,4,0,1,2,A,-,09,21802,A,N,D,C,A,A,H,-,A,D,0,,,,,Y,,A,01,0,0,1,0,0,0,0,0,0,"- ","- ",,,"SANTA CRUZ",WATSONVILLE,-121.75276947021484,36.915729522705078
8980201,2019,2019-11-21,4404,2019-10-04,2122,5211,4404,5,5,3,4404,0,0,0,,0,SOUTH,"SCOTTS VALLEY DR","MT HERMON RD",0.00,,Y,A,-,N,,,,,,,,,,Y,4,0,1,2,A,-,12,21453,A,N,D,C,A,A,H,-,C,A,0,,,,,Y,,A,01,0,0,1,0,0,0,0,0,0,"- ","- ",37.047870635986328,-122.01735687255859,"SANTA CRUZ","SCOTTS VALLEY",-122.02512359619141,37.043201446533203
8980267,2019,2019-11-22,4404,2019-09-27,1330,5520,4404,5,5,3,4404,0,0,0,,0,SOUTH,"MT HERMON RD","LOCKEWOOD LN",758.00,E,-,A,-,N,,,,,,,,,,N,4,0,1,2,A,-,03,22350,,N,C,C,A,A,H,-,A,A,0,,,,,Y,,A,07,0,0,1,0,0,0,0,0,0,"- ","- ",37.048538208007812,-122.03138732910156,"SANTA CRUZ","SCOTTS VALLEY",-122.03202056884766,37.047462463378906
8985603,2019,2020-02-28,4402,2019-10-10,1249,165,4402,4,5,5,4402,0,0,0,,0,,"RT 1","WESTERN DR",0.00,,Y,B,-,Y,SCR,5,1,-,-,20.090,I,5,N,Y,2,0,1,2,A,-,09,21800,D,N,D,C,A,A,H,-,A,B,0,,,Y,,Y,,C,02,1,0,0,0,0,0,0,0,1,"- ","- ",,,"SANTA CRUZ","SANTA CRUZ",-122.05667877197266,36.960914611816406
8986511,2019,2019-12-11,4402,2019-09-22,0148,131,4402,7,5,5,4402,0,0,0,,0,000,"LAUREL ST","CEDAR ST",18.00,S,N,A,-,N,,,,,,,,,,N,3,0,1,1,A,-,03,22350,,N,E,I,A,A,H,-,C,-,0,,Y,,,Y,,L,04,0,1,0,0,0,0,1,0,0,"- ","- ",,,"SANTA CRUZ","SANTA CRUZ",-122.02628326416016,36.969024658203125
8986532,2019,2019-12-18,4402,2019-09-27,1235,150,4402,5,5,5,4402,0,0,0,,0,000,"FRONT ST","LAUREL ST",45.00,N,N,A,-,N,,,,,,,,,,N,4,0,1,2,A,-,03,22350,,F,C,C,A,A,H,-,A,A,0,,,,,Y,,A,01,0,0,1,0,0,0,0,0,0,"- ","- ",,,"SANTA CRUZ","SANTA CRUZ",-122.0238037109375,36.969440460205078
8988678,2019,2020-01-16,4403,2019-11-22,1110,4098,3-6,5,5,4,4403,0,0,0,,0,003,"FREEDOM BL","PORTOLA CIR",0.00,,Y,A,-,N,,,,,,,,,,Y,3,0,2,3,A,-,03,22350,,N,C,C,A,A,H,-,A,D,0,,,,,Y,,A,01,0,2,0,0,0,0,0,0,0,"- ","- ",,,"SANTA CRUZ",WATSONVILLE,-121.76087,36.920740000000002
8990475,2019,2020-01-13,4403,2019-11-16,2213,367,434,6,5,4,4403,0,0,0,,0,004,"FREEDOM BL","MARIPOSA AV",0.00,,Y,A,-,N,,,,,,,,,,Y,4,0,1,2,A,-,01,23152,A,N,G,B,C,A,H,-,C,D,0,Y,,,,Y,Y,A,07,0,0,1,0,1,0,0,0,0,"- ","- ",,,"SANTA CRUZ",WATSONVILLE,-121.76692199707031,36.928958892822266
8990984,2019,2020-01-15,4402,2019-11-10,1012,192,4402,7,5,5,4402,0,0,0,,0,000,"CARBONERA DR","ISBEL DR",1120.00,N,N,A,-,N,,,,,,,,,,N,2,0,1,1,A,-,03,22350,,N,F,J,A,A,H,-,A,A,0,,Y,,,Y,,L,04,1,0,0,0,0,0,1,0,0,"- ","- ",,,"SANTA CRUZ","SANTA CRUZ",-122.01649475097656,37.001274108886719
8990995,2019,2020-01-16,4402,2019-11-05,1633,182,4402,2,5,5,4402,0,0,0,,0,,"HIGH ST","CARDIFF PL",0.00,,Y,A,-,N,,,,,,,,,,N,3,0,1,2,A,-,09,21801,A,N,D,G,A,A,H,-,A,D,0,,Y,,,Y,,A,01,0,1,0,0,0,0,1,0,0,"- ","- ",,,"SANTA CRUZ","SANTA CRUZ",-122.05075073242188,36.977241516113281
8991600,2019,2020-02-15,4402,2019-12-01,2139,149,4402,7,5,5,4402,0,0,0,,0,000,"SOQUEL AV","FREDERICK ST",150.00,W,N,C,-,N,,,,,,,,,,N,4,0,1,1,A,-,08,22107,,N,E,I,A,B,H,-,C,D,0,,,,,Y,Y,A,01,0,0,1,0,0,0,0,0,0,"- ","- ",,,"SANTA CRUZ","SANTA CRUZ",-122.00525665283203,36.981468200683594
8991757,2019,2019-12-06,4402,2019-08-23,1930,173,4402,5,5,5,4402,0,0,0,,0,,"BEACH ST","MAIN ST",247.00,W,N,-,-,N,,,,,,,,,,N,3,0,1,1,A,-,08,22107,,N,E,J,A,A,H,-,A,D,0,,Y,,,Y,,L,04,0,1,0,0,0,0,1,0,0,"- ","- ",,,"SANTA CRUZ","SANTA CRUZ",-122.0228271484375,36.963104248046875
90013514,2015,2015-10-19,9720,2015-08-31,0640,015170,,1,1,9,4400,0,1,3,,1,017,SR-17,"GLENWOOD DR",1584.00,S,N,A,-,Y,,,,,,,,,,Y,4,0,1,2,A,-,03,22350,,N,C,C,A,A,H,-,A,D,0,,,,,Y,,A,01,0,0,1,0,0,0,0,0,0,"- ","- ",37.177810000000001,-121.97539999999999,"SANTA CRUZ",UNINCORPORATED,-121.97574437,37.11595337
90013617,2015,2015-10-19,9720,2015-08-27,1300,014653,,4,1,9,4400,0,2,4,,1,024,"CAPITOLA RD","30TH AVE",225.00,W,N,A,-,N,,,,,,,,,,N,3,0,1,2,A,-,07,21658,A,N,H,G,A,A,H,-,A,D,0,,Y,,,Y,,L,04,0,1,0,0,0,0,1,0,0,"- ","- ",36.582599999999999,-121.5825,"SANTA CRUZ",UNINCORPORATED,-121.97392884,36.97378466
90014089,2015,2015-10-19,9720,2015-08-26,1819,21028,,3,2,9,4400,0,2,4,,1,023,"17TH AVE","BROMMER ST",40.00,N,N,A,-,N,,,,,,,,,,N,4,0,1,2,A,-,21,22106,,N,C,C,A,A,H,-,A,D,0,,,,,Y,,A,01,0,0,1,0,0,0,0,0,0,"- ","- ",36.971179999999997,-121.98448,"SANTA CRUZ",UNINCORPORATED,-121.98446663,36.971166580000002
90014266,2015,2015-10-19,9720,2015-08-29,1920,018976,,6,2,9,4400,0,2,4,,1,032,"HOLOHAN RD","LAKEN DR",1056.00,W,N,A,-,N,,,,,,,,,,Y,2,0,1,1,A,-,08,22107,,N,E,I,A,A,H,-,B,D,0,,,,,Y,,A,01,1,0,0,0,0,0,0,0,0,"- ","- ",36.936860000000003,-121.74784,"SANTA CRUZ",UNINCORPORATED,-121.74867996,36.937250450000001
90015452,2015,2015-10-19,9720,2015-08-31,2142,020562,,1,2,9,4400,0,3,5,,2,100,SR-9,"SHINGLE MILL RD",50.00,S,N,A,-,Y,,,9,,,,,,,Y,2,0,1,1,A,-,01,23152,E,N,E,I,A,A,H,-,D,D,0,,,,,Y,,A,01,1,0,0,0,0,0,0,0,0,"- ","- ",37.248820000000002,-122.15423,"SANTA CRUZ",UNINCORPORATED,-122.15417859,37.24880795
90015916,2015,2015-10-19,9720,2015-09-03,1146,021045,,4,1,9,4400,0,3,5,,2,300,"SAN ANDREAS RD","BYERS LN",267.00,N,N,A,-,N,,,,,,,,,,Y,4,0,2,1,A,-,08,22107,,N,F,A,A,A,H,-,A,D,0,,,,,Y,,A,07,0,0,2,0,0,0,0,0,0,"- ","- ",36.957500000000003,-121.86407,"SANTA CRUZ",UNINCORPORATED,-121.86417878,36.957091830000003
90017008,2015,2015-10-19,9720,2015-09-05,1520,018083,,6,2,9,4400,0,1,3,,1,017,SR-17,"VINE HILL ROAD",0.00,,Y,A,-,Y,,,17,,,,,,,Y,4,0,1,3,A,-,09,21802,A,N,D,C,A,A,H,-,A,D,0,,,,,Y,,D,22,0,0,1,0,0,0,0,0,0,"- ","- ",37.076689999999999,-121.9842,"SANTA CRUZ",UNINCORPORATED,-121.98420218,37.07671268
90018243,2015,2015-10-19,9720,2015-09-06,0919,18239,,7,1,9,4400,0,1,3,,1,010,SR-1,"BONNY DOON RD",528.00,S,N,A,-,Y,,,1,,,,,,,N,2,0,1,1,A,-,03,22350,,N,E,I,A,A,D,-,A,D,0,,Y,,,Y,,L,04,1,0,0,0,0,0,1,0,0,"- ","- ",36.999789999999997,-122.17908,"SANTA CRUZ",UNINCORPORATED,-122.17911346,36.99975105
90018325,2015,2015-10-19,9720,2015-09-05,0220,020677,,6,3,9,4400,0,2,4,,1,031,"FREEDOM BLVD","HAMES RD",255.00,S,N,A,-,N,,,,,,,,,,Y,3,0,2,1,A,-,08,22107,,N,E,I,A,A,H,-,D,D,0,,,,,Y,,A,01,0,1,1,0,0,0,0,0,0,"- ","- ",36.987459999999999,-121.83582,"SANTA CRUZ",UNINCORPORATED,-121.83547591,36.98740033
90018672,2015,2015-10-19,9720,2015-09-08,1850,18810,,2,2,9,4400,0,2,4,,1,021,"SOQUEL DR","FAIRWAY DR",30.00,W,N,A,-,N,,,,,,,,,,N,4,0,1,2,A,-,03,22350,,N,C,C,A,A,H,-,A,D,0,,,,,Y,,A,01,0,0,1,0,0,0,0,0,0,"- ","- ",36.987659999999998,-121.94629,"SANTA CRUZ",UNINCORPORATED,-121.94616243,36.987733599999999
90018748,2015,2015-10-19,9720,2015-09-08,0605,015349,,2,1,9,4400,0,1,3,,2,020,"STATE ROUTE 1 NORTHBOUND","FREEDOM BLVD",1029.00,N,N,A,-,Y,,,1,,,,,,N,Y,4,0,1,1,A,-,08,22107,,N,E,I,A,A,H,-,B,D,0,,,,,Y,,A,07,0,0,1,0,0,0,0,0,0,"- ","- ",36.971670000000003,-121.87642,"SANTA CRUZ",UNINCORPORATED,-121.87639516,36.971740820000001
90019363,2015,2015-10-19,9720,2015-09-10,2308,018394,,4,3,9,4400,0,2,4,,1,032,"HOLOHAN RD","GRIMMER RD",528.00,N,N,A,-,N,,,,,,,,,,Y,2,0,1,1,A,-,01,23152,A,N,E,I,A,A,H,-,D,D,0,,,,,Y,Y,D,23,1,0,0,0,0,0,0,0,0,"- ","- ",36.939149999999998,-121.75673,"SANTA CRUZ",UNINCORPORATED,-121.75741417,36.939135790000002
90019874,2015,2015-10-19,9720,2015-09-12,1258,017642,,6,1,9,4400,0,1,3,,2,020,"SR-1 N/B","RIO DEL MAR BLVD",2640.00,N,N,B,-,Y,,,1,,,,,,N,N,4,0,1,2,A,-,04,21703,,N,C,C,A,A,H,-,A,D,0,,,,,Y,,A,07,0,0,1,0,0,0,0,0,0,"- ","- ",36.975119999999997,-121.89622,"SANTA CRUZ",UNINCORPORATED,-121.89621812,36.975091140000004
90020166,2015,2015-10-19,9720,2015-09-11,0933,017642,,5,1,9,4400,0,1,3,,2,020,"SR-1 N/B","CAPITOLA AVE",300.00,S,N,A,-,Y,,,1,,,,,,N,Y,2,0,1,3,A,-,03,22350,,N,C,C,A,A,H,-,A,D,0,,,Y,,Y,,A,07,1,0,0,0,0,0,0,0,1,"- ","- ",36.98386,-121.95095000000001,"SANTA CRUZ",UNINCORPORATED,-121.9509489,36.983848479999999
90020287,2015,2015-10-19,9720,2015-09-13,1145,014931,,7,1,9,4400,0,1,3,,2,020,"SR-1 S/B","41ST AVE",1584.00,N,N,A,-,Y,,,1,,,,,,S,N,4,0,1,4,A,-,03,22350,,M,C,C,A,A,H,-,A,D,0,,,,,Y,,A,01,0,0,1,0,0,0,0,0,0,"- ","- ",36.982959999999999,-121.96799,"SANTA CRUZ",UNINCORPORATED,-121.96799464,36.98286358
90020835,2015,2015-10-19,9720,2015-09-11,1900,019636,,5,2,9,4400,0,1,3,,1,017,"SR-17 N/B","SUGARLOAF RD",200.00,S,N,A,-,Y,,,17,,,,,,N,Y,3,0,1,2,A,-,07,21658,A,F,B,C,A,A,H,-,B,D,0,,,,,Y,,-,99,0,1,0,0,0,0,0,0,0,"- ","- ",37.094230000000003,-121.97741000000001,"SANTA CRUZ",UNINCORPORATED,-121.97748625,37.094294230000003
90023960,2015,2015-10-19,9720,2015-09-20,0950,18239,,7,1,9,4400,0,1,3,,1,015,SR-9,"SAN LORENZO WAY",340.00,N,N,A,-,Y,,,9,,,,,,,Y,2,0,2,2,A,-,09,21804,A,N,D,C,A,A,H,-,A,D,0,,,Y,,Y,,A,07,2,0,0,0,0,0,0,0,2,"- ","- ",37.058230000000002,-122.07743000000001,"SANTA CRUZ",UNINCORPORATED,-122.07743901000001,37.058209329999997
90025131,2015,2015-10-19,9720,2015-09-25,1000,018601,,5,1,9,4400,0,2,4,,1,016,"GRAHAM HILL RD.","OLD GRAHAM HILL RD.",100.00,S,N,A,-,N,,,,,,,,,,N,3,0,1,1,A,-,08,22107,,N,F,A,A,A,H,-,A,D,0,,,Y,,Y,,C,02,0,1,0,0,0,0,0,0,1,"- ","- ",36.994540000000001,-122.02835,"SANTA CRUZ",UNINCORPORATED,-122.0284699,36.994272860000002
90025807,2015,2016-03-07,9720,2015-09-20,1437,018071,,7,2,9,4400,0,1,3,,2,020,"SR-1 N/B","STATE PARD DR",1200.00,S,N,A,-,Y,,,1,,,,,,N,Y,4,0,1,3,A,-,03,22350,,N,C,C,A,A,H,-,A,D,0,,,,,Y,,A,01,0,0,1,0,0,0,0,0,0,"- ","- ",36.976520000000001,-121.90752000000001,"SANTA CRUZ",UNINCORPORATED,-121.90749295000001,36.976571659999998
90025820,2015,2015-10-19,9720,2015-09-23,1549,021053,,3,2,9,4400,0,1,3,,1,035,SR-129,"MURPHY CROSSING RD",2640.00,E,N,A,-,Y,,,,,,,,,,Y,4,0,1,3,C,-,18,,,N,A,C,A,A,H,-,A,D,0,,,,,Y,,-,"- ",0,0,1,0,0,0,0,0,0,"- ","- ",36.931100000000001,-121.7586,"SANTA CRUZ",UNINCORPORATED,,
90026365,2015,2015-10-19,9720,2015-09-27,2500,018601,,7,4,3,4404,0,1,3,,1,017,"SR-17 S/B","MT. HERMON RD.",4224.00,N,N,A,-,Y,,,,,,,,,,Y,2,0,1,1,A,-,08,22107,,N,E,I,A,A,H,-,D,D,0,,,,,Y,,A,07,1,0,0,0,0,0,0,0,0,"- ","- ",37.043219999999998,-122.88203,"SANTA CRUZ","SCOTTS VALLEY",-122.01924,37.036839999999998
90027002,2015,2015-10-19,9720,2015-09-29,1945,021053,,2,2,9,4400,0,1,3,,2,030,"SR-1 S/B","MAR MONTE AVE",1584.00,N,N,A,-,Y,,,1,,,,,,S,Y,4,0,2,1,A,-,08,22107,,N,E,I,A,A,H,-,D,D,0,,,,,Y,,A,01,0,0,2,0,0,0,0,0,0,"- ","- ",36.955500000000001,-121.8579,"SANTA CRUZ",UNINCORPORATED,-121.85771969,36.955683149999999
90027045,2015,2015-10-19,9720,2015-09-30,0632,016242,,3,1,9,4400,0,1,3,,1,035,"SR-129 E/B","THOMPSON RD",582.00,W,N,B,-,Y,,,129,,,,,,E,Y,4,0,1,2,A,-,03,22350,,N,C,C,A,A,H,-,B,D,0,,,,,Y,,A,07,0,0,1,0,0,0,0,0,0,"- ","- ",36.921460000000003,-121.71244,"SANTA CRUZ",UNINCORPORATED,-121.71244849999999,36.921494959999997
90027340,2015,2015-10-19,9720,2015-09-28,1445,015349,,1,2,9,4400,0,3,5,,2,300,"HARKINS SLOUGH RD","LEE ROAD",329.00,E,N,A,-,N,,,,,,,,,,Y,4,0,1,1,A,-,01,23152,A,N,E,I,A,A,H,-,A,A,0,,,,,Y,Y,A,01,0,0,1,0,0,0,0,0,0,"- ","- ",36.913139999999999,-121.78973999999999,"SANTA CRUZ",UNINCORPORATED,-121.79031725999999,36.912804739999999
90027668,2015,2015-10-19,9720,2015-10-01,0530,020562,,4,3,9,4400,0,3,5,,2,300,"SAN ANDREAS RD","SUNSET BEACH RD",3749.00,S,N,B,-,N,,,,,,,,,,Y,4,0,1,1,A,-,08,22107,,N,E,I,A,B,H,-,D,D,0,,,,,Y,,A,01,0,0,1,0,0,0,0,0,0,"- ","- ",36.895209999999999,-121.81462000000001,"SANTA CRUZ",UNINCORPORATED,-121.81464423,36.89528043
90030084,2015,2015-10-19,9720,2015-10-03,1932,019978,,6,2,9,4400,0,2,4,,1,032,"HOLOHAN RD",SR-152,167.00,N,N,A,-,Y,,,,,,,,,,Y,2,0,1,2,A,-,09,21804,A,N,D,C,A,A,H,-,C,D,0,,,Y,,Y,,A,01,1,0,0,0,0,0,0,0,1,"- ","- ",36.935809999999996,-121.74379,"SANTA CRUZ",UNINCORPORATED,,
90030500,2015,2015-11-09,9720,2015-10-04,1510,018071,,7,2,9,4400,0,1,3,,1,010,"SR-1 N/B","SCARONI RD",40.00,N,N,A,-,Y,,,1,,,,,,N,Y,3,0,1,2,A,-,08,22107,,N,F,A,A,A,H,-,A,D,0,,,,,Y,,A,01,0,1,0,0,0,0,0,0,0,"- ","- ",36.979129999999998,-122.13678,"SANTA CRUZ",UNINCORPORATED,-122.1367563,36.979171809999997
90032034,2015,2015-10-19,9720,2015-10-05,1115,017642,,1,1,9,4400,0,2,4,,1,031,"FREEDOM BLVD","MARINER WAY",200.00,N,N,A,-,N,,,,,,,,,,Y,4,0,1,2,A,-,04,21703,,N,C,C,A,A,H,-,A,A,0,,,,,Y,,D,22,0,0,1,0,0,0,0,0,0,"- ","- ",36.975879999999997,-121.86935,"SANTA CRUZ",UNINCORPORATED,-121.86936647,36.975894650000001
9003548,2019,2020-06-30,4403,2019-12-07,2228,406,1-08,6,5,4,4403,0,0,0,,0,001,"LAKE AV","SUDDEN ST",0.00,,Y,B,-,Y,SCR,5,152,-,T,3.119,I,6,W,N,4,0,1,2,A,-,03,22350,,F,D,C,A,A,H,-,C,D,0,,,,,Y,,A,01,0,0,1,0,0,0,0,0,0,"- ","- ",,,"SANTA CRUZ",WATSONVILLE,-121.75581359863281,36.913505554199219
90040520,2015,2015-10-29,9720,2015-10-16,1355,020677,,5,1,9,4400,0,1,3,,1,015,SR-9,"SARATOGA TOLL RD",768.00,S,N,A,-,Y,,,9,,,,,,,N,3,0,1,1,A,-,03,22350,,N,F,A,A,A,H,-,A,D,0,,Y,,,Y,,L,04,0,1,0,0,0,0,1,0,0,"- ","- ",37.221730000000001,-122.15382,"SANTA CRUZ",UNINCORPORATED,-122.15382189,37.221729959999998
90041542,2015,2015-10-30,9720,2015-10-11,0555,020677,,7,3,9,4400,0,1,3,,2,020,"SR-1 N/B TO SOQUEL DR.","SOQUEL DR",500.00,S,N,A,-,Y,,,1,,,,R,,N,Y,2,0,1,1,A,-,01,23152,A,N,E,J,A,A,H,-,C,D,0,,,,,Y,Y,A,01,1,0,0,0,0,0,0,0,0,"- ","- ",36.987259999999999,-121.98399999999999,"SANTA CRUZ",UNINCORPORATED,-121.98399999999999,36.987259999999999
90041573,2015,2015-10-30,9720,2015-10-11,1215,018601,,7,1,9,4400,0,1,3,,2,020,"SR-1 N/B","PARK AVE.",2640.00,S,N,A,-,Y,,,1,,,,,,N,Y,4,0,2,5,A,-,03,22350,,N,C,C,A,A,H,-,A,D,0,,,,,Y,,A,01,0,0,2,0,0,0,0,0,0,"- ","- ",36.983159999999998,-121.92645,"SANTA CRUZ",UNINCORPORATED,-121.92644147999999,36.983221299999997
90041959,2015,2015-10-30,9720,2015-10-19,1755,018508,,1,2,9,4400,0,1,3,,1,017,SR-17,"GLENWOOD DR.",0.00,,Y,B,-,Y,,,17,,,,,,,Y,4,0,2,2,A,-,09,21802,A,N,D,C,A,A,H,-,A,A,0,,,,,Y,,A,07,0,0,2,0,0,0,0,0,0,"- ","- ",37.119929999999997,-121.97605,"SANTA CRUZ",UNINCORPORATED,-121.97601095,37.119935060000003
90042421,2015,2015-11-02,9720,2015-10-20,1435,018508,,2,2,9,4400,0,1,3,,1,017,"SR-17 S/B","MOUNT HERMAN RD.",1320.00,N,N,A,-,Y,,,,,,,,,,Y,4,0,1,2,A,-,04,21703,,N,C,C,A,A,H,-,A,D,0,,,,,Y,,A,01,0,0,1,0,0,0,0,0,0,"- ","- ",37.039630000000002,-122.01749,"SANTA CRUZ",UNINCORPORATED,,
90043975,2015,2015-11-03,9720,2015-10-21,1955,018394,,3,2,9,4400,0,3,5,,2,300,"CASSERLY RD","DIAS LN",2640.00,W,N,A,-,N,,,,,,,,,,Y,4,0,1,1,A,-,08,22107,,N,E,I,A,A,H,-,C,D,0,,,,,Y,,D,22,0,0,1,0,0,0,0,0,0,"- ","- ",36.968290000000003,-121.74171,"SANTA CRUZ",UNINCORPORATED,-121.74246131,36.966331830000001
90045167,2015,2015-11-05,9720,2015-10-15,2330,021053,,4,3,9,4400,0,2,4,,1,022,"SOQUEL SAN JOSE RD","LAUREL GLEN RD",24.00,S,N,A,-,N,,,,,,,,,,Y,3,0,1,1,A,-,08,22107,,N,E,I,A,A,H,-,D,D,0,,,,,Y,Y,A,07,0,1,0,0,0,0,0,0,0,"- ","- ",37.032299999999999,-121.9468,"SANTA CRUZ",UNINCORPORATED,-121.94694140999999,37.032326140000002
90045245,2015,2015-11-05,9720,2015-10-15,1900,021044,,4,2,9,4400,0,2,4,,1,032,"GREEN VALLEY RD","MELLO VIEW LANE",60.00,S,N,A,-,N,,,,,,,,,,Y,4,0,2,3,A,-,03,22350,,N,C,C,A,A,H,-,C,D,0,,,,,Y,,A,01,0,0,2,0,0,0,0,0,0,"- ","- ",36.95046,-121.76622999999999,"SANTA CRUZ",UNINCORPORATED,-121.76488811999999,36.950415200000002
90047774,2015,2016-03-03,9720,2015-10-28,2140,020677,,3,2,9,4400,0,1,3,,1,017,"SR-17 S/B","GLENWOOD DR.",200.00,S,N,A,-,Y,,,17,,,,,,S,N,4,0,1,2,A,-,03,22350,,F,C,C,A,A,D,-,E,D,0,,,,,Y,,A,07,0,0,1,0,0,0,0,0,0,"- ","- ",37.118340000000003,-121.97528,"SANTA CRUZ",UNINCORPORATED,-121.97515962,37.118383280000003
90047813,2015,2015-11-10,9720,2015-10-28,1245,017642,,3,1,9,4400,0,1,3,,1,012,SR-236,"FALLEN LEAF DR",528.00,S,N,B,-,Y,,,236,,,,,,,N,3,0,1,1,A,-,03,22350,,N,E,I,A,A,H,-,A,D,0,,,,,Y,,D,22,0,1,0,0,0,0,0,0,0,"- ","- ",37.143720000000002,-122.15552,"SANTA CRUZ",UNINCORPORATED,-122.1555894,37.143596260000002
90048166,2015,2015-11-10,9720,2015-10-29,1639,018083,,4,2,9,4400,0,3,5,,2,200,"SUMMIT ROAD","SOQUEL SAN JOSE ROAD",0.00,,Y,B,-,N,,,,,,,,,,Y,4,0,1,2,A,-,09,21801,A,N,D,C,A,A,H,-,A,D,0,,,,,Y,,A,01,0,0,1,0,0,0,0,0,0,"- ","- ",37.118679999999998,-121.9254,"SANTA CRUZ",UNINCORPORATED,-121.92541998,37.118710069999999
90048228,2015,2015-11-10,9720,2015-10-29,1420,021116,,4,2,9,4400,0,3,5,,2,100,"SMITH GRADE RD.","WARREN DR",528.00,E,N,A,-,N,,,,,,,,,,Y,3,0,1,1,A,-,08,22107,,N,F,A,A,A,H,-,A,D,0,,,Y,,Y,,C,02,0,1,0,0,0,0,0,0,1,"- ","- ",37.025309999999998,-122.13391,"SANTA CRUZ",UNINCORPORATED,-122.13664021,37.031185880000002