CASE_ID,ACCIDENT_YEAR,PROC_DATE,JURIS,COLLISION_DATE,COLLISION_TIME,OFFICER_ID,REPORTING_DISTRICT,DAY_OF_WEEK,CHP_SHIFT,POPULATION,CNTY_CITY_LOC,SPECIAL_COND,BEAT_TYPE,CHP_BEAT_TYPE,CITY_DIVISION_LAPD,CHP_BEAT_CLASS,BEAT_NUMBER,PRIMARY_RD,SECONDARY_RD,DISTANCE,DIRECTION,INTERSECTION,WEATHER_1,WEATHER_2,STATE_HWY_IND,CALTRANS_COUNTY,CALTRANS_DISTRICT,STATE_ROUTE,ROUTE_SUFFIX,POSTMILE_PREFIX,POSTMILE,LOCATION_TYPE,RAMP_INTERSECTION,SIDE_OF_HWY,TOW_AWAY,COLLISION_SEVERITY,NUMBER_KILLED,NUMBER_INJURED,PARTY_COUNT,PRIMARY_COLL_FACTOR,PCF_CODE_OF_VIOL,PCF_VIOL_CATEGORY,PCF_VIOLATION,PCF_VIOL_SUBSECTION,HIT_AND_RUN,TYPE_OF_COLLISION,MVIW,PED_ACTION,ROAD_SURFACE,ROAD_COND_1,ROAD_COND_2,LIGHTING,CONTROL_DEVICE,CHP_ROAD_TYPE,PEDESTRIAN_ACCIDENT,BICYCLE_ACCIDENT,MOTORCYCLE_ACCIDENT,TRUCK_ACCIDENT,NOT_PRIVATE_PROPERTY,ALCOHOL_INVOLVED,STWD_VEHTYPE_AT_FAULT,CHP_VEHTYPE_AT_FAULT,COUNT_SEVERE_INJ,COUNT_VISIBLE_INJ,COUNT_COMPLAINT_PAIN,COUNT_PED_KILLED,COUNT_PED_INJURED,COUNT_BICYCLIST_KILLED,COUNT_BICYCLIST_INJURED,COUNT_MC_KILLED,COUNT_MC_INJURED,PRIMARY_RAMP,SECONDARY_RAMP,LATITUDE,LONGITUDE,COUNTY,CITY,POINT_X,POINT_Y
90276846,2016,2016-09-27,9720,2016-09-13,1047,021321,,2,1,9,4400,0,1,3,,2,020,"SR-1 N/B","41ST AVE",500.00,N,N,B,-,Y,,,1,,,,,,N,Y,4,0,1,2,A,-,03,22350,,N,C,C,A,A,H,-,A,D,0,,,,,Y,,A,01,0,0,1,0,0,0,0,0,0,"- ","- ",36.982939999999999,-121.96810000000001,"SANTA CRUZ",UNINCORPORATED,-121.9680944,36.983033939999999
90279287,2016,2016-09-29,9720,2016-09-16,1800,020245,,5,2,9,4400,0,1,3,,2,020,"SR-1 S/B","RIO DEL MAR BLVD",300.00,N,N,A,-,Y,,,1,,,,,,S,Y,4,0,1,3,A,-,03,22350,,N,C,C,A,A,H,-,A,D,0,,,,,Y,,A,08,0,0,1,0,0,0,0,0,0,"- ","- ",36.975250000000003,-121.89185000000001,"SANTA CRUZ",UNINCORPORATED,-121.89185146,36.975272660000002
90279320,2016,2016-09-29,9720,2016-09-10,1850,021333,,6,2,9,4400,0,1,3,,2,020,"STATE ROUTE 1 (S/B)","OCEAN STREET",528.00,S,N,A,-,Y,,,,,,,,,,Y,3,0,1,2,A,-,07,21658,A,N,B,C,A,A,H,-,A,D,0,,,,,Y,,A,01,0,1,0,0,0,0,0,0,0,"- ","- ",36.986809999999998,-122.02309,"SANTA CRUZ",UNINCORPORATED,-122.02635693000001,36.985506319999999
9028151,2019,2020-06-30,4402,2019-11-05,1800,187,4402,2,5,5,4402,0,0,0,,0,000,"RT 1","OLIVE ST",0.00,,Y,A,-,Y,SCR,5,1,-,-,19.112,I,5,S,N,3,0,1,2,A,-,05,21650,,N,H,G,A,A,H,-,B,A,0,,Y,,,Y,,D,22,0,1,0,0,0,0,1,0,0,"- ","- ",,,"SANTA CRUZ","SANTA CRUZ",-122.04143524169922,36.965389251708984
90281803,2016,2016-10-03,9720,2016-09-11,2205,021140,,7,3,9,4400,0,3,5,,2,200,"CAPITOLA ROAD","7TH AVENUE",500.00,N,N,A,-,N,,,,,,,,,,N,3,0,1,1,A,-,17,21200,,N,F,A,A,A,H,-,C,D,0,,Y,,,Y,Y,L,04,0,1,0,0,0,0,1,0,0,"- ","- ",36.97945,-121.99368,"SANTA CRUZ",UNINCORPORATED,-121.99350799,36.979459200000001
90282587,2016,2016-10-03,9720,2016-09-16,1535,020245,,5,2,9,4400,0,2,4,,1,021,"SOQUEL DRIVE","MAIN STREET",20.00,W,N,A,-,N,,,,,,,,,,N,4,0,1,2,A,-,03,22350,,F,C,C,A,A,H,-,A,A,0,,,,,Y,,-,99,0,0,1,0,0,0,0,0,0,"- ","- ",36.988779999999998,-121.95489000000001,"SANTA CRUZ",UNINCORPORATED,-121.95464792999999,36.988837029999999
90285305,2016,2016-10-06,9720,2016-09-17,1150,021387,,6,1,9,4400,0,1,3,,2,020,"SR-1 N/B","RIO DEL MAR BLVD",2640.00,S,N,A,-,Y,,,1,,,,,,N,Y,4,0,1,3,A,-,03,22350,,N,C,C,A,A,H,-,A,D,0,,,,,Y,,A,07,0,0,1,0,0,0,0,0,0,"- ","- ",36.974209999999999,-121.88384000000001,"SANTA CRUZ",UNINCORPORATED,-121.88379546,36.974336960000002
90286976,2016,2016-10-10,9720,2016-09-22,0220,021140,,4,3,9,4400,0,2,4,,1,022,"SOQUEL SAN JOSE RD","CONFERENCE GROUND RD",528.00,N,N,A,-,N,,,,,,,,,,Y,2,0,1,1,A,-,08,22107,,N,E,I,A,A,H,-,D,D,0,,,,,Y,,A,01,1,0,0,0,0,0,0,0,0,"- ","- ",37.016350000000003,-121.95182,"SANTA CRUZ",UNINCORPORATED,-121.95188463,37.015641520000003
90288636,2016,2016-10-11,9720,2016-09-23,1445,021268,,5,2,9,4400,0,3,5,,2,100,"KAYLOR MICRO BASIN RD",SR-236,50.00,S,N,A,-,N,,,,,,,,,,Y,3,0,1,1,A,-,01,23152,A,N,F,A,A,A,H,-,A,D,0,,,,,Y,Y,D,22,0,1,0,0,0,0,0,0,0,"- ","- ",37.170200000000001,-122.1707,"SANTA CRUZ",UNINCORPORATED,,
90289298,2016,2016-10-11,9720,2016-09-22,1944,021333,,4,2,9,4400,0,2,4,,1,021,"SOQUEL DRIVE","ROSEDALE AVE",0.00,,Y,A,-,N,,,,,,,,,,N,3,0,1,2,A,-,09,21802,A,N,D,G,A,A,H,-,D,A,0,,Y,,,Y,,A,07,0,1,0,0,0,0,1,0,0,"- ","- ",36.987340000000003,-121.949,"SANTA CRUZ",UNINCORPORATED,-121.94898999,36.987450070000001
90289360,2016,2016-10-11,9720,2016-09-26,0700,021387,,1,1,9,4400,0,2,4,,1,016,"GRAHAM HILL RD","MICHAEL LN",1056.00,S,N,A,-,N,,,,,,,,,,Y,4,0,1,1,A,-,08,22107,,N,E,I,A,A,H,-,A,D,0,,,,,Y,,A,07,0,0,1,0,0,0,0,0,0,"- ","- ",36.997079999999997,-122.02858999999999,"SANTA CRUZ",UNINCORPORATED,-122.02883935,36.99592483
90289654,2016,2016-10-12,9720,2016-09-19,1305,021321,,1,1,9,4400,0,1,3,,1,035,SR-129,"MURPHY CROSSING RD",6336.00,E,N,A,-,Y,,,129,,,,,,,Y,4,0,1,1,A,-,08,22107,,N,E,I,A,A,H,-,A,D,0,,,,,Y,,A,01,0,0,1,0,0,0,0,0,0,"- ","- ",36.914149999999999,-121.65595999999999,"SANTA CRUZ",UNINCORPORATED,-121.65595569,36.914165519999997
90289670,2016,2016-10-12,9720,2016-09-27,2321,021044,,2,3,9,4400,0,1,3,,1,017,"SR-17 S/B","PASATIEMPO DR",800.00,N,N,A,-,Y,,,17,,,,,,S,Y,4,0,1,1,A,-,08,22107,,N,E,I,A,A,H,-,D,D,0,,,,,Y,,A,01,0,0,1,0,0,0,0,0,0,"- ","- ",36.997239999999998,-122.01985000000001,"SANTA CRUZ",UNINCORPORATED,-122.02039468,36.996785559999999
90289992,2016,2016-10-12,9720,2016-09-29,1710,020805,,4,2,9,4400,0,3,5,,2,300,"PAULSEN RD","LAPIS DRIVE",0.00,,Y,A,-,N,,,,,,,,,,N,4,0,1,2,A,-,09,21801,A,N,D,C,A,A,H,-,A,D,0,,,,,Y,,A,08,0,0,1,0,0,0,0,0,0,"- ","- ",36.955599999999997,-121.7603,"SANTA CRUZ",UNINCORPORATED,-121.76038987,36.955600089999997
90290840,2016,2016-10-13,9720,2016-09-22,1303,021321,,4,1,9,4400,0,3,5,,2,300,"LUCERNE AVE","MANFRE RD",7.00,W,N,A,-,N,,,,,,,,,,Y,4,0,1,1,A,-,03,22350,,F,E,I,A,A,H,-,A,D,0,,,,,Y,,A,01,0,0,1,0,0,0,0,0,0,"- ","- ",36.933079999999997,-121.79902,"SANTA CRUZ",UNINCORPORATED,-121.79884318000001,36.933050940000001
90291677,2016,2016-10-13,9720,2016-10-04,0925,018601,,2,1,9,4400,0,1,3,,1,014,SR-9,SR-35,4752.00,S,N,A,-,Y,,,9,,,,,,,Y,4,0,1,1,C,-,18,,,N,H,H,A,A,H,-,A,D,0,,,Y,,Y,,-,"- ",0,0,1,0,0,0,0,0,1,"- ","- ",37.255389999999998,-122.12821,"SANTA CRUZ",UNINCORPORATED,-122.12821279000001,37.25526369
90292553,2016,2016-10-17,9720,2016-09-18,0350,021211,,7,3,9,4400,0,1,3,,1,014,SR-9,"RIVERDALE BLVD",43.00,S,N,A,-,Y,,,9,,,,,,,Y,3,0,1,1,A,-,08,22107,,N,E,I,A,A,H,-,D,D,0,,,,,Y,,A,01,0,1,0,0,0,0,0,0,0,"- ","- ",37.13232,-122.12487,"SANTA CRUZ",UNINCORPORATED,-122.12485461,37.132328440000002
90292633,2016,2016-10-17,9720,2016-10-06,0500,015170,,4,3,9,4400,0,3,5,,2,200,"WEST VINE HILL RD",SR-17,365.00,N,N,A,-,N,,,,,,,,,,Y,3,0,1,1,A,-,01,23152,A,N,E,I,A,A,H,-,B,D,0,,,,,Y,Y,A,07,0,1,0,0,0,0,0,0,0,"- ","- ",37.076599999999999,-121.983,"SANTA CRUZ",UNINCORPORATED,-121.98424,37.076740000000001
90292718,2016,2016-10-17,9720,2016-10-01,2255,021227,,6,3,9,4400,0,3,5,,2,100,"GLEN ARBOR RD",SR-9,77.00,E,N,A,-,N,,,,,,,,,,Y,3,0,1,1,A,-,01,23152,A,N,E,I,A,A,H,-,C,D,0,,,,,Y,Y,A,01,0,1,0,0,0,0,0,0,0,"- ","- ",37.088830000000002,-122.08808000000001,"SANTA CRUZ",UNINCORPORATED,-122.08822721,37.088789249999998
90292733,2016,2016-10-17,9720,2016-10-08,0000,021140,,6,3,9,4400,0,3,5,,2,100,"FELTON EMPIRE ROAD","KRAZY ACRE LN",115.00,W,N,A,-,N,,,,,,,,,,Y,3,0,2,1,A,-,01,23153,A,N,E,I,A,A,H,-,D,D,0,,,,,Y,Y,A,07,0,2,0,0,0,0,0,0,0,"- ","- ",37.05292,-122.09390999999999,"SANTA CRUZ",UNINCORPORATED,-122.09371729,37.052332440000001
90292957,2016,2016-10-17,9720,2016-10-01,0937,021367,,6,1,9,4400,0,3,5,,2,200,"CABRILLO COLLEGE DR","SOQUEL DR",1584.00,S,N,A,-,N,,,,,,,,,,N,3,0,1,1,A,-,08,22107,,N,E,I,A,A,H,-,A,D,0,,Y,,,Y,,L,04,0,1,0,0,0,0,1,0,0,"- ","- ",36.984360000000002,-121.92735999999999,"SANTA CRUZ",UNINCORPORATED,-121.92723166,36.984646140000002
90293367,2016,2016-10-17,9720,2016-10-10,0720,021382,,1,1,9,4400,0,3,5,,2,300,"CORRALITOS RD","MERK RD",0.00,,N,B,-,N,,,,,,,,,,Y,3,0,1,1,A,-,08,22107,,N,E,I,A,A,H,-,A,D,0,,,,,Y,,D,22,0,1,0,0,0,0,0,0,0,"- ","- ",36.970300000000002,-121.807,"SANTA CRUZ",UNINCORPORATED,-121.80695996,36.96973011
90293505,2016,2016-10-17,9720,2016-10-11,0610,015170,,2,1,9,4400,0,1,3,,1,017,"SR-17 N/B","GLENWOOD DR",165.00,N,N,B,-,Y,,,17,,,,,,N,Y,4,0,1,2,A,-,03,22350,,N,C,C,A,A,H,-,C,D,0,,,,,Y,,A,01,0,0,1,0,0,0,0,0,0,"- ","- ",37.120240000000003,-121.97597,"SANTA CRUZ",UNINCORPORATED,-121.97601744000001,37.12024486
90293543,2016,2017-02-06,9720,2016-10-11,0620,021387,,2,1,5,4402,0,1,S,,2,901,SR-1,"WESTERN DR",0.00,,Y,A,-,Y,,,1,,,,,,,Y,4,0,1,2,A,-,12,21453,A,N,D,C,A,A,H,-,D,A,0,,,,,Y,,A,08,0,0,1,0,0,0,0,0,0,"- ","- ",36.960790000000003,-122.05682,"SANTA CRUZ","SANTA CRUZ",-122.05681162,36.96092187
90298185,2016,2016-10-21,9720,2016-10-06,1735,020562,,4,2,9,4400,0,2,4,,1,021,"SOQUEL DR","JAUNELL RD",0.00,,Y,A,-,N,,,,,,,,,,Y,2,0,1,2,A,-,09,21802,A,N,D,C,A,A,H,-,B,A,0,,,Y,,Y,,A,08,1,0,0,0,0,0,0,0,1,"- ","- ",36.973390000000002,-121.88042,"SANTA CRUZ",UNINCORPORATED,-121.88052994,36.97338001
90299219,2016,2016-10-24,9720,2016-10-04,1850,020413,,2,2,9,4400,0,3,5,,2,100,"EAST ZAYANTE ROAD","WOODWARDIA AVE",35.00,N,N,A,-,N,,,,,,,,,,Y,3,0,1,1,A,-,01,23152,A,N,E,I,A,A,H,-,D,D,0,,,,,Y,Y,A,01,0,1,0,0,0,0,0,0,0,"- ","- ",37.05462,-122.06089,"SANTA CRUZ",UNINCORPORATED,-122.06090605,37.055254220000002
90301516,2016,2016-10-26,9720,2016-10-14,1130,021230,,5,1,9,4400,0,1,3,,1,034,SR-152,"RED HAWK PL.",70.00,W,N,B,C,Y,,,152,,,,,,,Y,2,0,1,1,A,-,01,23152,A,N,E,J,A,B,H,-,D,D,0,,,,,Y,Y,A,01,1,0,0,0,0,0,0,0,0,"- ","- ",36.974440000000001,-121.71965,"SANTA CRUZ",UNINCORPORATED,-121.71963846,36.974437539999997
90301608,2016,2016-10-26,9720,2016-10-12,1050,015748,,3,1,9,4400,0,2,4,,1,024,"PORTOLA DR","36TH AVE",50.00,W,N,B,-,N,,,,,,,,,,N,4,0,1,2,A,-,09,21804,A,N,D,C,A,A,H,-,A,D,0,,,,,Y,,D,22,0,0,1,0,0,0,0,0,0,"- ","- ",36.684809999999999,-121.79855999999999,"SANTA CRUZ",UNINCORPORATED,-121.96964115999999,36.963457810000001
90310299,2016,2016-11-03,9720,2016-10-28,1720,020562,,5,2,9,4400,0,2,4,,1,021,"SOQUEL DR","ROBERTSON ST",40.00,W,N,A,-,N,,,,,,,,,,N,4,0,1,2,A,-,03,22350,,N,C,C,A,A,H,-,A,D,0,,,,,Y,,D,22,0,0,1,0,0,0,0,0,0,"- ","- ",36.987769999999998,-121.96074,"SANTA CRUZ",UNINCORPORATED,-121.96066311,36.987775970000001
90311345,2016,2016-11-04,9720,2016-10-10,1055,018650,,1,1,5,4402,0,1,S,,2,901,"MISSION ST","TRESCONY ST",0.00,,Y,A,-,Y,,,1,,,,,,,N,4,0,1,2,A,-,09,21801,A,N,D,C,A,A,H,-,A,D,0,,,,,Y,,A,01,0,0,1,0,0,0,0,0,0,"- ","- ",36.967179999999999,-122.03959,"SANTA CRUZ","SANTA CRUZ",-122.03957287,36.96715133
90311367,2016,2016-11-04,9720,2016-10-18,1015,015748,,2,1,9,4400,0,2,4,,1,024,"BROMMER ST","EL DORADO AVE",170.00,E,N,A,-,N,,,,,,,,,,N,4,0,1,2,A,-,03,22350,,N,C,C,A,A,H,-,A,D,0,,,,,Y,,A,07,0,0,1,0,0,0,0,0,0,"- ","- ",36.573909999999998,-121.94627,"SANTA CRUZ",UNINCORPORATED,-121.98866606,36.97189427
90313598,2016,2016-11-08,9720,2016-10-19,1635,017642,,3,2,9,4400,0,2,4,,1,021,"SOQUEL DR","PORTER ST",350.00,E,N,A,-,N,,,,,,,,,,Y,3,0,2,2,A,-,09,21804,A,N,D,C,A,A,H,-,A,D,0,,,,,Y,,A,01,0,2,0,0,0,0,0,0,0,"- ","- ",36.988509999999998,-121.95618,"SANTA CRUZ",UNINCORPORATED,-121.95626823000001,36.988497610000003
9031414,2019,2020-01-31,4401,2019-12-16,1445,5215,4401,1,5,3,4401,0,0,0,,0,,"41ST AV",CLARES,680.00,N,N,B,-,N,,,,,,,,,,N,4,0,1,2,A,-,08,22100,A,N,H,G,A,A,-,-,A,A,0,,Y,,,Y,,A,08,0,0,1,0,0,0,1,0,0,"- ","- ",,,"SANTA CRUZ",CAPITOLA,-121.96498107910156,36.980209350585938
90316246,2016,2016-11-10,9720,2016-10-26,1720,021333,,3,2,9,4400,0,1,3,,1,014,"RT 9","LORENZO STREET",5.00,N,N,A,-,Y,,,9,,,,,,,N,4,0,1,2,A,-,09,21802,A,N,D,C,A,A,H,-,A,A,0,,,,,Y,Y,A,07,0,0,1,0,0,0,0,0,0,"- ","- ",37.125929999999997,-122.12249,"SANTA CRUZ",UNINCORPORATED,-122.12248936,37.12593021
90319093,2016,2016-11-14,9720,2016-11-01,0722,015170,,2,1,9,4400,0,1,3,,1,017,"SR-17 (S/B)","GLENWOOD DR",1584.00,S,N,B,-,Y,,,17,,,,,,,Y,3,0,1,1,A,-,08,22107,,N,F,A,A,B,H,-,A,A,0,,,,,Y,,A,01,0,1,0,0,0,0,0,0,0,"- ","- ",37.114069999999998,-121.97499000000001,"SANTA CRUZ",UNINCORPORATED,-121.97452096000001,37.114029129999999
90321311,2016,2016-11-16,9720,2016-11-07,1422,021333,,1,2,9,4400,0,3,5,,2,200,"EL RANCHO DR","STONE CREST",528.00,S,N,B,-,N,,,,,,,,,,Y,3,0,1,1,A,-,08,22107,,N,E,J,A,A,H,-,A,D,0,,,,,Y,,A,07,0,1,0,0,0,0,0,0,0,"- ","- ",37.00535,-122.02036,"SANTA CRUZ",UNINCORPORATED,-122.02035139,37.005497400000003
90321312,2016,2016-11-16,9720,2016-11-07,1831,021333,,1,2,9,4400,0,1,3,,2,020,"STATE ROUTE 1 NORTHBOUND","OCEAN STREET",528.00,S,N,A,-,Y,,,,,,,,,,Y,4,0,1,2,A,-,03,22350,,N,C,C,A,A,H,-,B,D,0,,,,,Y,,D,22,0,0,1,0,0,0,0,0,0,"- ","- ",36.988379999999999,-122.02321000000001,"SANTA CRUZ",UNINCORPORATED,-122.02635693000001,36.985506319999999
90321988,2016,2016-11-17,9720,2016-11-08,0434,021211,,2,3,9,4400,0,2,4,,1,021,"SOQUEL DR","CABRILLO COLLEGE DR",528.00,E,N,A,-,N,,,,,,,,,,Y,3,0,1,1,A,-,08,22107,,N,F,A,A,A,H,-,C,D,0,,,Y,,Y,,C,02,0,1,0,0,0,0,0,0,1,"- ","- ",36.988199999999999,-121.92367,"SANTA CRUZ",UNINCORPORATED,-121.92431000000001,36.988210000000002
90322016,2016,2016-11-17,9720,2016-11-10,1126,015285,Santa,4,1,9,4400,0,3,5,,2,200,"SOQUEL AVENUE","PAUL MINNIE AVE",0.00,,Y,A,-,N,,,,,,,,,,Y,4,0,2,2,A,-,09,21802,A,N,D,C,A,A,H,-,A,A,0,,,,,Y,,A,01,0,0,2,0,0,0,0,0,0,"- ","- ",36.986220000000003,-121.98339,"SANTA CRUZ",UNINCORPORATED,-121.98388996,36.986220029999998
90325441,2016,2016-11-21,9720,2016-10-29,0515,020413,,6,3,9,4400,0,3,5,,2,200,"SOQUEL SAN JOSE RD","RANCHO SOQUEL DR",528.00,N,N,B,-,N,,,,,,,,,,Y,3,0,2,1,A,-,01,23152,A,N,E,I,A,B,H,-,D,D,0,,,,,Y,Y,A,01,0,1,1,0,0,0,0,0,0,"- ","- ",37.016829999999999,-121.95211,"SANTA CRUZ",UNINCORPORATED,-121.95263782000001,37.00662045
90325444,2016,2016-11-21,9720,2016-10-30,0435,021227,,7,3,9,4400,0,1,3,,1,017,"SR-1 N/B","BRANCIFORTE AVE",3168.00,N,N,C,-,Y,,,1,,,,,,N,Y,4,0,1,1,A,-,03,22350,,N,E,I,A,B,H,-,C,D,0,,,,,Y,,A,07,0,0,1,0,0,0,0,0,0,"- ","- ",36.99042,-122.02229,"SANTA CRUZ",UNINCORPORATED,-122.02222583,36.990437790000001
90325450,2016,2016-11-21,9720,2016-11-05,0020,021321,,6,3,9,4400,0,3,5,,2,200,"EL RANCHO DR","STONE CREST",320.00,S,N,B,-,N,,,,,,,,,,Y,4,0,1,2,A,-,01,23152,A,N,E,J,A,A,D,-,D,D,0,,,,,Y,Y,A,01,0,0,1,0,0,0,0,0,0,"- ","- ",37.015929999999997,-122.02563000000001,"SANTA CRUZ",UNINCORPORATED,-122.02042412999999,37.006065730000003
90327543,2016,2016-11-22,9720,2016-11-11,0205,020897,,5,3,9,4400,0,3,5,,2,300,"AMESTI ROAD","CORONA CT",247.00,S,N,A,-,N,,,,,,,,,,Y,4,0,1,1,A,-,01,23152,A,N,E,I,A,A,H,-,D,D,0,,,,,Y,Y,A,01,0,0,1,0,0,0,0,0,0,"- ","- ",36.963050000000003,-121.79187,"SANTA CRUZ",UNINCORPORATED,-121.79205632,36.963366110000003
90328889,2016,2016-12-20,9720,2016-11-01,1013,015748,,2,1,9,4400,0,2,4,,1,021,"SOQUEL DR","COMMERCIAL WAY",0.00,,N,A,-,N,,,,,,,,,,Y,4,0,1,2,A,-,09,21801,A,N,D,C,A,A,H,-,A,D,0,,,,,Y,,A,01,0,0,1,0,0,0,0,0,0,"- ","- ",36.98753,-121.98962,"SANTA CRUZ",UNINCORPORATED,-121.98525997,36.987850039999998
90330831,2016,2016-11-28,9720,2016-11-17,1515,018743,,4,2,9,4400,0,2,4,,1,032,"HOLOHAN ROAD","GREEN VALLEY ROAD",1000.00,E,N,A,-,N,,,,,,,,,,N,4,0,2,3,A,-,03,22350,,N,C,C,A,A,H,-,A,A,0,,,,,Y,,A,07,0,0,2,0,0,0,0,0,0,"- ","- ",36.940600000000003,-121.7676,"SANTA CRUZ",UNINCORPORATED,-121.76617396,36.940320450000002
90331182,2016,2016-11-28,9720,2016-11-16,2318,021116,,3,3,9,4400,0,3,5,,2,200,"CAPITOLA RD","SOQUEL AVE",33.00,S,N,A,-,N,,,,,,,,,,Y,3,0,1,1,A,-,01,23152,A,N,F,A,A,A,H,-,C,D,0,,,Y,,Y,Y,C,02,0,1,0,0,0,0,0,0,1,"- ","- ",36.982080000000003,-121.9967,"SANTA CRUZ",UNINCORPORATED,-121.99741,36.981929999999998
90331530,2016,2016-11-29,9720,2016-11-18,0500,021044,,5,3,9,4400,0,2,4,,1,032,"GREEN VALLEY RD","TREMBLEY LN",0.00,,Y,A,-,N,,,,,,,,,,Y,4,0,1,2,A,-,01,23152,A,N,D,C,A,A,H,-,A,A,0,,,,,Y,Y,A,01,0,0,1,0,0,0,0,0,0,"- ","- ",36.957900000000002,-121.7649,"SANTA CRUZ",UNINCORPORATED,-121.76494988,36.957570089999997
90332872,2016,2016-11-30,9720,2016-11-21,1305,019209,,1,1,9,4400,0,1,3,,1,015,SR-9,"PARK DR",15.00,S,N,A,-,Y,,,9,,,,,,,Y,4,0,1,2,A,-,03,22350,,N,C,C,A,A,H,-,A,D,0,,,,,Y,,A,07,0,0,1,0,0,0,0,0,0,"- ","- ",37.081150000000001,-122.08434,"SANTA CRUZ",UNINCORPORATED,-122.08438518,37.081104250000003
90334672,2016,2016-12-01,9720,2016-11-22,1640,020897,,2,2,9,4400,0,3,5,,2,300,"ROGGE LN",SR-129,1584.00,S,N,B,-,N,,,,,,,,,,Y,4,0,2,2,A,-,08,22107,,N,D,C,A,A,H,-,B,D,0,,,,,Y,,A,07,0,0,2,0,0,0,0,0,0,"- ","- ",36.899740000000001,-121.64100999999999,"SANTA CRUZ",UNINCORPORATED,-121.64097099999999,36.899965760000001
90335478,2016,2016-12-02,9720,2016-11-20,0425,021140,,7,3,9,4400,0,1,3,,1,017,"SR-17 S/B","MOUNT HERMON RD",600.00,N,N,C,-,Y,,,17,,,,,,S,Y,4,0,1,1,A,-,01,23153,A,N,E,I,A,B,H,-,D,D,0,,,,,Y,Y,A,01,0,0,1,0,0,0,0,0,0,"- ","- ",37.036700000000003,-122.01946,"SANTA CRUZ",UNINCORPORATED,-122.01944485999999,37.03667291
90335510,2016,2016-12-02,9720,2016-11-23,1100,020805,,3,1,9,4400,0,1,3,,2,020,"SR-1 N/B","STATE PARD DR",1056.00,S,N,A,-,Y,,,1,,,,,,N,N,4,0,1,4,A,-,03,22350,,N,C,C,A,A,H,-,A,D,0,,,,,Y,,A,07,0,0,1,0,0,0,0,0,0,"- ","- ",36.975000000000001,-121.8972,"SANTA CRUZ",UNINCORPORATED,-121.89720176,36.975027060000002
90337394,2016,2016-12-06,9720,2016-10-20,1521,020640,,4,2,9,4400,0,1,3,,2,020,"SR-1 S/B","BAY AVE",880.00,S,N,A,-,Y,,,1,,,,,,S,Y,4,0,1,3,A,-,01,23152,A,N,C,C,A,A,H,-,A,D,0,,,,,Y,Y,A,01,0,0,1,0,0,0,0,0,0,"- ","- ",36.983240000000002,-121.95455,"SANTA CRUZ",UNINCORPORATED,-121.95456729,36.983422969999999
90337478,2016,2016-12-06,9720,2016-11-20,0245,021270,,7,3,9,4400,0,1,3,,1,017,"SR-17 N/B","SPANISH OAKS",690.00,N,N,C,-,Y,,,17,,,,,,N,Y,4,0,1,2,A,-,01,23152,A,N,B,C,A,B,H,-,D,D,0,,,,,Y,Y,A,07,0,0,1,0,0,0,0,0,0,"- ","- ",37.114400000000003,-121.9744,"SANTA CRUZ",UNINCORPORATED,-121.97452525999999,37.114379589999999
90340702,2016,2016-12-08,9720,2016-12-01,0929,021321,,4,1,9,4400,0,2,4,,1,031,"FREEDOM BLVD","COMMERCIAL DR",0.00,,Y,A,-,N,,,,,,,,,,Y,3,0,1,2,A,-,03,22350,,N,D,C,A,A,H,-,A,D,0,,,,Y,Y,,A,01,0,1,0,0,0,0,0,0,0,"- ","- ",36.987720000000003,-121.83708,"SANTA CRUZ",UNINCORPORATED,,
9034092,2019,2020-06-30,4402,2019-12-10,1353,182,4402,2,5,5,4402,0,0,0,,0,,"RT 1","OLIVE ST",0.00,,Y,A,-,Y,SCR,5,1,-,-,19.112,I,5,N,N,4,0,1,2,A,-,10,21950,A,N,G,B,C,A,H,-,A,A,0,Y,,,,Y,,A,01,0,0,1,0,1,0,0,0,0,"- ","- ",,,"SANTA CRUZ","SANTA CRUZ",-122.04143524169922,36.965389251708984
90341620,2016,2016-12-09,9720,2016-11-29,1615,021230,,2,2,9,4400,0,1,3,,2,020,"SR-1 S/B","SOQUEL AVE",528.00,N,N,A,-,Y,,,1,,,,,,S,N,4,0,1,2,A,-,03,22350,,N,C,C,A,A,H,-,A,D,0,,,,,Y,,A,01,0,0,1,0,0,0,0,0,0,"- ","- ",36.987310000000001,-121.98797999999999,"SANTA CRUZ",UNINCORPORATED,-121.98797019,36.987380309999999
90342052,2016,2016-12-12,9720,2016-11-28,0450,020413,,1,3,9,4400,0,1,3,,1,017,"SR-17 S/B","GLENWOOD DR",528.00,S,N,B,C,Y,,,17,,,,,,S,Y,3,0,1,1,A,-,03,22350,,N,E,I,A,B,H,-,D,D,0,,,,,Y,,A,01,0,1,0,0,0,0,0,0,0,"- ","- ",37.117080000000001,-121.97564,"SANTA CRUZ",UNINCORPORATED,-121.97556977000001,37.117034140000001
90342954,2016,2016-12-13,9720,2016-11-14,1955,021248,,1,2,9,4400,0,1,3,,1,014,SR-9,"MADRONA RD",130.00,N,N,A,-,Y,,,9,,,,,,,Y,2,0,4,2,A,-,01,23152,A,N,D,C,A,A,H,-,D,D,0,,,,,Y,Y,D,22,2,1,1,0,0,0,0,0,0,"- ","- ",37.151679999999999,-122.13529,"SANTA CRUZ",UNINCORPORATED,-122.13530311,37.151725890000002