CASE_ID,ACCIDENT_YEAR,PROC_DATE,JURIS,COLLISION_DATE,COLLISION_TIME,OFFICER_ID,REPORTING_DISTRICT,DAY_OF_WEEK,CHP_SHIFT,POPULATION,CNTY_CITY_LOC,SPECIAL_COND,BEAT_TYPE,CHP_BEAT_TYPE,CITY_DIVISION_LAPD,CHP_BEAT_CLASS,BEAT_NUMBER,PRIMARY_RD,SECONDARY_RD,DISTANCE,DIRECTION,INTERSECTION,WEATHER_1,WEATHER_2,STATE_HWY_IND,CALTRANS_COUNTY,CALTRANS_DISTRICT,STATE_ROUTE,ROUTE_SUFFIX,POSTMILE_PREFIX,POSTMILE,LOCATION_TYPE,RAMP_INTERSECTION,SIDE_OF_HWY,TOW_AWAY,COLLISION_SEVERITY,NUMBER_KILLED,NUMBER_INJURED,PARTY_COUNT,PRIMARY_COLL_FACTOR,PCF_CODE_OF_VIOL,PCF_VIOL_CATEGORY,PCF_VIOLATION,PCF_VIOL_SUBSECTION,HIT_AND_RUN,TYPE_OF_COLLISION,MVIW,PED_ACTION,ROAD_SURFACE,ROAD_COND_1,ROAD_COND_2,LIGHTING,CONTROL_DEVICE,CHP_ROAD_TYPE,PEDESTRIAN_ACCIDENT,BICYCLE_ACCIDENT,MOTORCYCLE_ACCIDENT,TRUCK_ACCIDENT,NOT_PRIVATE_PROPERTY,ALCOHOL_INVOLVED,STWD_VEHTYPE_AT_FAULT,CHP_VEHTYPE_AT_FAULT,COUNT_SEVERE_INJ,COUNT_VISIBLE_INJ,COUNT_COMPLAINT_PAIN,COUNT_PED_KILLED,COUNT_PED_INJURED,COUNT_BICYCLIST_KILLED,COUNT_BICYCLIST_INJURED,COUNT_MC_KILLED,COUNT_MC_INJURED,PRIMARY_RAMP,SECONDARY_RAMP,LATITUDE,LONGITUDE,COUNTY,CITY,POINT_X,POINT_Y
90553355,2017,2017-09-21,9720,2017-09-20,1125,014653,,3,1,9,4400,0,1,3,,1,035,SR-129,"THOMPSON RD",0.00,,Y,A,-,Y,,,129,,,,,,,Y,4,0,1,2,A,-,03,22350,,N,C,C,A,A,H,-,A,D,0,,,Y,,Y,,C,02,0,0,1,0,0,0,0,0,1,"- ","- ",36.921970000000002,-121.7105,"SANTA CRUZ",UNINCORPORATED,-121.71049691,36.921957190000001
90553544,2017,2017-09-22,9720,2017-09-12,2137,021230,,2,2,9,4400,0,3,5,,2,100,"BEAR CREEK RD","PILGER RD",200.00,W,N,B,-,N,,,,,,,,,,N,3,0,1,1,A,-,08,22107,,N,E,I,A,A,H,-,D,D,0,,,Y,,Y,,C,02,0,1,0,0,0,0,0,0,1,"- ","- ",37.1586,-122.08161,"SANTA CRUZ",UNINCORPORATED,-122.08234731,37.15988351
90554359,2017,2017-09-25,9720,2017-09-13,1547,018071,,3,2,9,4400,0,3,5,,2,200,"STATE PARD DR","SOQUEL DRIVE",14.00,S,N,B,-,N,,,,,,,,,,N,3,0,1,2,A,-,11,21950,B,N,G,B,B,A,H,-,A,A,0,Y,,,,Y,,N,60,0,1,0,0,1,0,0,0,0,"- ","- ",36.979819999999997,-121.90845,"SANTA CRUZ",UNINCORPORATED,-121.90843552,36.979882269999997
90555699,2017,2017-09-26,9720,2017-09-16,0135,021183,,6,3,9,4400,0,3,5,,2,100,"EMPIRE GRADE RD","BRAEMOOR DR",1584.00,S,N,A,-,N,,,,,,,,,,Y,3,0,1,1,A,-,01,23152,A,N,E,I,A,A,H,-,D,D,0,,,,,Y,Y,A,01,0,1,0,0,0,0,0,0,0,"- ","- ",37.110840000000003,-122.14915000000001,"SANTA CRUZ",UNINCORPORATED,-122.14842682,37.110735830000003
90556333,2017,2017-09-26,9720,2017-09-20,0710,018083,,3,1,9,4400,0,1,3,,2,020,"SR-1 N/B","RIO DEL MAR BLVD",2112.00,N,N,A,-,Y,,,1,,,,,,N,Y,4,0,2,3,A,-,03,22350,,N,C,C,A,A,H,-,A,D,0,,,,,Y,,A,01,0,0,2,0,0,0,0,0,0,"- ","- ",36.97522,-121.89379,"SANTA CRUZ",UNINCORPORATED,-121.89379158,36.975245200000003
90556580,2017,2017-09-27,9720,2017-09-17,0050,021561,,7,3,9,4400,0,1,3,,1,017,"SR-17 N/B","SANTA'S VILLAGE ROAD",900.00,S,N,A,-,Y,,,,,,,,,,Y,3,0,1,1,A,-,01,23152,A,N,E,I,A,A,H,-,C,D,0,,,Y,,Y,Y,C,02,0,1,0,0,0,0,0,0,1,"- ","- ",37.064140000000002,-122.00125,"SANTA CRUZ",UNINCORPORATED,,
90557103,2017,2017-09-27,9720,2017-09-21,1721,020640,,4,2,9,4400,0,2,4,,1,021,"SOQUEL DR","CAPITOLA AVE",0.00,,Y,A,-,N,,,,,,,,,,Y,3,0,2,2,A,-,12,21453,A,N,D,C,A,A,H,-,A,A,0,,,,,Y,,A,01,0,1,1,0,0,0,0,0,0,"- ","- ",36.98715,-121.95115,"SANTA CRUZ",UNINCORPORATED,-121.95115991999999,36.987190069999997
90557853,2017,2017-09-28,9720,2017-09-25,1545,021717,,1,2,9,4400,0,2,4,,1,021,"SOQUEL DR","COTTON LN",96.00,W,N,A,-,N,,,,,,,,,,N,4,0,1,2,A,-,03,22350,,N,C,C,A,A,H,-,A,D,0,,,,,Y,,E,22,0,0,1,0,0,0,0,0,0,"- ","- ",36.987560000000002,-121.96416000000001,"SANTA CRUZ",UNINCORPORATED,-121.96403021,36.987580180000002
90558082,2017,2017-09-28,9720,2017-09-27,0820,014653,,3,1,9,4400,0,3,5,,2,300,"BONITA DR","VISTA DEL MAR DR",0.00,,Y,A,-,N,,,,,,,,,,N,4,0,2,2,A,-,09,21802,A,N,D,C,A,A,H,-,A,A,0,,,,,Y,,A,01,0,0,2,0,0,0,0,0,0,"- ","- ",36.96604,-121.86870999999999,"SANTA CRUZ",UNINCORPORATED,-121.86872992000001,36.96608002
90558113,2017,2017-09-28,9720,2017-09-25,1839,020640,,1,2,9,4400,0,2,4,,1,021,"SOQUEL DR","CRYSTAL HEIGHTS DR",14.00,E,N,A,-,N,,,,,,,,,,Y,4,0,1,1,A,-,01,23152,A,N,E,I,A,A,H,-,B,D,0,,,,,Y,Y,A,07,0,0,1,0,0,0,0,0,0,"- ","- ",36.987270000000002,-121.94959,"SANTA CRUZ",UNINCORPORATED,-121.94961266,36.98736607
90561219,2017,2017-10-02,9720,2017-09-27,1735,021717,,3,2,9,4400,0,2,4,,1,023,"17TH AVE","SILVANA LN",0.00,,Y,A,-,N,,,,,,,,,,Y,4,0,1,3,A,-,03,22350,,N,C,C,A,A,H,-,A,D,0,,,,,Y,,A,01,0,0,1,0,0,0,0,0,0,"- ","- ",36.972769999999997,-121.98403,"SANTA CRUZ",UNINCORPORATED,-121.98397996999999,36.972750089999998
90561277,2017,2017-10-02,9720,2017-09-27,1811,020562,,3,2,9,4400,0,1,3,,1,017,"SR-17 S/B","GLENWOOD CUTOFF",1584.00,N,N,A,-,Y,,,17,,,,,,S,Y,3,0,1,1,A,-,03,22350,,N,F,A,A,A,H,-,A,D,0,,,Y,,Y,,C,02,0,1,0,0,0,0,0,0,1,"- ","- ",37.104129999999998,-121.97557999999999,"SANTA CRUZ",UNINCORPORATED,-121.97552048999999,37.104032160000003
90562802,2017,2017-10-04,9720,2017-10-02,1800,021717,,1,2,9,4400,0,1,3,,2,020,"SR-1 S/B","SOQUEL DR. O/C",1056.00,N,N,A,-,Y,,,1,,,,,,S,N,4,0,1,2,A,-,03,22350,,N,C,C,A,A,H,-,A,D,0,,,,,Y,,E,22,0,0,1,0,0,0,0,0,0,"- ","- ",36.987589999999997,-121.99072,"SANTA CRUZ",UNINCORPORATED,-121.99070759999999,36.987703670000002
90564526,2017,2017-10-06,9720,2017-09-30,1354,020897,,6,1,9,4400,0,1,3,,1,017,"SR-17 S/B","MOUNT HERMON RD",1056.00,S,N,A,-,Y,,,17,,,,,,S,Y,4,0,1,1,A,-,08,22107,,N,E,I,A,A,H,-,A,D,0,,,,,Y,,A,01,0,0,1,0,0,0,0,0,0,"- ","- ",37.032760000000003,-122.02276999999999,"SANTA CRUZ",UNINCORPORATED,-122.02252797,37.032717529999999
90565703,2017,2017-10-09,9720,2017-10-03,1350,021215,,2,1,9,4400,0,3,5,,2,200,"CABRILLO COLLEGE DR","ROSEMARIE CT",1290.00,N,N,A,-,N,,,,,,,,,,Y,4,0,1,1,A,-,08,22107,,N,F,I,A,A,H,-,A,D,0,,,,,Y,,A,01,0,0,1,0,0,0,0,0,0,"- ","- ",36.983960000000003,-121.92742,"SANTA CRUZ",UNINCORPORATED,-121.93620475,36.98450459
9056597,2020,2020-05-14,4401,2020-02-10,1825,535,4401,1,5,3,4401,0,0,0,,0,,"41ST AV","CLARES ST",0.00,,N,A,-,N,,,,,,,,,,N,4,0,1,4,A,-,22,23123,A,N,C,C,A,A,H,-,C,A,0,,,,,Y,,A,07,0,0,1,0,0,0,0,0,0,"- ","- ",,,"SANTA CRUZ",CAPITOLA,-121.96498870849609,36.978340148925781
90571840,2017,2017-10-18,9720,2017-10-09,0315,021561,,1,3,9,4400,0,3,5,,2,300,"SR-1 S/B",SR-152,1584.00,S,N,A,-,Y,,,1,,,,,,S,N,3,0,2,1,A,-,08,22107,,N,F,J,A,A,H,-,D,D,0,,,,,Y,Y,A,01,0,1,1,0,0,0,0,0,0,"- ","- ",36.914479999999998,-121.78726,"SANTA CRUZ",UNINCORPORATED,-121.78713719,36.914558309999997
90574553,2017,2017-10-19,9720,2017-10-06,1806,021549,,5,2,9,4400,0,1,3,,1,012,SR-236,"OAK ST",130.00,E,N,A,-,Y,,,,,,,,,,N,2,0,1,2,A,-,01,23152,A,N,B,G,A,A,H,-,B,D,0,,Y,,,Y,Y,M,47,1,0,0,0,0,0,1,0,0,"- ","- ",37.750570000000003,-122.7402,"SANTA CRUZ",UNINCORPORATED,,
90576641,2017,2017-10-23,9720,2017-10-15,1235,021833,,7,1,9,4400,0,3,5,,2,200,"PORTER ST","SOQUEL DR",556.00,S,N,A,-,N,,,,,,,,,,Y,3,0,1,3,A,-,03,22350,,N,C,C,A,A,H,-,A,A,0,,,,,Y,,A,08,0,1,0,0,0,0,0,0,0,"- ","- ",36.986980000000003,-121.9573,"SANTA CRUZ",UNINCORPORATED,-121.95737879000001,36.986592520000002
90578491,2017,2017-10-25,9720,2017-10-18,1545,021717,,3,2,9,4400,0,2,4,,1,024,"CAPITOLA RD","17TH AVE",261.00,E,N,A,-,N,,,,,,,,,,N,3,0,1,2,A,-,07,21658,A,N,B,C,A,A,H,-,A,D,0,,,Y,,Y,,A,01,0,1,0,0,0,0,0,0,1,"- ","- ",36.97569,-121.98177,"SANTA CRUZ",UNINCORPORATED,-121.98214003,36.975722730000001
90579158,2017,2017-10-26,9720,2017-10-22,1035,021215,,7,1,9,4400,0,3,5,,2,300,"BUENA VISTA DR","FIESTA WAY",150.00,S,N,A,-,N,,,,,,,,,,Y,4,0,1,1,A,-,08,22107,,N,E,I,A,A,H,-,A,D,0,,,,,Y,,A,01,0,0,1,0,0,0,0,0,0,"- ","- ",36.928660000000001,-121.81353,"SANTA CRUZ",UNINCORPORATED,-121.81334962,36.92859601
90580888,2017,2017-10-27,9720,2017-10-18,1440,021790,,3,2,9,4400,0,2,4,,1,023,"17TH AVE","BROMMER ST",386.00,N,N,A,-,N,,,,,,,,,,N,4,0,1,2,A,-,21,22106,,N,G,B,D,A,H,-,A,D,0,Y,,,,Y,,-,99,0,0,1,0,1,0,0,0,0,"- ","- ",36.972160000000002,-121.98411,"SANTA CRUZ",UNINCORPORATED,-121.98417852,36.972088620000001
90581065,2017,2017-10-27,9720,2017-10-20,2145,021178,,5,2,9,4400,0,3,5,,2,300,"VARNI RD","CORRALITOS RD",3168.00,E,N,A,-,N,,,,,,,,,,Y,3,0,3,2,A,-,01,23152,A,N,A,C,A,A,H,-,D,D,0,,,,,Y,Y,A,01,0,2,1,0,0,0,0,0,0,"- ","- ",36.581099999999999,-121.4783,"SANTA CRUZ",UNINCORPORATED,-121.79733,36.968602629999999
90582523,2017,2017-10-30,9720,2017-10-24,1242,021840,,2,1,9,4400,0,2,4,,1,016,"GRAHAM HILL RD","ROLLINGWOODS DR",528.00,W,N,A,-,N,,,,,,,,,,Y,4,0,1,2,A,-,03,22350,,N,C,C,A,A,H,-,A,D,0,,,,,Y,,A,01,0,0,1,0,0,0,0,0,0,"- ","- ",37.028350000000003,-122.03949,"SANTA CRUZ",UNINCORPORATED,-122.03894919,37.027245890000003
90582608,2017,2017-10-30,9720,2017-10-09,1942,021860,,1,2,9,4400,0,1,3,,2,020,"SR1 N/B","EMELINE AVE",792.00,N,N,A,-,Y,,,1,,,,,,N,Y,3,0,1,1,A,-,01,23152,A,N,E,J,A,A,H,-,D,D,0,,,,,Y,Y,A,01,0,1,0,0,0,0,0,0,0,"- ","- ",36.98995,-122.02101999999999,"SANTA CRUZ",UNINCORPORATED,-122.02109632,36.98957601
90583512,2017,2017-10-31,9720,2017-10-15,1315,021248,,7,1,9,4400,0,3,5,,2,200,"26TH AVE","HAMPSTEAD WAY",141.00,S,N,A,-,N,,,,,,,,,,N,2,0,1,2,A,-,17,22517,,N,B,E,A,A,C,-,A,D,0,,Y,,,Y,,A,07,1,0,0,0,0,0,1,0,0,"- ","- ",36.960900000000002,-121.97837,"SANTA CRUZ",UNINCORPORATED,-121.97832584,36.960906530000003
90583841,2017,2017-10-31,9720,2017-10-25,1655,021717,,3,2,9,4400,0,1,3,,2,020,"SR-1 S/B","PARK AVE",1584.00,S,N,A,-,Y,,,1,,,,,,S,Y,4,0,1,2,A,-,03,22350,,N,C,C,A,A,H,-,A,D,0,,,,,Y,,A,01,0,0,1,0,0,0,0,0,0,"- ","- ",36.983069999999998,-121.9271,"SANTA CRUZ",UNINCORPORATED,-121.92708906,36.98314834
90584144,2017,2017-10-31,9720,2017-10-25,1335,021717,,3,1,9,4400,0,1,3,,2,020,"SR-1 S/B","CAPITOLA AVE",210.00,N,N,A,-,Y,,,1,,,,,,S,Y,4,0,1,3,A,-,03,22350,,N,C,C,A,A,H,-,A,D,0,,,,,Y,,D,22,0,0,1,0,0,0,0,0,0,"- ","- ",36.983789999999999,-121.94935,"SANTA CRUZ",UNINCORPORATED,-121.9493559,36.983870090000003
90585961,2017,2017-11-02,9720,2017-10-28,1740,021321,,6,2,9,4400,0,2,4,,1,021,"SOQUEL DR","ROBERTSON ST",0.00,,Y,A,-,N,,,,,,,,,,Y,3,0,1,2,A,-,09,21802,B,N,A,C,A,A,H,-,A,A,0,,,,,Y,,A,01,0,1,0,0,0,0,0,0,0,"- ","- ",36.987650000000002,-121.9601,"SANTA CRUZ",UNINCORPORATED,-121.96052999,36.98775002
90586345,2017,2017-11-02,9720,2017-10-16,1245,021248,,1,1,9,4400,0,3,5,,2,100,"EMPIRE GRADE RD","ALBA RD",2112.00,N,N,A,-,N,,,,,,,,,,Y,2,0,1,1,A,-,08,22107,,N,F,A,A,A,H,-,A,D,0,,,Y,,Y,,C,02,1,0,0,0,0,0,0,0,1,"- ","- ",37.108310000000003,-122.14489,"SANTA CRUZ",UNINCORPORATED,-122.14540667,37.108394449999999
90588434,2017,2017-11-30,9720,2017-10-30,0802,021833,,1,1,9,4400,0,2,4,,1,021,"SOQUEL DR","MATTISON LN",14.00,E,N,B,-,N,,,,,,,,,,Y,4,0,1,2,A,-,03,22350,,N,C,C,A,A,H,-,A,A,0,,,,,Y,,-,99,0,0,1,0,0,0,0,0,0,"- ","- ",36.987879999999997,-121.97176,"SANTA CRUZ",UNINCORPORATED,-121.97180226,36.987886439999997
90590762,2017,2017-11-08,9720,2017-11-08,1200,021717,,3,1,9,4400,0,2,4,,1,021,"SOQUEL DR","APTOS RANCHO RD",135.00,N,N,B,-,N,,,,,,,,,,N,4,0,1,2,A,-,03,22350,,N,C,C,A,A,H,-,A,D,0,,,,,Y,,A,01,0,0,1,0,0,0,0,0,0,"- ","- ",36.97925,-121.90786,"SANTA CRUZ",UNINCORPORATED,-121.90772194,36.979035600000003
9059124,2019,2020-09-17,4402,2019-12-13,2232,144,4402,5,5,5,4402,0,0,0,,0,000,"MISSION ST","VAN NESS AV",0.00,,Y,B,-,Y,SCR,5,1,-,-,18.800,I,5,S,N,3,0,1,2,A,-,09,21802,A,N,D,C,A,B,H,-,C,D,0,,,Y,,Y,,D,22,0,1,0,0,0,0,0,0,1,"- ","- ",,,"SANTA CRUZ","SANTA CRUZ",-122.03793334960938,36.968658447265625
9059224,2020,2020-03-18,4402,2020-01-17,1459,181,4402,5,5,5,4402,0,0,0,,0,000,"WINDSOR ST","SEABRIGHT AV",0.00,,Y,A,-,N,,,,,,,,,,N,3,0,1,2,A,-,09,21802,A,N,H,G,A,A,H,-,A,A,0,,Y,,,Y,,A,01,0,1,0,0,0,0,1,0,0,"- ","- ",,,"SANTA CRUZ","SANTA CRUZ",-122.00820922851562,36.974330902099609
9059232,2020,2020-03-18,4402,2020-01-31,1341,165,4402,5,5,5,4402,0,0,0,,0,000,"SOQUEL AV","PARK WY",200.00,E,N,A,-,N,,,,,,,,,,N,3,0,1,1,A,-,03,22350,,N,F,A,A,A,H,-,A,D,0,,Y,,,Y,,L,04,0,1,0,0,0,0,1,0,0,"- ","- ",,,"SANTA CRUZ","SANTA CRUZ",-121.99805450439453,36.981754302978516
90592558,2017,2017-11-13,9720,2017-11-03,1510,021387,,5,2,9,4400,0,1,3,,1,015,SR-9,"PIKE RD",400.00,N,N,B,-,Y,,,9,,,,,,,Y,3,0,1,2,A,-,03,22350,,N,D,C,A,B,H,-,A,D,0,,,,,Y,,A,07,0,1,0,0,0,0,0,0,0,"- ","- ",37.10042,-122.1011,"SANTA CRUZ",UNINCORPORATED,-122.10119672,37.10039836
90592623,2017,2017-11-13,9720,2017-11-05,1905,021387,,7,2,9,4400,0,3,5,,2,100,"EMPIRE GRADE RD","SUNLIT LN",1056.00,N,N,A,-,N,,,,,,,,,,Y,3,0,1,1,A,-,08,22107,,N,F,A,A,A,H,-,D,D,0,,,Y,,Y,Y,C,02,0,1,0,0,0,0,0,0,1,"- ","- ",37.07103,-122.125,"SANTA CRUZ",UNINCORPORATED,-122.12499904000001,37.070859679999998
90592941,2017,2017-11-13,9720,2017-11-04,1332,021918,,6,1,9,4400,0,1,3,,1,017,"SR-17 S/B","GLENWOOD DR",1690.00,N,N,B,-,N,,,17,,,,,,S,Y,3,0,4,1,A,-,08,22107,,N,E,I,A,B,H,-,A,D,0,,,,,Y,,A,07,0,4,0,0,0,0,0,0,0,"- ","- ",37.124690000000001,-121.97317,"SANTA CRUZ",UNINCORPORATED,-121.97313292,37.124700349999998
90594221,2017,2017-11-14,9720,2017-11-07,2025,021760,,2,2,9,4400,0,1,3,,1,034,SR-152,"GAFFEY ROAD",4224.00,W,N,A,-,Y,,,152,,,,,,,Y,3,0,1,1,A,-,01,23152,A,N,E,I,A,A,H,-,D,D,0,,,,,Y,Y,A,01,0,1,0,0,0,0,0,0,0,"- ","- ",36.975920000000002,-121.71505999999999,"SANTA CRUZ",UNINCORPORATED,-121.71503984,36.975929000000001
9059442,2020,2020-05-09,4402,2020-02-12,1357,441,4402,3,5,5,4402,0,0,0,,0,,"CHESTNUT ST","LINCOLN ST",10.00,E,N,A,-,N,,,,,,,,,,N,3,0,2,3,A,-,10,21950,A,N,G,B,B,A,H,-,A,D,0,Y,,,,Y,,A,01,0,1,1,0,2,0,0,0,0,"- ","- ",,,"SANTA CRUZ","SANTA CRUZ",-122.03045654296875,36.971752166748047
9059454,2020,2020-05-09,4402,2020-02-04,1518,126,4402,2,5,5,4402,0,0,0,,0,,"EAST CLIFF DR","ALHAMBRA AV",175.00,W,N,A,-,N,,,,,,,,,,Y,2,0,2,1,A,-,03,22350,,N,E,I,A,A,H,-,A,D,0,,,,,Y,,A,01,1,0,1,0,0,0,0,0,0,"- ","- ",,,"SANTA CRUZ","SANTA CRUZ",-122.01088714599609,36.964225769042969
90595380,2017,2017-11-16,9720,2017-11-09,1420,021806,,4,2,9,4400,0,2,4,,1,024,"CAPITOLA RD","CHANTICLEER AVE",520.00,E,N,A,-,N,,,,,,,,,,Y,3,0,1,3,A,-,03,22350,,N,C,C,A,A,H,-,A,D,0,,,,,Y,,A,01,0,1,0,0,0,0,0,0,0,"- ","- ",36.975490000000001,-121.97909,"SANTA CRUZ",UNINCORPORATED,-121.97884763,36.975453100000003
90595390,2017,2017-11-16,9720,2017-11-07,1756,021790,,2,2,9,4400,0,1,3,,1,010,SR-1,"SKYLINE-TO-THE-SEA TRAIL RD",1584.00,N,N,A,-,Y,,,1,,,,,,,Y,3,0,2,2,A,-,05,21460,A,N,B,C,A,A,H,-,D,D,0,,,,,Y,Y,D,22,0,1,1,0,0,0,0,0,0,"- ","- ",37.100200000000001,-122.28358,"SANTA CRUZ",UNINCORPORATED,-122.28356855,37.100208070000001
90597975,2017,2017-11-20,9720,2017-11-10,1240,021248,,5,1,9,4400,0,1,3,,1,034,SR-152,"HOLOHAN RD",1584.00,E,N,A,-,Y,,,152,,,,,,,N,3,0,2,2,A,-,09,21804,A,N,B,C,A,A,H,-,A,D,0,,,,,Y,,A,08,0,1,1,0,0,0,0,0,0,"- ","- ",36.940359999999998,-121.74117,"SANTA CRUZ",UNINCORPORATED,-121.74116062,36.940352709999999
90599862,2017,2017-11-21,9720,2017-11-18,1100,021717,,6,1,9,4400,0,1,3,,2,020,"SR-1 N/B","PARK AVE",1584.00,S,N,A,-,Y,,,1,,,,,,N,Y,4,0,1,1,C,-,18,,,N,E,I,A,A,H,-,A,D,0,,,,,Y,,-,"- ",0,0,1,0,0,0,0,0,0,"- ","- ",36.984029999999997,-121.93545,"SANTA CRUZ",UNINCORPORATED,-121.93544987999999,36.984064660000001
90603192,2017,2017-11-27,9720,2017-11-22,0744,021702,,3,1,9,4400,0,2,4,,1,021,"SOQUEL DRIVE","THURBER LN",0.00,,Y,A,-,N,,,,,,,,,,Y,4,0,1,2,A,-,12,21453,A,N,D,C,A,A,H,-,A,A,0,,,,,Y,,D,22,0,0,1,0,0,0,0,0,0,"- ","- ",36.988799999999998,-121.9791,"SANTA CRUZ",UNINCORPORATED,-121.97911987000001,36.988740040000003
90603924,2017,2017-11-28,9720,2017-11-18,2308,021918,,6,3,9,4400,0,1,3,,1,015,SR-9,"WESTERN AVE",792.00,S,N,A,-,N,,,9,,,,,,,Y,4,0,1,2,A,-,01,23152,A,N,A,C,A,A,D,-,C,A,0,,,,,Y,Y,A,01,0,0,1,0,0,0,0,0,0,"- ","- ",37.103729999999999,-122.10471,"SANTA CRUZ",UNINCORPORATED,-122.10442709,37.103664909999999
90604972,2017,2017-11-29,9720,2017-11-28,0748,021702,,2,1,9,4400,0,3,5,,2,200,"WALNUT ST","ROBERTSON ST",4.00,S,N,A,-,N,,,,,,,,,,N,4,0,1,2,A,-,21,22106,,N,D,G,A,A,H,-,A,A,0,,Y,,,Y,,A,07,0,0,1,0,0,0,1,0,0,"- ","- ",36.985999999999997,-121.9603,"SANTA CRUZ",UNINCORPORATED,-121.96033642,36.98588857
90613903,2017,2017-12-11,9720,2017-11-30,0045,021840,,4,3,9,4400,0,1,3,,1,015,SR-9,"HUBBARD GULCH RD",25.00,S,N,A,-,Y,,,9,,,,,,,Y,3,0,1,1,A,-,01,23152,A,N,E,I,A,A,H,-,D,D,0,,,,,Y,Y,A,01,0,1,0,0,0,0,0,0,0,"- ","- ",37.085819999999998,-122.08962,"SANTA CRUZ",UNINCORPORATED,-122.08961806000001,37.085819379999997
90613920,2017,2017-12-11,9720,2017-11-29,0843,021760,,3,1,9,4400,0,1,3,,1,017,"SR-17 N/B","PASATIEMPO DR",7920.00,N,N,A,-,Y,,,17,,,,,,N,Y,4,0,1,4,A,-,03,22350,,N,C,C,A,A,H,-,A,D,0,,,,,Y,,A,07,0,0,1,0,0,0,0,0,0,"- ","- ",37.010420000000003,-122.02233,"SANTA CRUZ",UNINCORPORATED,-122.02241847000001,37.010380169999998
90614717,2017,2017-12-11,9720,2017-11-29,1024,021702,,3,1,9,4400,0,3,5,,2,200,"SUMMIT ROAD","DEL MONTE WAY",164.00,E,N,A,-,N,,,,,,,,,,Y,4,0,2,2,C,-,18,,,N,A,C,A,A,H,-,A,D,0,,,,,Y,,-,"- ",0,0,2,0,0,0,0,0,0,"- ","- ",37.128920000000001,-121.95301000000001,"SANTA CRUZ",UNINCORPORATED,-121.95274203,37.128817779999999
90615175,2017,2017-12-12,9720,2017-12-02,0228,021549,,6,3,9,4400,0,1,3,,2,030,"SR-1 S/B","BUENA VISTA DR",2376.00,N,N,A,-,Y,,,,,,,,,,Y,4,0,2,2,A,-,01,23152,A,N,C,C,A,A,H,-,D,D,0,,,,,Y,Y,A,01,0,0,2,0,0,0,0,0,0,"- ","- ",36.560180000000003,-121.4911,"SANTA CRUZ",UNINCORPORATED,,
90615768,2017,2017-12-12,9720,2017-12-04,1636,021918,,1,2,9,4400,0,1,3,,1,012,SR-236,"LITTLE BASIN RD",2112.00,S,N,A,-,Y,,,,,,,,,,Y,3,0,1,1,A,-,08,22107,,N,E,I,A,A,H,-,D,D,0,,,,,Y,,A,01,0,1,0,0,0,0,0,0,0,"- ","- ",37.166409999999999,-122.87602,"SANTA CRUZ",UNINCORPORATED,,
90616566,2017,2017-12-13,9720,2017-12-08,1800,020897,,5,2,9,4400,0,1,3,,2,030,"SR-1 N/B","AIRPORT BLVD",528.00,N,N,A,-,Y,,,1,,,,,,N,N,3,0,1,2,A,-,03,22350,,M,C,C,A,A,H,-,D,D,0,,,,,Y,,-,99,0,1,0,0,0,0,0,0,0,"- ","- ",36.925899999999999,-121.79889,"SANTA CRUZ",UNINCORPORATED,-121.7989208,36.92584995
90621374,2017,2017-12-20,9720,2017-12-13,1640,021053,,3,2,9,4400,0,1,3,,1,015,SR-9,"FOREST ST.",200.00,N,N,A,-,Y,,,9,,,,,,,Y,4,0,1,2,C,-,18,,,N,A,C,A,A,H,-,B,D,0,,,,,Y,,-,"- ",0,0,1,0,0,0,0,0,0,"- ","- ",37.124499999999998,-122.122,"SANTA CRUZ",UNINCORPORATED,-122.12201865,37.124493870000002
90625917,2017,2017-12-25,9720,2017-12-19,1555,021227,,2,2,9,4400,0,1,3,,2,020,"SR-1 S/B","PARK AVE",1056.00,S,N,A,-,Y,,,1,,,,,,S,Y,2,0,1,1,A,-,08,22107,,N,F,J,A,A,H,-,A,D,0,,,Y,,Y,,C,02,1,0,0,0,0,0,0,0,1,"- ","- ",36.983800000000002,-121.93237000000001,"SANTA CRUZ",UNINCORPORATED,-121.93236708000001,36.983840489999999
90626634,2017,2017-12-26,9720,2017-12-20,1744,020897,,3,2,9,4400,0,1,3,,2,020,"SR-1 S/B","41ST AVE",80.00,N,N,A,-,Y,,,1,,,,,,S,Y,3,0,1,2,A,-,03,22350,,N,B,C,A,A,H,-,C,D,0,,,Y,,Y,,C,02,0,1,0,0,0,0,0,0,1,"- ","- ",36.982750000000003,-121.96532999999999,"SANTA CRUZ",UNINCORPORATED,-121.9653307,36.98273537
90632469,2017,2018-01-03,9720,2017-12-17,1659,021760,,7,2,9,4400,0,1,3,,2,030,"SR-1 N/B","MAR MONTE AVE",5280.00,S,N,A,-,Y,,,1,,,,,,N,Y,3,0,1,1,A,-,01,23152,A,N,F,A,A,A,H,-,A,D,0,,,,,Y,Y,A,01,0,1,0,0,0,0,0,0,0,"- ","- ",36.940379999999998,-121.83686,"SANTA CRUZ",UNINCORPORATED,-121.83685186,36.940396999999997
90632815,2017,2018-01-04,9720,2017-12-22,2140,021860,,5,2,9,4400,0,3,5,,2,300,"SUMNER AVENUE","VIA NOVELLA",160.00,S,N,A,-,N,,,,,,,,,,Y,2,0,1,1,A,-,01,23152,A,N,E,I,A,A,H,-,D,D,0,,,,,Y,Y,A,01,1,0,0,0,0,0,0,0,0,"- ","- ",36.945329999999998,-121.87079,"SANTA CRUZ",UNINCORPORATED,-121.8708,36.945369999999997