CASE_ID,ACCIDENT_YEAR,PROC_DATE,JURIS,COLLISION_DATE,COLLISION_TIME,OFFICER_ID,REPORTING_DISTRICT,DAY_OF_WEEK,CHP_SHIFT,POPULATION,CNTY_CITY_LOC,SPECIAL_COND,BEAT_TYPE,CHP_BEAT_TYPE,CITY_DIVISION_LAPD,CHP_BEAT_CLASS,BEAT_NUMBER,PRIMARY_RD,SECONDARY_RD,DISTANCE,DIRECTION,INTERSECTION,WEATHER_1,WEATHER_2,STATE_HWY_IND,CALTRANS_COUNTY,CALTRANS_DISTRICT,STATE_ROUTE,ROUTE_SUFFIX,POSTMILE_PREFIX,POSTMILE,LOCATION_TYPE,RAMP_INTERSECTION,SIDE_OF_HWY,TOW_AWAY,COLLISION_SEVERITY,NUMBER_KILLED,NUMBER_INJURED,PARTY_COUNT,PRIMARY_COLL_FACTOR,PCF_CODE_OF_VIOL,PCF_VIOL_CATEGORY,PCF_VIOLATION,PCF_VIOL_SUBSECTION,HIT_AND_RUN,TYPE_OF_COLLISION,MVIW,PED_ACTION,ROAD_SURFACE,ROAD_COND_1,ROAD_COND_2,LIGHTING,CONTROL_DEVICE,CHP_ROAD_TYPE,PEDESTRIAN_ACCIDENT,BICYCLE_ACCIDENT,MOTORCYCLE_ACCIDENT,TRUCK_ACCIDENT,NOT_PRIVATE_PROPERTY,ALCOHOL_INVOLVED,STWD_VEHTYPE_AT_FAULT,CHP_VEHTYPE_AT_FAULT,COUNT_SEVERE_INJ,COUNT_VISIBLE_INJ,COUNT_COMPLAINT_PAIN,COUNT_PED_KILLED,COUNT_PED_INJURED,COUNT_BICYCLIST_KILLED,COUNT_BICYCLIST_INJURED,COUNT_MC_KILLED,COUNT_MC_INJURED,PRIMARY_RAMP,SECONDARY_RAMP,LATITUDE,LONGITUDE,COUNTY,CITY,POINT_X,POINT_Y
90686428,2018,2018-03-21,9720,2018-03-14,1725,021540,,3,2,9,4400,0,2,4,,1,023,"17TH AVE","MERRILL ST",10.00,S,N,A,-,N,,,,,,,,,,N,4,0,1,2,A,-,03,22350,,N,C,C,A,A,H,-,A,D,0,,,,,Y,,A,01,0,0,1,0,0,0,0,0,0,"- ","- ",36.964988708496094,-121.98661804199219,"SANTA CRUZ",UNINCORPORATED,-121.98654174804688,36.965126037597656
90687389,2018,2018-03-22,9720,2018-03-13,1054,021940,,2,1,9,4400,0,1,3,,1,017,"SR-17 S/B","SR-1 S/B",1056.00,S,N,B,C,Y,,,17,,,,,,S,Y,4,0,1,1,A,-,08,22107,,N,E,J,A,B,H,-,A,D,0,,,,,Y,,A,01,0,0,1,0,0,0,0,0,0,"- ","- ",36.989601135253906,-122.02149963378906,"SANTA CRUZ",UNINCORPORATED,-122.02185821533203,36.989898681640625
90688016,2018,2018-03-22,9720,2018-03-15,2037,021714,,4,2,9,4400,0,1,3,,2,020,"SR-1 N/B","RIO DEL MAR BLVD O/C",528.00,N,N,C,-,Y,,,1,,,,,,N,Y,4,0,2,1,A,-,08,22107,,N,E,I,A,B,H,-,D,D,0,,,,,Y,,A,01,0,0,2,0,0,0,0,0,0,"- ","- ",36.975460052490234,-121.89102172851562,"SANTA CRUZ",UNINCORPORATED,-121.89101409912109,36.975418090820312
90688827,2018,2018-03-23,9720,2018-03-18,0700,021561,,7,1,9,4400,0,1,3,,1,017,"SR-17 S/B","ALTA VISTA LANE",528.00,S,N,B,-,Y,,,17,,,,,,S,Y,3,0,2,1,A,-,08,22107,,N,E,I,A,B,H,-,A,D,0,,,,,Y,,A,01,0,2,0,0,0,0,0,0,0,"- ","- ",37.126041412353516,-121.97373962402344,"SANTA CRUZ",UNINCORPORATED,-121.97365570068359,37.126106262207031
90689188,2018,2018-03-26,9720,2018-03-16,1431,021540,,5,2,9,4400,0,1,3,,2,020,"N/B SR-1 FROM MORRISSEY BLVD","MORRISSEY BLVD",528.00,S,N,A,-,Y,,,,,,,,,,Y,2,0,2,1,A,-,03,22350,,N,E,J,A,A,H,-,A,D,0,,,,,Y,,A,07,1,0,1,0,0,0,0,0,0,"- ","- ",36.988590240478516,-122.00177001953125,"SANTA CRUZ",UNINCORPORATED,,
90689194,2017,2018-03-26,9720,2017-11-10,0355,021548,,5,3,9,4400,0,3,5,,2,200,"SUMNER AVE","CLUBHOUSE DR",1056.00,W,N,A,-,N,,,,,,,,,,Y,1,1,0,1,A,-,03,22350,,N,E,J,A,A,H,-,D,D,0,,,,,Y,,D,22,0,0,0,0,0,0,0,0,0,"- ","- ",36.959809999999997,-121.88533,"SANTA CRUZ",UNINCORPORATED,-121.88510868,36.959554949999998
90689974,2018,2018-03-26,9720,2018-03-15,1534,021477,,4,2,9,4400,0,3,5,,2,300,"CARLTON RD","LAKEVIEW RD",0.00,,Y,B,-,N,,,,,,,,,,Y,2,0,1,2,A,-,09,21802,A,N,D,C,A,B,H,-,A,A,0,,,,,Y,,A,01,1,0,0,0,0,0,0,0,0,"- ","- ",36.946231842041016,-121.71753692626953,"SANTA CRUZ",UNINCORPORATED,-121.71749877929688,36.946250915527344
90690456,2018,2018-03-27,9720,2018-03-17,2330,021833,,6,3,9,4400,0,1,3,,1,017,SR-17,"GLENWOOD DR",200.00,S,N,A,-,Y,,,17,,,,,,,Y,3,0,1,2,A,-,05,21460,A,N,A,C,A,B,H,-,D,D,0,,,,,Y,,A,01,0,1,0,0,0,0,0,0,0,"- ","- ",37.119720458984375,-121.97596740722656,"SANTA CRUZ",UNINCORPORATED,-121.97597503662109,37.119720458984375
90690686,2018,2018-03-27,9720,2018-03-20,0106,021840,,2,3,9,4400,0,1,3,,2,020,"SR-1 N/B","SOQUEL DR",5280.00,S,N,A,-,Y,,,1,,,,,,N,Y,4,0,1,1,A,-,01,23152,A,N,E,I,A,A,H,-,D,D,0,,,,,Y,Y,A,01,0,0,1,0,0,0,0,0,0,"- ","- ",36.982990264892578,-121.96024322509766,"SANTA CRUZ",UNINCORPORATED,-121.96023559570312,36.982967376708984
90692358,2018,2018-03-29,9720,2018-03-27,1829,021333,,2,2,9,4400,0,1,3,,1,017,"STATE ROUTE 17 NORTHBOUND","GLENWOOD AVE",100.00,N,N,A,-,Y,,,17,,,,,,N,Y,4,0,1,1,A,-,08,22107,,N,E,I,A,A,H,-,A,D,0,,,,,Y,,A,01,0,0,1,0,0,0,0,0,0,"- ","- ",37.120998382568359,-121.97614288330078,"SANTA CRUZ",UNINCORPORATED,-121.975830078125,37.120800018310547
90692364,2018,2018-03-29,9720,2018-03-23,1901,021702,,5,2,9,4400,0,3,5,,2,200,"PARK AVE","CABRILLO COLLEGE DR",330.00,E,N,A,-,N,,,,,,,,,,Y,4,0,1,1,A,-,08,22107,,N,E,I,A,A,H,-,A,D,0,,,,,Y,,A,01,0,0,1,0,0,0,0,0,0,"- ","- ",36.986869812011719,-121.93640899658203,"SANTA CRUZ",UNINCORPORATED,-121.9364013671875,36.986846923828125
90697713,2018,2018-04-03,9720,2018-03-24,2003,021714,,6,2,9,4400,0,2,4,,1,022,"SOQUEL SAN JOSE RD","OLSON RD",1056.00,N,N,A,-,N,,,,,,,,,,Y,3,0,1,1,A,-,08,22107,,N,F,A,A,B,H,-,D,D,0,,,,,Y,,A,01,0,1,0,0,0,0,0,0,0,"- ","- ",37.060420989990234,-121.94013214111328,"SANTA CRUZ",UNINCORPORATED,-121.94113159179688,37.059822082519531
90698990,2018,2018-04-04,9720,2018-03-21,0745,022011,,3,1,9,4400,0,1,3,,2,030,"SR-1 S/B TO SR -129","SR- 129",1056.00,N,N,C,-,Y,,,1,,,,R,,S,Y,2,0,1,1,A,-,08,22107,,N,F,A,A,B,H,-,A,D,0,,,,Y,Y,,G,27,1,0,0,0,0,0,0,0,0,"- ","- ",36.895301818847656,-121.77529907226562,"SANTA CRUZ",UNINCORPORATED,-121.77529907226562,36.895301818847656
90700022,2018,2018-04-06,9720,2018-03-27,1638,017568,,2,2,9,4400,0,1,3,,2,020,"SR-1 N/B","FREEDOM BLVD",600.00,N,N,A,-,Y,,,1,,,,,,N,Y,2,0,1,2,A,-,03,22350,,N,C,C,A,A,H,-,A,D,0,,,Y,,Y,,C,02,1,0,0,0,0,0,0,0,1,"- ","- ",36.972450256347656,-121.87835693359375,"SANTA CRUZ",UNINCORPORATED,-121.87836456298828,36.972431182861328
90700385,2018,2018-04-06,9720,2018-03-31,1755,021760,,6,2,9,4400,0,1,3,,1,034,SR-152,"FALLOWFIELD LN",1056.00,E,N,A,-,Y,,,152,,,,,,,Y,2,0,1,1,A,-,08,22107,,N,E,I,A,A,H,-,A,D,0,,,Y,,Y,Y,C,02,1,0,0,0,0,0,0,0,1,"- ","- ",36.96759033203125,-121.71938323974609,"SANTA CRUZ",UNINCORPORATED,-121.71968078613281,36.967849731445312
90700477,2018,2018-04-06,9720,2018-04-02,0432,021833,,1,3,9,4400,0,3,5,,2,300,"BUENA VISTA DR","CALABASAS RD",172.00,E,N,A,-,N,,,,,,,,,,Y,3,0,1,1,A,-,01,23152,A,N,E,I,A,A,H,-,C,D,0,,,,,Y,Y,A,01,0,1,0,0,0,0,0,0,0,"- ","- ",36.941070556640625,-121.78721618652344,"SANTA CRUZ",UNINCORPORATED,-121.78717803955078,36.941150665283203
90700733,2018,2018-04-09,9720,2018-04-07,0850,021215,,6,1,9,4400,0,1,3,,1,017,"SR-17 N/B","EL RANCHO DR",115.00,S,N,B,C,Y,,,17,,,,,,N,Y,4,0,1,1,A,-,03,22350,,N,E,I,A,B,H,-,A,D,0,,,,,Y,,A,01,0,0,1,0,0,0,0,0,0,"- ","- ",37.018909454345703,-122.02776336669922,"SANTA CRUZ",UNINCORPORATED,-122.02779388427734,37.018913269042969
90701164,2018,2018-04-09,9720,2018-04-01,0216,021806,,7,3,9,4400,0,1,3,,1,015,"SR-9 N/B","CALIFORNIA DR",1020.00,N,N,A,-,Y,,,9,,,,,,N,Y,4,0,1,1,A,-,00,20002,A,M,E,I,A,A,H,-,D,D,0,,,,,Y,,A,07,0,0,1,0,0,0,0,0,0,"- ","- ",37.098300933837891,-122.09780120849609,"SANTA CRUZ",UNINCORPORATED,-122.09786224365234,37.098236083984375
90701708,2018,2018-04-09,9720,2018-04-02,1645,021053,,1,2,9,4400,0,2,4,,1,031,"FREEDOM BLVD","WHITE RD",10.00,S,N,A,-,N,,,,,,,,,,Y,3,0,2,3,A,-,03,22350,,N,C,C,A,A,H,-,A,D,0,,,,,Y,,A,01,0,2,0,0,0,0,0,0,0,"- ","- ",36.971500396728516,-121.81939697265625,"SANTA CRUZ",UNINCORPORATED,-121.81952667236328,36.971366882324219
90702829,2018,2018-04-10,9720,2018-04-10,0704,018083,,2,1,9,4400,0,2,4,,1,021,"SOQUEL DRIVE","COMMERCIAL CROSSING",0.00,,Y,B,-,N,,,,,,,,,,N,3,0,1,2,A,-,08,22100,A,N,B,G,A,A,H,-,A,A,0,,Y,,,Y,,D,22,0,1,0,0,0,0,1,0,0,"- ","- ",36.98876953125,-121.98293304443359,"SANTA CRUZ",UNINCORPORATED,-121.98291778564453,36.988658905029297
90704001,2018,2018-04-12,9720,2018-03-30,1320,021940,,5,1,9,4400,0,1,3,,1,034,"SR-152 W/B","BELLA VISTA LN",1584.00,W,N,A,-,Y,,,152,,,,,,W,N,2,0,1,1,A,-,03,22350,,N,E,J,A,A,H,-,A,D,0,,,Y,,Y,,C,02,1,0,0,0,0,0,0,0,1,"- ","- ",36.990188598632812,-121.71627044677734,"SANTA CRUZ",UNINCORPORATED,-121.71622467041016,36.990234375
90706989,2018,2018-11-09,9720,2018-04-05,1344,021988,,4,1,9,4400,0,3,5,,2,200,"SOQUEL SAN JOSE RD","SOQUEL DR",116.00,N,N,A,-,N,,,,,,,,,,Y,2,0,1,4,A,-,05,21460,A,F,B,C,A,A,H,-,A,A,0,,,,,Y,,A,01,1,0,0,0,0,0,0,0,0,"- ","- ",36.988468170166016,-121.95736694335938,"SANTA CRUZ",UNINCORPORATED,-121.95733642578125,36.988441467285156
90707059,2018,2018-04-17,9720,2018-04-08,1011,021215,,7,1,9,4400,0,3,5,,2,200,"S. MAIN STREET","E. WALNUT ST",0.00,,Y,A,-,N,,,,,,,,,,Y,4,0,1,1,A,-,01,23152,F,N,E,I,A,A,H,-,A,D,0,,,,,Y,,A,01,0,0,1,0,0,0,0,0,0,"- ","- ",36.986099243164062,-121.95467376708984,"SANTA CRUZ",UNINCORPORATED,-121.95455169677734,36.986091613769531
9070907,2020,2020-10-16,4403,2020-02-21,1549,381,,5,5,4,4403,0,0,0,,0,,"LAKE AV","SUDDEN ST",0.00,,Y,B,-,Y,SCR,5,152,-,T,3.119,I,5,W,N,4,0,1,2,A,-,09,21802,A,N,D,C,A,A,H,-,A,A,0,,,,,Y,,A,07,0,0,1,0,0,0,0,0,0,"- ","- ",,,"SANTA CRUZ",WATSONVILLE,-121.75581359863281,36.913505554199219
9070984,2020,2020-10-19,4402,2020-01-17,0600,181,4402,5,5,5,4402,0,0,0,,0,000,"RT 1","MIRAMAR DR",0.00,,Y,A,-,Y,SCR,5,1,-,-,19.412,I,5,S,Y,3,0,2,2,A,-,12,21453,A,N,D,C,A,B,H,-,C,A,0,,,,,Y,,A,01,0,1,1,0,0,0,0,0,0,"- ","- ",,,"SANTA CRUZ","SANTA CRUZ",-122.04496002197266,36.962146759033203
90711834,2018,2018-04-24,9720,2018-04-16,0743,014931,,1,1,9,4400,0,1,3,,2,030,"SR-1 N/B","LARKIN VALLEY RD",1584.00,S,N,B,-,Y,,,1,,,,,,N,Y,2,0,5,4,A,-,03,22350,,N,C,C,A,B,H,-,A,D,0,,,,Y,Y,,F,26,1,0,4,0,0,0,0,0,0,"- ","- ",36.956508636474609,-121.85817718505859,"SANTA CRUZ",UNINCORPORATED,-121.85812377929688,36.956569671630859
90713430,2018,2018-04-26,9720,2018-04-18,2023,021940,,3,2,9,4400,0,2,4,,1,023,"7TH AVE","HARBOR BEACH CT.",20.00,N,N,A,-,N,,,,,,,,,,Y,3,0,1,2,A,-,03,22350,,N,C,C,A,A,H,-,C,D,0,,,,,Y,,A,01,0,1,0,0,0,0,0,0,0,"- ","- ",36.968898773193359,-121.997802734375,"SANTA CRUZ",UNINCORPORATED,-121.99786376953125,36.968723297119141
90718862,2018,2018-05-03,9720,2018-04-26,2145,022011,,4,2,9,4400,0,2,4,,1,016,"GRAHAM HILL RD.","SUMMIT AVE",1584.00,S,N,A,-,Y,,,,,,,,,,Y,2,0,2,1,A,-,08,22107,,N,F,I,A,A,H,-,D,D,0,,,,,Y,Y,A,07,1,1,0,0,0,0,0,0,0,"- ","- ",37.045299530029297,-122.05539703369141,"SANTA CRUZ",UNINCORPORATED,-122.06401824951172,37.047492980957031
90719582,2018,2018-05-03,9720,2018-05-01,0948,014931,,2,1,9,4400,0,3,5,,2,300,"EUREKA CANYON RD","GRIZZLY FLAT RD",422.00,N,N,A,-,N,,,,,,,,,,Y,3,0,1,1,A,-,01,23152,A,N,E,I,A,A,H,-,A,D,0,,,,,Y,Y,A,01,0,1,0,0,0,0,0,0,0,"- ","- ",37.047111511230469,-121.80433654785156,"SANTA CRUZ",UNINCORPORATED,-121.79812622070312,37.045078277587891
90719921,2018,2018-05-04,9720,2018-04-26,1544,021988,,4,2,9,4400,0,1,3,,2,020,"SR-1 S/B","N. BRANCIFORTE OVERCROSSING",528.00,N,N,A,-,Y,,,,,,,,,,Y,4,0,1,2,A,-,03,22350,,N,C,C,A,A,H,-,A,D,0,,,,,Y,,A,01,0,0,1,0,0,0,0,0,0,"- ","- ",36.988510131835938,-122.01302337646484,"SANTA CRUZ",UNINCORPORATED,,
90720238,2018,2018-05-04,9720,2018-04-27,1430,021227,,5,2,9,4400,0,3,5,,2,200,"N MAIN STREET","CHERRYVALE AVE",226.00,S,N,A,-,N,,,,,,,,,,Y,3,0,1,1,A,-,08,22107,,N,E,I,A,A,H,-,A,D,0,,,,,Y,,A,07,0,1,0,0,0,0,0,0,0,"- ","- ",36.997718811035156,-121.95139312744141,"SANTA CRUZ",UNINCORPORATED,-121.95137786865234,36.997692108154297
90722809,2017,2018-05-09,9720,2017-12-02,1659,021407,,6,2,9,4400,0,2,4,,1,021,"SOQUEL DRIVE (5300 BLOCK)","ROSEDALE AVE",18.00,E,N,A,-,N,,,,,,,,,,Y,1,1,1,2,A,-,01,23152,A,F,G,B,D,A,H,-,B,D,0,Y,,,,Y,Y,A,01,0,0,1,1,0,0,0,0,0,"- ","- ",36.987499999999997,-121.9487,"SANTA CRUZ",UNINCORPORATED,-121.94892914,36.987457880000001
90724326,2018,2018-05-11,9720,2018-05-01,2213,021840,,2,3,9,4400,0,3,5,,2,200,"RODEO GULCH RD","SOQUEL DR",8.00,N,N,A,-,N,,,,,,,,,,N,3,0,1,2,A,-,10,21950,A,N,G,B,B,A,H,-,C,A,0,Y,,,,Y,,A,01,0,1,0,0,1,0,0,0,0,"- ","- ",36.982761383056641,-121.96951293945312,"SANTA CRUZ",UNINCORPORATED,-121.96955871582031,36.98760986328125
90726443,2018,2018-05-15,9720,2018-05-05,1510,021248,,6,2,9,4400,0,2,4,,1,021,"SOQUEL DR","CRYSTAL HEIGHTS DR",80.00,E,N,A,-,N,,,,,,,,,,Y,4,0,1,1,A,-,08,22107,,N,E,I,A,A,H,-,A,D,0,,,,,Y,,A,01,0,0,1,0,0,0,0,0,0,"- ","- ",36.987400054931641,-121.9493408203125,"SANTA CRUZ",UNINCORPORATED,-121.94938659667969,36.987396240234375
90726560,2018,2018-05-15,9720,2018-05-06,0918,021270,,7,1,9,4400,0,2,4,,1,024,"EAST CLIFF DR","PORTOLA DR",20.00,S,N,A,-,N,,,,,,,,,,N,3,0,1,2,A,-,03,22350,,N,C,G,A,A,H,-,A,D,0,,Y,,,Y,,L,04,0,1,0,0,0,0,1,0,0,"- ","- ",36.962600708007812,-121.98819732666016,"SANTA CRUZ",UNINCORPORATED,-121.98812866210938,36.9627685546875
90728750,2018,2018-05-17,9720,2018-05-08,2152,021227,,2,2,9,4400,0,1,3,,1,014,"SR-9 S/B",SR-35,4752.00,S,N,A,-,Y,,,9,,,,,,S,Y,4,0,1,1,A,-,03,22350,,N,E,I,A,A,H,-,B,D,0,,,,,Y,Y,A,01,0,0,1,0,0,0,0,0,0,"- ","- ",37.252971649169922,-122.13520812988281,"SANTA CRUZ",UNINCORPORATED,-122.13518524169922,37.252937316894531
90728928,2018,2018-05-17,9720,2018-05-05,1645,021806,,6,2,9,4400,0,1,3,,1,010,"SR-1 S/B","DIMEO LN.",2112.00,S,N,A,-,Y,,,1,,,,,,S,Y,2,0,1,1,A,-,03,22350,,N,F,A,A,A,H,-,A,D,0,,,Y,,Y,,C,02,1,0,0,0,0,0,0,0,1,"- ","- ",36.962200164794922,-122.09838104248047,"SANTA CRUZ",UNINCORPORATED,-122.09836578369141,36.962249755859375
90731633,2018,2018-05-22,9720,2018-05-13,0024,021714,,7,3,9,4400,0,1,3,,1,035,"SR-129 E/B","ROGGE LN",1056.00,W,N,A,-,Y,,,129,,,,,,E,Y,3,0,1,1,A,-,01,23152,A,N,E,I,A,A,H,-,D,D,0,,,,,Y,Y,A,01,0,1,0,0,0,0,0,0,0,"- ","- ",36.903938293457031,-121.64257049560547,"SANTA CRUZ",UNINCORPORATED,-121.64257049560547,36.903900146484375
90732120,2018,2018-05-23,9720,2018-05-14,1748,021140,,1,2,9,4400,0,2,4,,1,021,"SOQUEL DRIVE","MONROE AVE",215.00,S,N,A,-,N,,,,,,,,,,Y,3,0,1,3,A,-,03,22350,,N,C,C,A,A,H,-,A,D,0,,,,,Y,,A,07,0,1,0,0,0,0,0,0,0,"- ","- ",36.971569061279297,-121.87512969970703,"SANTA CRUZ",UNINCORPORATED,-121.88580322265625,36.97607421875
90732598,2018,2018-05-23,9720,2018-05-11,1825,021227,,5,2,9,4400,0,2,4,,1,021,"SOQUEL DR","TROUT GULCH RD",70.00,S,N,A,-,N,,,,,,,,,,N,4,0,1,2,A,-,03,22350,,N,C,C,A,A,H,-,A,A,0,,,,,Y,,A,01,0,0,1,0,0,0,0,0,0,"- ","- ",36.976829528808594,-121.90019226074219,"SANTA CRUZ",UNINCORPORATED,-121.90007019042969,36.976703643798828
90732686,2018,2018-05-23,9720,2018-05-12,2338,021477,,6,3,9,4400,0,3,5,,2,200,"NORTH RODEO GULCH RD.","AMIGO RD",1584.00,S,N,A,-,N,,,,,,,,,,Y,2,0,1,1,A,-,01,23152,A,N,E,I,A,A,H,-,D,D,0,,,,,Y,Y,A,07,1,0,0,0,0,0,0,0,0,"- ","- ",37.002059936523438,-121.96954345703125,"SANTA CRUZ",UNINCORPORATED,-121.96953582763672,37.002281188964844
90734661,2018,2018-05-25,9720,2018-05-17,0742,021969,,4,1,9,4400,0,1,3,,2,030,"SR-1 N/B","MAR MONTE AVE",2112.00,N,N,A,-,Y,,,1,,,,,,N,N,4,0,1,2,A,-,09,21804,A,N,D,C,A,A,H,-,A,D,0,,,,Y,Y,,A,01,0,0,1,0,0,0,0,0,0,"- ","- ",36.954460144042969,-121.85588836669922,"SANTA CRUZ",UNINCORPORATED,-121.85591888427734,36.954433441162109
90737190,2018,2018-05-30,9720,2018-05-15,1552,017568,,2,2,9,4400,0,2,4,,1,024,"SOQUEL AVE","SOQUEL DRIVE",800.00,S,N,A,-,N,,,,,,,,,,Y,3,0,1,3,A,-,03,22350,,M,C,C,A,A,H,-,A,D,0,,,,,Y,Y,A,01,0,1,0,0,0,0,0,0,0,"- ","- ",36.986049652099609,-121.98674774169922,"SANTA CRUZ",UNINCORPORATED,-121.99017333984375,36.98529052734375
90738397,2018,2018-06-05,9720,2018-05-23,1250,021053,,3,1,9,4400,0,1,3,,1,015,"SR-9 S/B","HILLSIDE AVE",30.00,N,N,A,-,Y,,,9,,,,,,S,Y,3,0,2,4,A,-,03,22350,,N,C,C,A,A,H,-,A,D,0,,,,,Y,,A,07,0,2,0,0,0,0,0,0,0,"- ","- ",37.087200164794922,-122.08860015869141,"SANTA CRUZ",UNINCORPORATED,-122.08872222900391,37.087230682373047
90741085,2018,2018-06-05,9720,2018-05-25,0920,021211,,5,1,9,4400,0,1,3,,1,017,"SR-17 S/B","SUMMIT RD",300.00,S,N,B,C,Y,,,17,,,,,,S,Y,3,0,1,2,A,-,03,22350,,N,E,I,A,B,H,-,A,D,0,,,,,Y,,A,01,0,1,0,0,0,0,0,0,0,"- ","- ",37.144798278808594,-121.98470306396484,"SANTA CRUZ",UNINCORPORATED,-121.98466491699219,37.144805908203125
90741755,2018,2018-06-05,9720,2018-05-30,1205,018650,,3,1,9,4400,0,3,5,,2,200,"MCGREGOR DR","PERCH WAY",20.00,N,N,A,-,N,,,,,,,,,,Y,2,0,1,1,A,-,08,22107,,N,E,I,A,A,H,-,A,D,0,,,,,Y,Y,A,01,1,0,0,0,0,0,0,0,0,"- ","- ",36.979801177978516,-121.91452026367188,"SANTA CRUZ",UNINCORPORATED,-121.91448974609375,36.979789733886719
90741905,2018,2018-06-06,9720,2018-05-26,1153,021211,,6,1,9,4400,0,1,3,,1,035,SR-129,"SR-1 N/B OFF-RAMP",0.00,,Y,B,-,Y,,,129,,,,,,,Y,4,0,1,2,A,-,09,21802,A,N,D,C,A,A,H,-,A,D,0,,,,,Y,,A,07,0,0,1,0,0,0,0,0,0,"- ","- ",36.895198822021484,-121.77210235595703,"SANTA CRUZ",UNINCORPORATED,-121.77210235595703,36.895198822021484
90742017,2018,2018-06-06,9720,2018-05-30,1840,018650,,3,2,4,4403,0,1,S,,2,901,"SR-152 (MAIN ST)","PENNSYLVANIA DR",66.00,W,N,A,-,Y,,,152,,,,,,,Y,3,0,2,5,A,-,08,22107,,N,B,C,A,A,H,-,A,A,0,,,,,Y,,A,01,0,1,1,0,0,0,0,0,0,"- ","- ",36.916591644287109,-121.77162933349609,"SANTA CRUZ",WATSONVILLE,-121.77163696289062,36.916534423828125
90742040,2018,2018-06-06,9720,2018-05-31,1605,021140,,4,2,9,4400,0,1,3,,1,015,SR-9,"FALL CREEK DRIVE",460.00,N,N,A,-,Y,,,9,,,,,,,Y,4,0,2,3,A,-,03,22350,,N,C,C,A,A,H,-,A,D,0,,,,,Y,,D,23,0,0,2,0,0,0,0,0,0,"- ","- ",37.061100006103516,-122.07987976074219,"SANTA CRUZ",UNINCORPORATED,-122.07992553710938,37.061084747314453
90742957,2018,2018-06-07,9720,2018-05-30,0645,018083,,3,1,9,4400,0,1,3,,1,015,SR-9,"ALAMEDA AVENUE",0.00,,Y,A,-,Y,,,9,,,,,,,Y,2,0,1,2,A,-,03,22350,,N,D,C,A,A,H,-,A,A,0,,,Y,,Y,,C,02,1,0,0,0,0,0,0,0,1,"- ","- ",37.107578277587891,-122.10772705078125,"SANTA CRUZ",UNINCORPORATED,-122.10771179199219,37.107597351074219
90744085,2018,2018-06-08,9720,2018-06-03,1109,021714,,7,1,9,4400,0,1,3,,1,017,"SR-17 S/B","PASATIEMPO DR. O/C",1584.00,S,N,A,-,Y,,,17,,,,,,S,N,4,0,1,3,A,-,03,22350,,M,C,C,A,A,H,-,A,D,0,,,,,Y,,A,01,0,0,1,0,0,0,0,0,0,"- ","- ",36.995258331298828,-122.01930236816406,"SANTA CRUZ",UNINCORPORATED,-122.01927947998047,36.995269775390625
90744165,2018,2018-06-08,9720,2018-06-06,0845,019521,,3,1,9,4400,0,1,3,,2,020,"SR-1 N/B","PORTER ST",1109.00,N,N,B,-,Y,,,1,,,,,,N,N,4,0,1,2,A,-,03,22350,,N,C,C,A,A,H,-,A,D,0,,,,,Y,,A,07,0,0,1,0,0,0,0,0,0,"- ","- ",36.983570098876953,-121.95320892333984,"SANTA CRUZ",UNINCORPORATED,-121.95321655273438,36.983638763427734
90744174,2018,2018-06-08,9720,2018-06-07,1318,019521,,4,1,9,4400,0,1,3,,2,020,"SR-1 N/B","PARK AVE",2376.00,S,N,A,-,Y,,,1,,,,,,N,N,4,0,1,2,A,-,03,22350,,N,C,C,A,A,H,-,A,D,0,,,,,Y,,A,01,0,0,1,0,0,0,0,0,0,"- ","- ",36.983528137207031,-121.92893981933594,"SANTA CRUZ",UNINCORPORATED,-121.92893218994141,36.983566284179688
90744252,2018,2018-06-08,9720,2018-06-01,1535,021211,,5,2,9,4400,0,2,4,,1,032,"GREEN VALLEY RD","DUTCHMAN RD",0.00,,Y,A,-,N,,,,,,,,,,Y,2,0,1,2,A,-,09,21802,A,N,A,C,A,A,H,-,A,A,0,,,Y,,Y,,A,01,1,0,0,0,0,0,0,0,1,"- ","- ",36.960399627685547,-121.76490020751953,"SANTA CRUZ",UNINCORPORATED,-121.76496124267578,36.96044921875
90744277,2018,2018-06-08,9720,2018-06-06,1220,014653,,3,1,9,4400,0,2,4,,1,023,"7TH AVE","EATON ST",100.00,S,N,A,-,N,,,,,,,,,,N,4,0,1,2,A,-,21,22106,,N,C,C,A,A,H,-,A,D,0,,,,,Y,,B,01,0,0,1,0,0,0,0,0,0,"- ","- ",36.967319488525391,-121.998046875,"SANTA CRUZ",UNINCORPORATED,-121.99803924560547,36.967395782470703