CASE_ID,ACCIDENT_YEAR,PROC_DATE,JURIS,COLLISION_DATE,COLLISION_TIME,OFFICER_ID,REPORTING_DISTRICT,DAY_OF_WEEK,CHP_SHIFT,POPULATION,CNTY_CITY_LOC,SPECIAL_COND,BEAT_TYPE,CHP_BEAT_TYPE,CITY_DIVISION_LAPD,CHP_BEAT_CLASS,BEAT_NUMBER,PRIMARY_RD,SECONDARY_RD,DISTANCE,DIRECTION,INTERSECTION,WEATHER_1,WEATHER_2,STATE_HWY_IND,CALTRANS_COUNTY,CALTRANS_DISTRICT,STATE_ROUTE,ROUTE_SUFFIX,POSTMILE_PREFIX,POSTMILE,LOCATION_TYPE,RAMP_INTERSECTION,SIDE_OF_HWY,TOW_AWAY,COLLISION_SEVERITY,NUMBER_KILLED,NUMBER_INJURED,PARTY_COUNT,PRIMARY_COLL_FACTOR,PCF_CODE_OF_VIOL,PCF_VIOL_CATEGORY,PCF_VIOLATION,PCF_VIOL_SUBSECTION,HIT_AND_RUN,TYPE_OF_COLLISION,MVIW,PED_ACTION,ROAD_SURFACE,ROAD_COND_1,ROAD_COND_2,LIGHTING,CONTROL_DEVICE,CHP_ROAD_TYPE,PEDESTRIAN_ACCIDENT,BICYCLE_ACCIDENT,MOTORCYCLE_ACCIDENT,TRUCK_ACCIDENT,NOT_PRIVATE_PROPERTY,ALCOHOL_INVOLVED,STWD_VEHTYPE_AT_FAULT,CHP_VEHTYPE_AT_FAULT,COUNT_SEVERE_INJ,COUNT_VISIBLE_INJ,COUNT_COMPLAINT_PAIN,COUNT_PED_KILLED,COUNT_PED_INJURED,COUNT_BICYCLIST_KILLED,COUNT_BICYCLIST_INJURED,COUNT_MC_KILLED,COUNT_MC_INJURED,PRIMARY_RAMP,SECONDARY_RAMP,LATITUDE,LONGITUDE,COUNTY,CITY,POINT_X,POINT_Y
91029753,2019,2019-07-12,9720,2019-07-06,1625,021969,,6,2,9,4400,0,1,3,,1,035,SR-129,"BLACKBURN ST",528.00,E,N,A,-,Y,,,,,,,,,,N,4,0,1,2,A,-,03,22350,,N,C,C,A,A,H,-,A,D,0,,,,,Y,,D,22,0,0,1,0,0,0,0,0,0,"- ","- ",36.012889862060547,-121.74420166015625,"SANTA CRUZ",UNINCORPORATED,,
91030415,2019,2019-07-15,9720,2019-07-03,1355,021940,,3,1,9,4400,0,3,5,,2,200,"SKYLAND RD","SKYLAND RIDGE RD.",250.00,E,N,A,-,N,,,,,,,,,,Y,4,0,1,1,A,-,08,22107,,N,E,J,A,A,H,-,A,D,0,,,,,Y,,A,01,0,0,1,0,0,0,0,0,0,"- ","- ",37.109218597412109,-121.92913055419922,"SANTA CRUZ",UNINCORPORATED,-121.928466796875,37.109443664550781
91031658,2019,2019-07-16,9720,2019-07-11,0611,014931,,4,1,9,4400,0,1,3,,2,030,"SR-1 S/B",SR-129,528.00,N,N,A,-,Y,,,1,,,,,,S,Y,3,0,1,1,A,-,08,22107,,N,E,I,A,A,H,-,A,D,0,,,,,Y,,A,07,0,1,0,0,0,0,0,0,0,"- ","- ",36.896919250488281,-121.77606964111328,"SANTA CRUZ",UNINCORPORATED,-121.77590942382812,36.897022247314453
91032534,2019,2019-07-17,9720,2019-07-13,1621,021969,,6,2,9,4400,0,2,4,,1,024,"PORTOLA DR","38TH AVE",130.00,N,N,A,-,N,,,,,,,,,,N,3,0,1,1,C,-,18,,,N,F,I,A,A,H,-,A,D,0,,Y,,,Y,,-,"- ",0,1,0,0,0,0,1,0,0,"- ","- ",36.963420867919922,-121.96795654296875,"SANTA CRUZ",UNINCORPORATED,-121.96739959716797,36.96343994140625
91036364,2019,2019-07-24,9720,2019-07-11,0815,021477,,4,1,9,4400,0,2,4,,1,016,"GRAHAM HILL RD","CONFERENCE DR",100.00,E,N,A,-,N,,,,,,,,,,Y,4,0,1,2,A,-,08,22107,,N,B,C,A,A,H,-,A,D,0,,,Y,,Y,,A,08,0,0,1,0,0,0,0,0,1,"- ","- ",37.050678253173828,-122.06739044189453,"SANTA CRUZ",UNINCORPORATED,-122.06745147705078,37.05078125
91040282,2019,2019-07-29,9720,2019-07-17,1725,022349,,3,2,9,4400,0,1,3,,2,020,"SR-1 N/B","STATE PARK DR.",528.00,S,N,A,-,Y,,,1,,,,,,N,Y,4,0,1,3,A,-,03,22350,,N,C,C,A,A,H,-,A,D,0,,,,,Y,,A,07,0,0,1,0,0,0,0,0,0,"- ","- ",36.974899291992188,-121.89759826660156,"SANTA CRUZ",UNINCORPORATED,-121.89760589599609,36.975002288818359
91043188,2019,2019-08-01,9720,2019-07-23,1752,019956,,2,2,9,4400,0,3,5,,2,200,ESPLANADE,"APTOS BEACH DR",45.00,W,N,A,-,N,,,,,,,,,,Y,3,0,1,2,A,-,21,22106,,N,H,B,E,A,H,-,A,D,0,Y,,,,Y,,A,08,0,1,0,0,1,0,0,0,0,"- ","- ",39.969169616699219,-121.90550231933594,"SANTA CRUZ",UNINCORPORATED,-121.90524291992188,36.969230651855469
91045525,2019,2019-08-05,9720,2019-07-30,1941,021860,,2,2,9,4400,0,2,4,,1,024,"EAST CLIFF AVENUE","14TH AVE",0.00,,Y,A,-,N,,,,,,,,,,N,3,0,1,2,A,-,10,21950,A,N,G,B,B,A,H,-,A,A,0,Y,,,,Y,,A,08,0,1,0,0,1,0,0,0,0,"- ","- ",36.963600158691406,-121.99169921875,"SANTA CRUZ",UNINCORPORATED,-121.99167633056641,36.963809967041016
91046874,2019,2019-08-07,9720,2019-07-25,1500,022290,,4,2,9,4400,0,1,3,,2,020,"SR-1 N/B","PARK AVE",528.00,S,N,A,-,Y,,,1,,,,,,N,Y,3,0,1,1,A,-,08,22107,,N,E,I,A,A,H,-,A,A,0,,,,,Y,,A,07,0,1,0,0,0,0,0,0,0,"- ","- ",36.984470367431641,-121.93649291992188,"SANTA CRUZ",UNINCORPORATED,-121.93649291992188,36.98406982421875
91047227,2019,2019-08-07,9720,2019-08-02,1325,18239,,5,1,9,4400,0,2,4,,1,024,"CAPITOLA RD.","17TH AVE",125.00,W,N,A,-,N,,,,,,,,,,N,4,0,2,3,A,-,21,22106,,N,C,C,A,A,H,-,A,A,0,,,,,Y,,A,07,0,0,2,0,0,0,0,0,0,"- ","- ",36.976020812988281,-121.98390960693359,"SANTA CRUZ",UNINCORPORATED,-121.98342132568359,36.975955963134766
91047861,2019,2019-08-08,9720,2019-08-01,1530,019848,,4,2,9,4400,0,3,5,,2,200,"PORTOLA DR","17TH AVE",100.00,E,N,A,-,N,,,,,,,,,,N,4,0,1,2,D,-,00,,,N,D,G,A,A,H,-,A,D,0,,Y,,,Y,,-,"- ",0,0,1,0,0,0,1,0,0,"- ","- ",36.962699890136719,-121.98690032958984,"SANTA CRUZ",UNINCORPORATED,-121.98773956298828,36.962791442871094
91051781,2019,2019-08-14,9720,2019-08-10,1910,020805,,6,2,9,4400,0,3,5,,2,300,"SAN ANDREAS RD","SUNSET BEACH RD",0.00,,Y,A,-,N,,,,,,,,,,Y,4,0,1,2,A,-,09,21801,A,N,D,C,A,A,H,-,A,D,0,,,Y,,Y,,A,08,0,0,1,0,0,0,0,0,1,"- ","- ",36.902000427246094,-121.8240966796875,"SANTA CRUZ",UNINCORPORATED,-121.82408905029297,36.902000427246094
91054254,2019,2019-08-19,9720,2019-08-09,1915,022349,,5,2,9,4400,0,3,5,,2,200,"W. WALNUT ST.","DAUBENBISS AVE.",0.00,,Y,A,-,N,,,,,,,,,,N,4,0,1,2,A,-,10,21950,A,N,G,B,B,A,H,-,B,A,0,Y,,,,Y,,A,01,0,0,1,0,1,0,0,0,0,"- ","- ",36.98590087890625,-121.95829772949219,"SANTA CRUZ",UNINCORPORATED,-121.95829010009766,36.985858917236328
9105465,2020,2020-08-07,4404,2020-04-07,1706,5291,4404,2,5,3,4404,0,0,0,,0,00S,"MT HERMON RD","LA MADRONA DR",0.00,,Y,A,-,N,,,,,,,,,,N,4,0,1,2,A,-,03,22350,,N,C,C,A,A,H,-,A,A,0,,,,,Y,,A,01,0,0,1,0,0,0,0,0,0,"- ","- ",37.037281036376953,-122.02220153808594,"SANTA CRUZ","SCOTTS VALLEY",-122.02204132080078,37.037040710449219
91055193,2019,2019-08-20,9720,2019-08-13,1642,019956,,2,2,9,4400,0,1,3,,2,020,"SR-1 S/B","SOQUEL DR",528.00,S,N,A,-,Y,,,1,,,,,,S,N,4,0,1,2,A,-,07,21658,A,N,C,C,A,A,H,-,A,D,0,,,,Y,Y,,A,01,0,0,1,0,0,0,0,0,0,"- ","- ",36.98651123046875,-121.98438262939453,"SANTA CRUZ",UNINCORPORATED,-121.98436737060547,36.986557006835938
91055342,2019,2019-08-20,9720,2019-08-11,1800,022349,,7,2,9,4400,0,1,3,,1,010,SR-1,"OCEAN ST",2.00,S,N,A,-,Y,,,1,,,,,,,N,2,0,1,2,A,-,11,21950,B,N,G,B,D,A,H,-,B,D,0,Y,,,,Y,,N,60,1,0,0,0,1,0,0,0,0,"- ","- ",37.011299133300781,-122.19529724121094,"SANTA CRUZ",UNINCORPORATED,-122.19529724121094,37.011310577392578
91055510,2019,2019-08-20,9720,2019-08-12,1420,022349,,1,2,9,4400,0,1,3,,2,030,"N/B SR-1","FREEDOM BLVD",528.00,S,N,A,-,Y,,,1,,,,,,,Y,4,0,2,2,A,-,03,22350,,N,B,C,A,A,H,-,A,D,0,,,,,Y,,A,01,0,0,2,0,0,0,0,0,0,"- ","- ",36.966701507568359,-121.86830139160156,"SANTA CRUZ",UNINCORPORATED,-121.86845397949219,36.966541290283203
91058004,2019,2019-08-23,9720,2019-08-13,2343,022329,,2,3,9,4400,0,3,5,,2,200,"LUPIN DRIVE","N RODEO GULCH ROAD",20.00,E,N,A,-,N,,,,,,,,,,Y,3,0,1,1,A,-,01,23152,A,N,E,I,A,A,H,-,D,D,0,,,,,Y,Y,D,22,0,1,0,0,0,0,0,0,0,"- ","- ",36.997699737548828,-121.97059631347656,"SANTA CRUZ",UNINCORPORATED,-121.97032928466797,36.998378753662109
91058455,2019,2019-08-23,9720,2019-08-18,0620,022293,,7,1,9,4400,0,1,3,,1,017,"STATE ROUTE 17","GLEN CANYON ROAD U/C",36.00,N,N,C,-,Y,,,17,,,,,,,Y,2,0,1,1,A,-,08,22107,,N,E,I,A,B,H,-,A,D,0,,,,,Y,,A,01,1,0,0,0,0,0,0,0,0,"- ","- ",37.036781311035156,-122.01947021484375,"SANTA CRUZ",UNINCORPORATED,-122.01942443847656,37.036689758300781
91061471,2019,2019-08-28,9720,2019-08-12,0628,017568,,1,1,5,4402,0,1,3,,2,020,"SR-1 N/B","RIO DEL MAR BLVD",500.00,N,N,A,-,Y,,,,,,,,,,Y,3,0,1,2,A,-,03,22350,,N,C,C,A,A,H,-,A,D,0,,,,,Y,,A,01,0,1,0,0,0,0,0,0,0,"- ","- ",36.9752197265625,-121.89064788818359,"SANTA CRUZ","SANTA CRUZ",-121.88787078857422,36.975383758544922
91061600,2019,2019-08-28,9720,2019-08-22,1250,022125,,4,1,9,4400,0,3,5,,2,100,"BEAR CREEK RD.","BEAR CREEK WAY",290.00,S,N,A,-,N,,,,,,,,,,N,3,0,1,1,A,-,08,22107,,N,E,I,A,A,H,-,A,D,0,,,,,Y,,A,01,0,1,0,0,0,0,0,0,0,"- ","- ",37.173671722412109,-122.05933380126953,"SANTA CRUZ",UNINCORPORATED,-122.05873107910156,37.173061370849609
9106534,2019,2020-11-19,4402,2019-02-05,1430,820,,2,5,5,4402,0,0,0,,0,,"COOLIDGE DR","MAIN GATE BUS STOP",0.00,,Y,A,-,N,,,,,,,,,,N,3,0,1,2,A,-,08,22107,,F,H,C,A,A,H,-,A,D,0,,,Y,,Y,,A,07,0,1,0,0,0,0,0,0,1,"- ","- ",,,"SANTA CRUZ","SANTA CRUZ",,
91065533,2019,2019-09-03,9720,2019-08-25,1148,022125,,7,1,9,4400,0,1,3,,1,012,SR-236,"N ESCAPE RD.",7920.00,N,N,A,-,Y,,,236,,,,,,,Y,4,0,1,1,A,-,03,22350,,N,F,A,A,A,H,-,A,D,0,,,Y,,Y,,C,02,0,0,1,0,0,0,0,0,1,"- ","- ",37.174900054931641,-122.21708679199219,"SANTA CRUZ",UNINCORPORATED,-122.21710205078125,37.174850463867188
91067567,2019,2019-09-04,9720,2019-08-25,1255,022293,,7,1,9,4400,0,2,4,,1,031,"FREEDOM BLVD","MARINER WAY",528.00,S,N,A,-,N,,,,,,,,,,Y,3,0,1,2,A,-,03,22350,,N,C,C,A,A,H,-,A,D,0,,,,,Y,,A,07,0,1,0,0,0,0,0,0,0,"- ","- ",36.973201751708984,-121.87090301513672,"SANTA CRUZ",UNINCORPORATED,-121.87043762207031,36.974094390869141
91071756,2019,2019-09-10,9720,2019-08-28,1810,021806,,3,2,9,4400,0,2,4,,1,023,"17TH AVE","HARPER ST",12.00,E,N,A,-,N,,,,,,,,,,Y,2,0,1,2,A,-,01,23152,F,N,D,C,A,A,H,-,A,A,0,,,,,Y,Y,D,22,1,0,0,0,0,0,0,0,0,"- ","- ",36.973861694335938,-121.98371887207031,"SANTA CRUZ",UNINCORPORATED,-121.983642578125,36.973850250244141
91072712,2019,2019-09-11,9720,2019-08-30,2235,021489,,5,3,9,4400,0,3,5,,2,300,"RIDER RD","EUREKA CANYON RD",10560.00,W,N,A,-,N,,,,,,,,,,N,3,0,1,1,A,-,08,22107,,N,E,I,A,A,H,-,D,D,0,,,,,Y,,D,22,0,1,0,0,0,0,0,0,0,"- ","- ",37.027988433837891,-121.83982086181641,"SANTA CRUZ",UNINCORPORATED,-121.84076690673828,37.027702331542969
91073359,2019,2019-09-12,9720,2019-09-05,1157,014931,,4,1,4,4403,1,4,S,,2,901,"FREEDOM BLVD","CLIFFORD DR",222.00,N,N,A,-,N,,,,,,,,,,N,4,0,2,2,A,-,03,22350,,N,C,C,A,A,H,-,A,A,0,,,,,Y,,H,14,0,0,2,0,0,0,0,0,0,"- ","- ",36.929779052734375,-121.76851654052734,"SANTA CRUZ",WATSONVILLE,-121.76868438720703,36.930774688720703
91074709,2019,2019-09-16,9720,2019-08-27,1801,022162,,2,2,9,4400,0,1,3,,1,015,SR9,"LORENZO LN",70.00,S,N,A,-,Y,,,,,,,,,,N,4,0,2,3,A,-,21,22106,,N,C,C,A,A,H,-,A,A,0,,,,,Y,,D,22,0,0,2,0,0,0,0,0,0,"- ","- ",37.053268432617188,-122.10527801513672,"SANTA CRUZ",UNINCORPORATED,-122.13651275634766,37.150947570800781
91074833,2019,2019-09-16,9720,2019-08-28,1850,021877,,3,2,9,4400,0,1,3,,2,020,"SR-1 N/B","PORTER ST",528.00,S,N,A,-,Y,,,1,,,,,,N,Y,2,0,3,2,A,-,01,23152,G,N,B,C,A,A,H,-,A,D,0,,,,,Y,Y,A,01,1,1,1,0,0,0,0,0,0,"- ","- ",36.983749389648438,-121.95175933837891,"SANTA CRUZ",UNINCORPORATED,-121.95175933837891,36.983772277832031
91074894,2019,2019-12-17,9720,2019-08-23,2150,021833,,5,2,9,4400,0,3,5,,2,200,"SUMMIT RD","TIMMUS LANE",160.00,E,N,A,-,N,,,,,,,,,,Y,2,0,2,2,A,-,01,23152,A,N,D,C,A,A,H,-,D,D,0,,,Y,,Y,Y,C,02,1,0,1,0,0,0,0,0,1,"- ","- ",37.124988555908203,-121.93831634521484,"SANTA CRUZ",UNINCORPORATED,-121.94898986816406,37.12811279296875
91077967,2019,2019-09-19,9720,2019-09-07,1952,019956,,6,2,9,4400,0,2,4,,1,016,"GRAHAM HILL RD","NEPENTHE DR",40.00,S,N,A,-,N,,,,,,,,,,Y,3,0,1,2,A,-,03,22350,,N,C,C,A,A,H,-,B,D,0,,,Y,,Y,,C,02,0,1,0,0,0,0,0,0,1,"- ","- ",37.014469146728516,-122.03426361083984,"SANTA CRUZ",UNINCORPORATED,-122.03426361083984,37.014530181884766
91079014,2019,2019-09-19,9720,2019-09-09,1140,022349,,1,1,9,4400,0,1,3,,1,015,SR-9,"BRACKNEY RD.",30.00,N,N,A,-,Y,,,9,,,,,,,N,4,0,1,3,A,-,03,22350,,N,C,C,A,A,H,-,A,D,0,,,,,Y,,A,07,0,0,1,0,0,0,0,0,0,"- ","- ",37.069099426269531,-122.08380126953125,"SANTA CRUZ",UNINCORPORATED,-122.08378601074219,37.069114685058594
91079569,2019,2019-09-20,9720,2019-09-02,1145,022290,,1,1,9,4400,0,3,5,,2,200,"MCGREGOR DR","NEW BRIGHTON RD",64.00,E,N,A,-,Y,,,,,,,,,,N,3,0,1,1,A,-,17,21200,,N,F,A,A,A,H,-,D,D,0,,Y,,,Y,Y,L,04,0,1,0,0,0,0,1,0,0,"- ","- ",36.982948303222656,-121.92784118652344,"SANTA CRUZ",UNINCORPORATED,-121.92760467529297,36.982982635498047
91080041,2019,2019-09-23,9720,2019-09-08,1525,022044,,7,2,9,4400,0,1,3,,1,010,SR-1,"SCOTT CREEK",200.00,S,N,A,-,Y,,,,,,,,,,Y,2,0,1,5,A,-,08,22107,,N,D,C,E,A,H,-,A,D,0,Y,,,,Y,,D,22,1,0,0,0,1,0,0,0,0,"- ","- ",37.224781036376953,-122.13430023193359,"SANTA CRUZ",UNINCORPORATED,,
91082430,2019,2019-09-25,9720,2019-09-15,1944,021806,,7,2,9,4400,0,1,3,,2,020,"SR-1 N/B TO SR-17 N/B","EMELINE AVE",930.00,N,N,A,-,Y,,,1,,,,R,,N,Y,2,0,1,1,A,-,01,23152,A,N,F,A,A,A,H,-,D,D,0,,,Y,,Y,Y,C,02,1,0,0,0,0,0,0,0,1,"- ","- ",36.989818572998047,-122.02082061767578,"SANTA CRUZ",UNINCORPORATED,-122.02082061767578,36.989818572998047
91082653,2019,2019-09-25,9720,2019-09-14,1720,022162,,6,2,9,4400,0,1,3,,1,015,"SB SR-9","LAZY WOODS RD",850.00,S,N,A,-,Y,,,9,,,,,,,Y,4,0,1,2,A,-,03,22350,,M,C,C,A,A,H,-,A,A,0,,,,,Y,,D,22,0,0,1,0,0,0,0,0,0,"- ","- ",37.062900543212891,-122.08000946044922,"SANTA CRUZ",UNINCORPORATED,-122.08004760742188,37.062904357910156
91082836,2019,2019-09-25,9720,2019-09-15,0401,021833,,7,3,9,4400,0,1,3,,2,020,"SR-1 N/B","RIO DEL MAR BLVD",1584.00,N,N,B,-,Y,,,1,,,,,,N,Y,4,0,1,2,A,-,01,23152,F,N,C,C,A,A,H,-,D,D,0,,,,,Y,,A,07,0,0,1,0,0,0,0,0,0,"- ","- ",36.975040435791016,-121.89723205566406,"SANTA CRUZ",UNINCORPORATED,-121.89723205566406,36.975025177001953
91083402,2019,2019-09-26,9720,2019-09-16,1720,021806,,1,2,9,4400,0,2,4,,1,016,"GRAHAM HILL RD","DEER PATH RD",28.00,N,N,A,-,N,,,,,,,,,,N,4,0,1,2,A,-,03,22350,,N,C,C,A,A,H,-,A,D,0,,,,,Y,,D,22,0,0,1,0,0,0,0,0,0,"- ","- ",37.000301361083984,-122.03469848632812,"SANTA CRUZ",UNINCORPORATED,-122.03410339355469,37.006698608398438
91085362,2019,2019-09-27,9720,2019-09-19,1507,020012,,4,2,9,4400,0,3,5,,2,300,"CARLTON RD","THOMPSON RD",0.00,,Y,A,-,N,,,,,,,,,,Y,3,0,3,2,A,-,08,22107,,N,D,C,A,A,H,-,A,D,0,,,,,Y,Y,A,01,0,1,2,0,0,0,0,0,0,"- ","- ",36.938308715820312,-121.70664215087891,"SANTA CRUZ",UNINCORPORATED,-121.70665740966797,36.938301086425781
91085827,2019,2019-09-27,9720,2019-09-22,1658,021702,,7,2,9,4400,0,1,3,,1,017,"SR-17 S/B","LA MADRONA DR",4224.00,N,N,A,-,Y,,,17,,,,,,S,Y,4,0,1,2,A,-,03,22350,,N,C,C,A,A,H,-,A,D,0,,,,,Y,,A,01,0,0,1,0,0,0,0,0,0,"- ","- ",37.019321441650391,-122.02793121337891,"SANTA CRUZ",UNINCORPORATED,-122.02773284912109,37.019264221191406
91085846,2019,2019-09-27,9720,2019-09-14,1830,021988,,6,2,9,4400,0,2,4,,1,024,"PORTOLA DR","30TH AVE",0.00,,Y,A,-,N,,,,,,,,,,Y,2,0,1,2,A,-,09,21801,A,N,D,C,A,A,H,-,A,D,0,,,Y,,Y,,A,01,1,0,0,0,0,0,0,0,1,"- ","- ",36.963459014892578,-121.97405242919922,"SANTA CRUZ",UNINCORPORATED,-121.97406768798828,36.963489532470703
91086090,2019,2019-09-30,9720,2019-09-24,1716,021702,,2,2,9,4400,0,2,4,,1,023,"41ST AVENUE","PORTOLA DR",250.00,N,N,A,-,N,,,,,,,,,,N,3,0,1,2,A,-,03,22350,,N,C,C,A,A,H,-,A,D,0,,,Y,,Y,Y,C,02,0,1,0,0,0,0,0,0,1,"- ","- ",36.964370727539062,-121.96489715576172,"SANTA CRUZ",UNINCORPORATED,-121.96489715576172,36.964225769042969
91086121,2019,2019-09-30,9720,2019-09-20,1100,021489,,5,1,9,4400,0,3,5,,2,100,"BEAR CREEK RD","BEAR CREEK WAY",5280.00,E,N,A,-,N,,,,,,,,,,Y,4,0,2,2,A,-,05,21460,A,N,A,C,A,A,H,-,A,D,0,,,,,Y,,A,07,0,0,2,0,0,0,0,0,0,"- ","- ",37.175281524658203,-122.06089019775391,"SANTA CRUZ",UNINCORPORATED,-122.05031585693359,37.168292999267578
91086263,2019,2019-09-30,9720,2019-09-22,1430,021988,,7,2,9,4400,0,1,3,,1,015,"RT 9","CALIFORNIA DR",0.00,,Y,A,-,N,,,9,,,,,,,N,4,0,2,2,A,-,03,22350,,N,C,C,A,A,H,-,A,D,0,,,,,Y,,D,22,0,0,2,0,0,0,0,0,0,"- ","- ",37.095428466796875,-122.09687805175781,"SANTA CRUZ",UNINCORPORATED,-122.09720611572266,37.095321655273438
91088514,2019,2019-10-02,9720,2019-09-20,2210,022044,,5,3,4,4403,0,1,3,,1,034,"SR-152 W/B","HOLOHAN RD",75.00,W,N,A,-,Y,,,,,,,,,,Y,3,0,1,2,A,-,01,23152,A,M,A,C,A,A,H,-,C,D,0,,,,,Y,Y,A,01,0,1,0,0,0,0,0,0,0,"- ","- ",36.568599700927734,-121.44358825683594,"SANTA CRUZ",WATSONVILLE,,
91089610,2019,2019-10-03,9720,2019-09-23,1100,022290,,1,1,9,4400,0,3,5,,2,200,"PARADE ST","APTOS VILLAGE WAY",100.00,S,N,A,-,N,,,,,,,,,,N,4,0,1,3,A,-,10,21952,,N,G,B,F,A,H,-,A,D,0,Y,,,,Y,,A,07,0,0,1,0,1,0,0,0,0,"- ","- ",36.977741241455078,-121.90084075927734,"SANTA CRUZ",UNINCORPORATED,-121.90092468261719,36.977756500244141
91089624,2019,2019-10-03,9720,2019-09-24,1557,021988,,2,2,9,4400,0,1,3,,1,015,"RT 9","ALAMEDA AVE",11.00,N,N,A,-,Y,,,9,,,,,,,Y,4,0,1,1,A,-,08,22107,,N,E,I,A,A,H,-,A,D,0,,,,,Y,,A,01,0,0,1,0,0,0,0,0,0,"- ","- ",37.107498168945312,-122.10790252685547,"SANTA CRUZ",UNINCORPORATED,-122.10776519775391,37.107643127441406
91089899,2019,2019-10-03,9720,2019-09-25,1755,021053,,3,2,9,4400,0,3,5,,2,300,"BOWKER RD","CALABASAS RD",0.00,,Y,A,-,N,,,,,,,,,,N,4,0,1,2,A,-,10,21950,A,N,G,B,B,A,H,-,A,A,0,Y,,,,Y,Y,A,01,0,0,1,0,1,0,0,0,0,"- ","- ",36.942100524902344,-121.79039764404297,"SANTA CRUZ",UNINCORPORATED,-121.79041290283203,36.942180633544922
91089952,2019,2019-10-03,9720,2019-09-26,0937,018171,,4,1,5,4402,0,3,5,,2,200,"RIO DEL MAR BLVD",SR-1,100.00,W,N,A,-,N,,,,,,,,,,N,4,0,2,2,A,-,21,22106,,N,C,C,A,A,H,-,A,A,0,,,,,Y,,A,01,0,0,2,0,0,0,0,0,0,"- ","- ",36.974540710449219,-121.88697052001953,"SANTA CRUZ","SANTA CRUZ",-121.88664245605469,36.974773406982422
91091293,2019,2019-10-07,9720,2019-10-03,0645,014931,,4,1,9,4400,0,3,5,,2,300,"BEACH RD","THURWACHER RD",1056.00,E,N,A,-,N,,,,,,,,,,Y,3,0,2,2,A,-,03,22350,,N,C,C,A,A,H,-,C,D,0,,,,,Y,,A,01,0,1,1,0,0,0,0,0,0,"- ","- ",36.887489318847656,-121.79148101806641,"SANTA CRUZ",UNINCORPORATED,-121.79293060302734,36.886421203613281
91091702,2019,2019-10-07,9720,2019-09-29,2248,021940,,7,3,9,4400,0,1,3,,1,035,SR-129,"MURPHY CROSSING RD",500.00,E,N,A,-,Y,,,129,,,,,,,Y,4,0,1,1,A,-,08,22107,,N,E,J,A,A,H,-,D,D,0,,,,,Y,,A,01,0,0,1,0,0,0,0,0,0,"- ","- ",36.910858154296875,-121.65174102783203,"SANTA CRUZ",UNINCORPORATED,-121.65178680419922,36.91082763671875
91094080,2019,2019-10-09,9720,2019-10-07,0820,021248,,1,1,9,4400,0,2,4,,1,021,"SOQUEL DR","SPRECKLES DR",500.00,W,N,A,-,N,,,,,,,,,,N,3,0,1,2,A,-,03,22350,,N,C,C,A,A,H,-,A,D,0,,,,,Y,,E,22,0,1,0,0,0,0,0,0,0,"- ","- ",36.977001190185547,-121.90563201904297,"SANTA CRUZ",UNINCORPORATED,-121.90567016601562,36.977001190185547
91095561,2019,2019-10-11,9720,2019-09-29,1246,022329,,7,1,9,4400,0,3,5,,2,300,"W BEACH STREET","PANABAKER RD",280.00,E,N,A,-,N,,,,,,,,,,Y,4,0,1,1,A,-,01,23152,A,N,E,I,A,A,H,-,A,D,0,,,,,Y,Y,D,22,0,0,1,0,0,0,0,0,0,"- ","- ",36.894001007080078,-121.78279876708984,"SANTA CRUZ",UNINCORPORATED,-121.78744506835938,36.890495300292969
91095688,2019,2019-10-11,9720,2019-10-08,1545,018650,,2,2,9,4400,0,1,3,,2,020,"SR-1 S/B","RIO DEL MAR BLVD",1056.00,N,N,A,-,Y,,,1,,,,,,S,N,4,0,1,2,A,-,03,22350,,N,C,C,A,A,H,-,A,D,0,,,,,Y,,A,08,0,0,1,0,0,0,0,0,0,"- ","- ",36.974899291992188,-121.89900207519531,"SANTA CRUZ",UNINCORPORATED,-121.89899444580078,36.974822998046875
91099565,2019,2019-10-17,9720,2019-10-14,1435,020012,,1,2,9,4400,0,1,3,,1,017,"SR-17 S/B","MOUNT HERMON RD",528.00,S,N,A,-,Y,,,17,,,,,,S,Y,4,0,1,3,A,-,03,22350,,N,C,C,A,A,H,-,A,D,0,,,,,Y,,A,01,0,0,1,0,0,0,0,0,0,"- ","- ",37.030410766601562,-122.023193359375,"SANTA CRUZ",UNINCORPORATED,-122.02295684814453,37.030368804931641
91100839,2019,2020-03-03,9720,2019-10-09,1426,021806,,3,2,9,4400,0,3,5,,2,100,"KEYSTONE WAY","THE ROYAL ARCH",64.00,N,N,A,-,N,,,,,,,,,,N,3,0,1,2,B,-,22,,,N,G,B,E,A,H,-,A,D,0,Y,,,,Y,,A,01,0,1,0,0,1,0,0,0,0,"- ","- ",37.008800506591797,-122.04528045654297,"SANTA CRUZ",UNINCORPORATED,-122.04520416259766,37.008750915527344