CASE_ID,ACCIDENT_YEAR,PROC_DATE,JURIS,COLLISION_DATE,COLLISION_TIME,OFFICER_ID,REPORTING_DISTRICT,DAY_OF_WEEK,CHP_SHIFT,POPULATION,CNTY_CITY_LOC,SPECIAL_COND,BEAT_TYPE,CHP_BEAT_TYPE,CITY_DIVISION_LAPD,CHP_BEAT_CLASS,BEAT_NUMBER,PRIMARY_RD,SECONDARY_RD,DISTANCE,DIRECTION,INTERSECTION,WEATHER_1,WEATHER_2,STATE_HWY_IND,CALTRANS_COUNTY,CALTRANS_DISTRICT,STATE_ROUTE,ROUTE_SUFFIX,POSTMILE_PREFIX,POSTMILE,LOCATION_TYPE,RAMP_INTERSECTION,SIDE_OF_HWY,TOW_AWAY,COLLISION_SEVERITY,NUMBER_KILLED,NUMBER_INJURED,PARTY_COUNT,PRIMARY_COLL_FACTOR,PCF_CODE_OF_VIOL,PCF_VIOL_CATEGORY,PCF_VIOLATION,PCF_VIOL_SUBSECTION,HIT_AND_RUN,TYPE_OF_COLLISION,MVIW,PED_ACTION,ROAD_SURFACE,ROAD_COND_1,ROAD_COND_2,LIGHTING,CONTROL_DEVICE,CHP_ROAD_TYPE,PEDESTRIAN_ACCIDENT,BICYCLE_ACCIDENT,MOTORCYCLE_ACCIDENT,TRUCK_ACCIDENT,NOT_PRIVATE_PROPERTY,ALCOHOL_INVOLVED,STWD_VEHTYPE_AT_FAULT,CHP_VEHTYPE_AT_FAULT,COUNT_SEVERE_INJ,COUNT_VISIBLE_INJ,COUNT_COMPLAINT_PAIN,COUNT_PED_KILLED,COUNT_PED_INJURED,COUNT_BICYCLIST_KILLED,COUNT_BICYCLIST_INJURED,COUNT_MC_KILLED,COUNT_MC_INJURED,PRIMARY_RAMP,SECONDARY_RAMP,LATITUDE,LONGITUDE,COUNTY,CITY,POINT_X,POINT_Y
91941297,2022,2022-12-13,9720,2022-12-10,2355,022471,,6,3,9,4400,0,1,3,,1,017,SR-17,"PASATIEMPO DR",2640.00,N,N,C,-,Y,SCR,,17,,,2.195,H,,R,Y,4,0,1,1,A,-,08,22107,,N,E,I,A,B,H,-,C,D,0,,,,,Y,,A,01,0,0,1,0,0,0,0,0,0,"- ","- ",37.019199371337891,-122.02751159667969,"SANTA CRUZ",UNINCORPORATED,-122.02763366699219,37.019214630126953
91942119,2022,2022-12-14,9720,2022-12-05,2123,022976,,1,2,9,4400,0,1,3,,1,034,SR-152,"RED HAWK PL",3960.00,E,N,A,-,Y,SCR,,152,,,6.186,H,,R,N,3,0,1,1,A,-,03,22350,,N,F,A,A,B,H,-,D,D,0,,,Y,,Y,,C,02,0,1,0,0,0,0,0,0,1,"- ","- ",36.979488372802734,-121.71434783935547,"SANTA CRUZ",UNINCORPORATED,-121.71433258056641,36.979507446289062
91942601,2022,2022-12-14,9720,2022-12-09,1410,022140,,5,2,9,4400,0,3,5,,2,200,"GLEN CANYON RD","KISMET LN",15.00,S,N,B,-,N,,,,,,,,,,Y,4,0,1,1,C,-,18,,,N,E,I,A,B,H,-,A,D,0,,,,,Y,,-,"- ",0,0,1,0,0,0,0,0,0,"- ","- ",37.026439666748047,-122.02044677734375,"SANTA CRUZ",UNINCORPORATED,,
91943777,2022,2022-12-15,9720,2022-12-04,1310,021248,,7,1,9,4400,0,1,3,,1,017,"SR-17 S/B","MT HERMON",1400.00,S,N,B,C,Y,SCR,,17,,,3.135,H,,L,N,4,0,1,1,A,-,03,22350,,N,F,A,A,B,H,-,A,D,0,,,,,Y,,A,01,0,0,1,0,0,0,0,0,0,"- ","- ",37.031711578369141,-122.02287292480469,"SANTA CRUZ",UNINCORPORATED,-122.02287292480469,37.031711578369141
91945915,2022,2022-12-19,9730,2022-12-11,1050,022349,,7,1,9,4400,0,3,5,,2,006,"RESERVATION RD.","PANZIERA RD.",250.00,W,N,A,-,N,,,,,,,,,,N,4,0,1,1,A,-,03,22350,,N,E,I,A,B,H,-,A,D,0,,,,,Y,,A,01,0,0,1,0,0,0,0,0,0,"- ","- ",36.654560089111328,-121.72766876220703,"SANTA CRUZ",UNINCORPORATED,-121.72707366943359,36.654167175292969
91946874,2022,2022-12-20,9720,2022-12-11,2115,023026,,7,2,9,4400,0,1,3,,2,020,"SR-1 S/B","MORRISSEY BLVD",150.00,N,N,C,-,Y,SCR,,1,,,16.083,H,,L,N,3,0,1,1,A,-,01,23152,A,N,E,I,A,B,H,-,C,D,0,,,,,Y,Y,A,01,0,1,0,0,0,0,0,0,0,"- ","- ",36.988330841064453,-122.00814819335938,"SANTA CRUZ",UNINCORPORATED,-122.00814819335938,36.988376617431641
91947012,2022,2022-12-20,9720,2022-12-15,1954,022140,,4,2,9,4400,0,2,4,,1,024,"CAPITOLA RD","EASTBROOK CT",0.00,,Y,A,-,N,,,,,,,,,,Y,4,0,1,2,A,-,09,21802,A,N,D,C,A,A,H,-,C,A,0,,,,,Y,,D,22,0,0,1,0,0,0,0,0,0,"- ","- ",36.977680206298828,-121.98858642578125,"SANTA CRUZ",UNINCORPORATED,-121.98859405517578,36.977615356445312
91954666,2022,2022-12-28,9720,2022-12-15,1140,015699,,4,1,9,4400,0,2,4,,1,024,"BROMMER ST.","DARLENE DR.",425.00,E,N,A,-,N,,,,,,,,,,N,2,0,1,1,A,-,17,21200,,N,F,A,A,A,H,-,A,D,0,,Y,,,Y,Y,L,04,1,0,0,0,0,0,1,0,0,"- ","- ",36.969791412353516,-121.97644805908203,"SANTA CRUZ",UNINCORPORATED,-121.97650146484375,36.969799041748047
91959077,2022,2023-01-03,9720,2022-12-22,2149,022879,,4,2,9,4400,0,1,3,,1,017,"SR-17 S/B","GLENWOOD DR.",200.00,S,N,A,-,Y,SCR,,17,,,10.573,H,,L,Y,2,0,1,1,A,-,03,22350,,N,B,I,A,B,H,-,D,D,0,,,,,Y,,A,07,1,0,0,0,0,0,0,0,0,"- ","- ",37.118999481201172,-121.97550964355469,"SANTA CRUZ",UNINCORPORATED,-121.97555541992188,37.118976593017578
91959092,2022,2023-01-03,9720,2022-12-27,2130,022545,,2,2,9,4400,0,3,5,,2,200,"DAY VALLEY RD","MCDONALD RD",528.00,W,N,C,-,N,,,,,,,,,,Y,3,0,2,1,A,-,01,23152,A,N,E,I,A,B,H,-,D,D,0,,,,,Y,Y,A,07,0,1,1,0,0,0,0,0,0,"- ","- ",36.993480682373047,-121.85990142822266,"SANTA CRUZ",UNINCORPORATED,-121.85850524902344,36.993274688720703
91961167,2022,2023-01-05,9720,2022-12-24,1710,022907,,6,2,9,4400,0,3,5,,2,300,"CASSERLY RD","GREEN VALLEY RD",739.00,N,N,A,-,N,,,,,,,,,,Y,3,0,1,1,A,-,01,23152,A,N,E,I,A,A,H,-,D,D,0,,,,,Y,Y,A,07,0,1,0,0,0,0,0,0,0,"- ","- ",36.971248626708984,-121.76509857177734,"SANTA CRUZ",UNINCORPORATED,-121.76505279541016,36.971244812011719
91963434,2022,2023-01-09,9720,2022-12-31,1748,022542,,6,2,9,4400,0,2,4,,1,021,"SOQUEL DR","41ST AVE",15.00,E,N,B,C,N,,,,,,,,,,Y,3,0,2,2,A,-,08,22107,,N,A,C,A,B,H,-,C,A,0,,,,,Y,,A,01,0,1,1,0,0,0,0,0,0,"- ","- ",36.987468719482422,-121.96481323242188,"SANTA CRUZ",UNINCORPORATED,-121.96492767333984,36.987411499023438
91968740,2023,2023-01-16,9720,2023-01-06,"750 ",023166,,5,1,9,4400,0,1,3,,1,017,"SR-17 S/B","LA MADRONA DR.",1056.00,S,N,B,-,Y,SCR,,17," "," ",2.005,H,,L,Y,3,0,1,1,A,-,08,22107,,N,E,I,A,B,H,-,A,D,0,,,,,Y,,A,07,0,1,0,0,0,0,0,0,0,"- ","- ",37.01654052734375,-122.02706909179688,"SANTA CRUZ",UNINCORPORATED,-122.02708435058594,37.016532897949219
91968753,2023,2023-01-16,9720,2023-01-07,1935,022140,,6,2,9,4400,0,3,5,,2,200,"STATE PARD DR","OFF RAMP FROM SR-1 N/B",25.00,S,N,B,C,Y,,,,,,,,,,N,4,0,1,2,A,-,01,23152,A,F,C,C,A,B,H,-,C,A,0,,,,,Y,Y,D,22,0,0,1,0,0,0,0,0,0,"- ","- ",36.978630065917969,-121.90975189208984,"SANTA CRUZ",UNINCORPORATED,-121.91011047363281,36.977947235107422
91972326,2023,2023-01-19,9720,2023-01-06,2349,022329,,5,3,9,4400,0,1,3,,2,020,"SR-1 N/B","PORTER ST",250.00,S,N,A,-,Y,SCR,,1," "," ",13.020,H,,R,Y,2,0,1,2,A,-,03,22350,,N,D,C,A,A,H,-,C,D,0,,,,,Y,,A,07,1,0,0,0,0,0,0,0,0,"- ","- ",36.983570098876953,-121.95372772216797,"SANTA CRUZ",UNINCORPORATED,-121.9537353515625,36.983592987060547
91975081,2023,2023-01-24,9720,2023-01-10,"240 ",022293,,2,3,9,4400,0,3,5,,2,100,"MOUNT HERMON ROAD","CONFERENCE DRIVE",440.00,W,N,B,C,N,,,,,,,,,,Y,3,0,1,1,A,-,03,22350,,N,E,J,A,B,C,-,D,D,0,,,,,Y,,D,22,0,1,0,0,0,0,0,0,0,"- ","- ",37.054630279541016,-122.04061889648438,"SANTA CRUZ",UNINCORPORATED,-122.04090881347656,37.05474853515625
91975543,2022,2023-01-24,9720,2022-12-29,0205,022901,,4,3,9,4400,0,1,3,,1,015,SR-9,"GLEN ARBOR",0.00,,Y,C,-,Y,SCR,,9,,,8.111,H,,R,Y,3,0,1,1,A,-,01,23152,A,M,E,I,A,A,H,-,C,A,0,,,,,Y,Y,D,22,0,1,0,0,0,0,0,0,0,"- ","- ",37.07427978515625,-122.08458709716797,"SANTA CRUZ",UNINCORPORATED,-122.08452606201172,37.074275970458984
91976249,2023,2023-01-24,9720,2023-01-16,"700 ",021248,,1,1,9,4400,0,1,3,,1,017,"SR-17 S/B","MT HERMON RD",845.00,N,N,B,C,Y,SCR,,17," "," ",3.606,H,,L,N,3,0,3,1,A,-,03,22350,,N,E,I,A,B,H,-,B,D,0,,,,,Y,,A,01,0,3,0,0,0,0,0,0,0,"- ","- ",37.037189483642578,-122.018798828125,"SANTA CRUZ",UNINCORPORATED,-122.01877593994141,37.037166595458984
91976873,2023,2023-01-25,9720,2023-01-14,1350,019100,,6,1,9,4400,0,1,3,,1,034,"SR-152 (E. LAKE AVENUE)","LEVEE PATH",10.00,W,N,B,-,Y,SCR,,152," "," ",1.926,H,,R,Y,3,0,1,2,A,-,09,21804,A,N,B,G,A,B,H,-,A,D,0,,Y,,,Y,Y,L,04,0,1,0,0,0,0,1,0,0,"- ","- ",36.934959411621094,-121.74327850341797,"SANTA CRUZ",UNINCORPORATED,-121.74327850341797,36.934959411621094
91981606,2023,2023-01-30,9720,2023-01-24,"320 ",022400,,2,3,9,4400,0,3,5,,2,100,"QUAIL HOLLOW RD","LARITA DR",180.00,W,N,A,-,Y,,,,,,,,,,N,2,0,1,1,A,-,03,22350,,N,E,J,A,A,H,-,C,D,0,,,Y,,Y,,C,02,1,0,0,0,0,0,0,0,1,"- ","- ",37.078678131103516,-122.07805633544922,"SANTA CRUZ",UNINCORPORATED,-122.07809448242188,37.078762054443359
91983424,2023,2023-01-31,9720,2023-01-19,1240,023110,,4,1,9,4400,0,2,4,,1,016,"GRAHAM HILL RD","LOCKEWOOD LN",200.00,S,N,A,-,N,,,,,,,,,,N,4,0,1,2,A,-,03,22350,,N,C,C,A,A,H,-,A,D,0,,,,,Y,,D,22,0,0,1,0,0,0,0,0,0,"- ","- ",37.034721374511719,-122.04161071777344,"SANTA CRUZ",UNINCORPORATED,-122.04207611083984,37.036354064941406
9198634,2020,2021-03-15,4403,2020-12-18,0700,381,4-01,5,5,4,4403,0,0,0,,0,004,"GREEN VALLEY RD","CARNATION DR",0.00,,Y,A,-,N,,,,,,,,,,Y,2,0,1,2,A,-,12,21453,A,F,D,C,A,A,H,-,A,A,0,,,,,Y,,A,01,1,0,0,0,0,0,0,0,0,"- ","- ",,,"SANTA CRUZ",WATSONVILLE,-121.77140808105469,36.937538146972656
91988986,2023,2023-02-07,9720,2023-01-30,2010,023180,,1,2,9,4400,0,1,3,,1,034,SR-152,"HOLOHAN RD",2112.00,E,N,A,-,Y,SCR,,152," "," ",2.427,H,,R,N,3,0,1,2,A,-,08,22107,,F,G,B,E,A,H,-,D,D,0,Y,,,,Y,,-,99,0,1,0,0,1,0,0,0,0,"- ","- ",36.941520690917969,-121.74034881591797,"SANTA CRUZ",UNINCORPORATED,-121.74028015136719,36.941486358642578
91989527,2023,2023-02-08,9720,2023-01-28,"303 ",022976,,6,3,9,4400,0,3,5,,2,300,"W BEACH STREET","CLEARWATER LANE",500.00,E,N,A,-,N,,,,,,,,,,N,4,0,1,1,A,-,01,23152,A,N,F,A,A,A,H,-,D,D,0,,,,,Y,Y,A,01,0,0,1,0,0,0,0,0,0,"- ","- ",36.8931884765625,-121.78399658203125,"SANTA CRUZ",UNINCORPORATED,-121.783935546875,36.893112182617188
91992980,2022,2023-02-14,9720,2022-12-31,1335,021248,,6,1,9,4400,0,1,3,,1,017,"SR-17 N/B","JARVIS RD.",1500.00,N,N,B,C,Y,SCR,,17,,,8.189,H,,R,Y,3,0,1,2,A,-,01,23152,A,N,C,C,A,B,H,-,A,D,0,,,,,Y,Y,D,22,0,1,0,0,0,0,0,0,0,"- ","- ",37.086959838867188,-121.97885131835938,"SANTA CRUZ",UNINCORPORATED,-121.9788818359375,37.086963653564453
91995161,2023,2023-02-15,9720,2023-02-05,1645,023103,,7,2,9,4400,0,2,4,,1,016,"GRAHAM HILL ROAD","DEER PATH ROAD",0.00,,Y,A,-,N,,,,,,,,,,Y,3,0,1,1,A,-,01,23152,A,N,E,I,A,B,H,-,A,D,0,,,,,Y,Y,A,01,0,1,0,0,0,0,0,0,0,"- ","- ",37.006698608398438,-122.03412628173828,"SANTA CRUZ",UNINCORPORATED,-122.03410339355469,37.006622314453125
91995199,2023,2023-02-15,9720,2023-02-06,"908 ",023110,,1,1,9,4400,0,2,4,,1,021,"SOQUEL DR","SPRECKELS DRIVE",150.00,W,N,A,-,Y,,,,,,,,,,N,3,0,1,3,A,-,01,23152,F,N,C,C,A,A,H,-,A,D,0,,,,,Y,,D,22,0,1,0,0,0,0,0,0,0,"- ","- ",36.977199554443359,-121.9058837890625,"SANTA CRUZ",UNINCORPORATED,-121.90467071533203,36.976486206054688
92000374,2023,2023-02-22,9720,2023-01-11,"830 ",015699,,3,1,9,4400,0,2,4,,1,024,"14TH AVE.","E. CLIFF DR.",0.00,,Y,B,C,N,,,,,,,,,,Y,2,0,3,2,A,-,09,21802,A,N,D,C,A,B,H,-,A,A,0,,,,,Y,,A,01,1,0,2,0,0,0,0,0,0,"- ","- ",36.963809967041016,-121.99169921875,"SANTA CRUZ",UNINCORPORATED,-121.99167633056641,36.963809967041016
92005624,2023,2023-03-01,9720,2023-02-16,1610,023110,,4,2,9,4400,0,3,5,,2,200,"SR-1 S/B","LA FONDA AVE",924.00,N,N,A,-,Y,SCR,,1," "," ",15.414,H,,L,Y,2,0,2,3,A,-,03,22350,,N,C,C,A,A,H,-,A,D,0,,,,,Y,,D,22,2,0,0,0,0,0,0,0,0,"- ","- ",36.988128662109375,-121.99606323242188,"SANTA CRUZ",UNINCORPORATED,-121.99606323242188,36.988105773925781
92009916,2023,2023-03-06,9720,2023-02-23,1850,023186,,4,2,9,4400,0,1,3,,1,017,"S/B SR-17","MT. HERMON RD",740.00,N,N,A,-,Y,SCR,,17," "," ",3.584,H,,R,Y,3,0,1,1,A,-,03,22350,,N,E,I,A,B,H,-,C,D,0,,,,,Y,,A,01,0,1,0,0,0,0,0,0,0,"- ","- ",37.036918640136719,-122.01907348632812,"SANTA CRUZ",UNINCORPORATED,-122.01898193359375,37.036846160888672
92013015,2023,2023-03-08,9720,2023-02-27,1610,023180,,1,2,9,4400,0,1,3,,1,017,"SR-17 N/B","PASATIEMPO DR.",170.00,N,N,A,-,Y,SCR,,17," "," ",0.700,H,,R,N,3,0,1,1,A,-,03,22350,,N,E,I,A,B,H,-,A,D,0,,,,,Y,,A,01,0,1,0,0,0,0,0,0,0,"- ","- ",36.998920440673828,-122.02146148681641,"SANTA CRUZ",UNINCORPORATED,-122.02140045166016,36.998924255371094
92014113,2023,2023-03-09,9720,2023-02-28,1445,023180,,2,2,9,4400,0,2,4,,1,022,"SOQUEL SAN JOSE RD","LITTLE CREEK RD",600.00,S,N,B,-,N,,,,,,,,,,Y,3,0,1,1,A,-,08,22107,,N,E,I,A,B,H,-,A,D,0,,,,,Y,,A,01,0,1,0,0,0,0,0,0,0,"- ","- ",37.001808166503906,-121.95503997802734,"SANTA CRUZ",UNINCORPORATED,-121.95503234863281,37.001865386962891
92014150,2023,2023-03-09,9720,2023-03-02,"740 ",021248,,4,1,9,4400,0,1,3,,1,017,"SR-17 S/B","MT HERMON RD.",1056.00,S,N,A,-,Y,SCR,,17," "," ",3.211,H,,L,Y,4,0,1,1,A,-,03,22350,,N,F,A,A,A,H,-,A,D,0,,,,,Y,,A,07,0,0,1,0,0,0,0,0,0,"- ","- ",37.032798767089844,-122.02272033691406,"SANTA CRUZ",UNINCORPORATED,-122.02268218994141,37.032794952392578
92019506,2023,2023-03-16,9720,2023-03-11,1400,023110,,6,2,9,4400,0,2,4,,1,032,"HOLOHAN ROAD","GRIMMER ROAD",518.00,W,N,A,-,Y,,,,,,,,,,Y,3,0,1,1,A,-,03,22350,,N,E,I,A,B,H,-,A,D,0,,,,,Y,,A,07,0,1,0,0,0,0,0,0,0,"- ","- ",36.938808441162109,-121.760009765625,"SANTA CRUZ",UNINCORPORATED,-121.75746154785156,36.939132690429688
92025866,2023,2023-03-22,9720,2023-03-10,2130,023245,,5,2,9,4400,0,1,3,,1,014,"RT 9","BEEKHUIS ROAD",3168.00,S,N,C,-,Y,SCR,,9," "," ",22.669,H,,R,Y,3,0,1,1,A,-,08,22107,,N,E,I,A,B,H,-,D,D,0,,,,,Y,,A,01,0,1,0,0,0,0,0,0,0,"- ","- ",37.22821044921875,-122.14942932128906,"SANTA CRUZ",UNINCORPORATED,-122.14931488037109,37.228191375732422
92028792,2023,2023-03-27,9720,2023-03-10,1538,020977,,5,2,9,4400,0,3,5,,2,200,"STATE PARK DRIVE","N/B SR-1 TO STATE PARK DRIVE",0.00,,Y,B,-,Y,,,,,,,,,,N,4,0,1,2,A,-,09,21453,B,N,G,B,B,A,H,-,A,D,0,Y,,,,Y,,A,07,0,0,1,0,1,0,0,0,0,"- ","- ",36.979000091552734,-121.90934753417969,"SANTA CRUZ",UNINCORPORATED,,
92028812,2023,2023-03-27,9720,2023-03-17,1055,023214,,5,1,9,4400,0,2,S,,2,900,"HUNTINGTON DR.","VALENCIA RD.",0.00,,Y,A,-,N,,,,,,,,,,N,3,0,1,2,A,-,09,21802,A,N,D,G,A,A,H,-,A,A,0,,Y,,,Y,,A,01,0,1,0,0,0,0,1,0,0,"- ","- ",36.985248565673828,-121.86543273925781,"SANTA CRUZ",UNINCORPORATED,-121.86540222167969,36.985202789306641
92028843,2023,2023-03-27,9720,2023-03-20,"655 ",019100,,1,1,9,4400,0,3,5,,2,300,"BUENA VISTA DR","MILLER AVE",0.00,,Y,B,-,N,,,,,,,,,,N,2,0,1,2,A,-,10,21950,A,N,G,B,B,B,H,-,A,A,0,Y,,,,Y,,A,07,1,0,0,0,1,0,0,0,0,"- ","- ",36.941581726074219,-121.78520965576172,"SANTA CRUZ",UNINCORPORATED,-121.78507232666016,36.941596984863281
92028860,2023,2023-03-27,9720,2023-03-16,2105,022907,,4,2,9,4400,0,1,3,,1,035,SR-129,"ROGGE LN",3696.00,E,N,A,-,Y,SCR,,129," "," ",7.969,H,,R,Y,2,0,1,1,A,-,01,23152,A,N,E,I,A,B,H,-,C,D,0,,,,,Y,Y,D,22,1,0,0,0,0,0,0,0,0,"- ","- ",36.912078857421875,-121.6298828125,"SANTA CRUZ",UNINCORPORATED,-121.62984466552734,36.912052154541016
92028861,2023,2023-03-27,9720,2023-03-18,1000,023245,,6,1,9,4400,0,3,5,,2,200,"SANTA MARGUARITA DR","CLUBHOUSE DR",210.00,N,N,A,-,N,,,,,,,,,,Y,3,0,1,1,A,-,08,22107,,N,E,8,A,A,H,-,A,D,0,,,,,Y,,A,01,0,1,0,0,0,0,0,0,0,"- ","- ",36.966011047363281,-121.88169860839844,"SANTA CRUZ",UNINCORPORATED,-121.88175201416016,36.965946197509766
92034091,2023,2023-03-30,9720,2023-03-23,1421,022140,,4,2,9,4400,0,1,3,,1,010,"SR-1 S/B","LA FONDA AVE",370.00,N,N,A,-,Y,SCR,,1," "," ",15.320,H,,L,Y,2,0,1,2,A,-,03,22350,,N,C,2,A,A,H,-,A,D,0,,,Y,,Y,,C,02,1,0,0,0,0,0,0,0,1,"- ","- ",36.98809814453125,-121.99436187744141,"SANTA CRUZ",UNINCORPORATED,-121.99436187744141,36.988071441650391
92036673,2023,2023-04-04,9720,2023-03-25,1810,022140,,6,2,9,4400,0,3,5,,2,300,"SAN ANDREAS RD","ESTRELLA AVE",85.00,N,N,A,-,N,,,,,,,,,,Y,2,0,2,1,A,-,08,22107,,N,E,I,A,A,H,-,A,D,0,,,,,Y,,D,22,2,0,0,0,0,0,0,0,0,"- ","- ",36.935070037841797,-121.85984039306641,"SANTA CRUZ",UNINCORPORATED,-121.85973358154297,36.935081481933594
92039914,2023,2023-04-07,9720,2023-03-25,1749,023166,,6,2,9,4400,0,3,5,,2,300,"CELIA DR.","GREEN VALLEY RD.",17.00,W,N,A,-,N,,,,,,,,,,Y,2,0,3,2,D,-,00,,,F,C,C,A,A,H,-,A,A,0,,,,,Y,,-,"- ",2,1,0,0,0,0,0,0,0,"- ","- ",36.953891754150391,-121.76481628417969,"SANTA CRUZ",UNINCORPORATED,-121.76492309570312,36.953838348388672
92039937,2023,2023-04-10,9720,2023-03-29,"0   ",023186,,3,3,9,4400,0,1,3,,1,014,SR-9,"MCGAFFINGAN MILL ROAD",158.00,S,N,B,-,Y,SCR,,9," "," ",18.451,H,,R,Y,3,0,1,1,A,-,01,23152,A,N,E,I,A,B,H,-,D,D,0,,,,,Y,Y,A,07,0,1,0,0,0,0,0,0,0,"- ","- ",37.196670532226562,-122.14608001708984,"SANTA CRUZ",UNINCORPORATED,-122.14604187011719,37.196670532226562
92040171,2023,2023-04-10,9720,2023-03-29,1450,021717,,3,2,9,4400,0,2,4,,1,024,"EAST CLIFF DR","PROSPECT ST",528.00,W,N,B,-,N,,,,,,,,,,Y,3,0,1,1,A,-,08,22107,,N,E,8,A,A,H,-,A,D,0,,,,,Y,,A,07,0,1,0,0,0,0,0,0,0,"- ","- ",36.961868286132812,-121.99597930908203,"SANTA CRUZ",UNINCORPORATED,-121.99590301513672,36.962051391601562
9205058,2021,2021-03-12,4402,2021-02-01,1536,335,1-07,1,5,5,4402,0,0,0,,0,001,"MAIN ST","FREEDOM BL",50.00,N,N,A,B,Y,SCR,5,152,-,T,2.490,H,-,W,N,3,0,1,2,A,-,06,21755,,N,H,G,A,A,H,-,A,A,0,,Y,,Y,Y,,L,04,0,1,0,0,0,0,1,0,0,"- ","- ",,,"SANTA CRUZ","SANTA CRUZ",-121.76168060302734,36.9151611328125
92050792,2023,2023-04-21,9720,2023-04-13,"938 ",020977,,4,1,9,4400,0,1,3,,2,020,"SR-1 N/B","SPRECKELS DRIVE",1584.00,S,N,A,-,Y,SCR,,1," "," ",9.725,H,,R,Y,4,0,1,4,A,-,03,22350,,N,C,C,A,A,H,-,A,D,0,,,,,Y,,D,22,0,0,1,0,0,0,0,0,0,"- ","- ",36.975109100341797,-121.89668273925781,"SANTA CRUZ",UNINCORPORATED,-121.89667510986328,36.975059509277344
9205230,2021,2021-03-11,4403,2021-01-11,1135,335,5-27,1,5,4,4403,0,0,0,,0,005,"FREEDOM BL","COMPTON TER",0.00,,Y,A,-,,,,,,,,,,,Y,4,0,1,2,A,-,09,21802,A,N,D,C,A,A,H,-,A,A,0,,,,,Y,,D,22,0,0,1,0,0,0,0,0,0,"- ","- ",,,"SANTA CRUZ",WATSONVILLE,-121.78102874755859,36.940032958984375
92055048,2023,2023-08-10,9720,2023-03-04,2220,021717,,6,3,9,4400,0,2,4,,1,032,"HOLOHAN RD.","GRIMMER RD.",1056.00,N,N,B,-,N,,,,,,,,,,Y,1,1,3,2,A,-,01,23152,A,N,A,C,A,A,H,-,D,D,0,,,,,Y,Y,A,07,3,0,0,0,0,0,0,0,0,"- ","- ",36.938819885253906,-121.75901031494141,"SANTA CRUZ",UNINCORPORATED,-121.75925445556641,36.938808441162109
9205538,2020,2021-03-01,4403,2020-12-16,1551,335,5-39,3,5,4,4403,0,0,0,,0,005,"AIRPORT BL","PAJARO LN",600.00,W,N,A,-,N,,,,,,,,,,N,4,0,1,2,A,-,09,21804,A,N,D,C,A,A,H,-,A,D,0,,,,,Y,,A,07,0,0,1,0,0,0,0,0,0,"- ","- ",,,"SANTA CRUZ",WATSONVILLE,-121.77617645263672,36.940303802490234
92057366,2023,2023-05-01,9720,2023-04-19,1540,021717,,3,2,9,4400,0,1,3,,2,030,"NB SR-1","GREEN VALLEY RD OVERCROSSING",65.00,S,N,A,-,Y,SCR,,1," ",R,2.227,H,,R,Y,4,0,1,2,A,-,04,21703,,N,C,2,A,A,H,-,A,D,0,,,,,Y,,D,22,0,0,1,0,0,0,0,0,0,"- ","- ",36.913909912109375,-121.7864990234375,"SANTA CRUZ",UNINCORPORATED,-121.78645324707031,36.913928985595703
92061180,2023,2023-05-04,9720,2023-04-23,1957,022458,,7,2,9,4400,0,2,4,,1,022,"SOQUEL SAN JOSE ROAD","AMAYA RIDGE ROAD",792.00,S,N,A,-,N,,,,,,,,,,Y,3,0,1,1,A,-,08,22107,,N,F,A,A,A,H,-,D,D,0,,,,,Y,,A,01,0,1,0,0,0,0,0,0,0,"- ","- ",37.069900512695312,-121.93868255615234,"SANTA CRUZ",UNINCORPORATED,-121.93863677978516,37.069198608398438
92061489,2023,2023-05-04,9720,2023-04-25,2153,020977,,2,2,9,4400,0,2,4,,1,024,"EAST CLIFF DRIVE","17TH AVENUE",390.00,W,N,A,-,N,,,,,,,,,,Y,3,0,2,1,C,-,18,,,N,E,J,A,A,D,-,C,A,0,,,,,Y,,-,"- ",0,1,1,0,0,0,0,0,0,"- ","- ",36.963119506835938,-121.98946380615234,"SANTA CRUZ",UNINCORPORATED,-121.98936462402344,36.963058471679688
92061616,2023,2023-05-04,9720,2023-04-25,1320,021248,,2,1,9,4400,0,2,4,,1,021,"SOQUEL DR","APTOS ST",528.00,E,N,A,-,N,,,,,,,,,,Y,2,0,1,2,A,-,09,21804,A,N,C,C,A,A,H,-,A,D,0,,,Y,,Y,,A,01,1,0,0,0,0,0,0,0,1,"- ","- ",36.975589752197266,-121.89430236816406,"SANTA CRUZ",UNINCORPORATED,-121.89673614501953,36.975601196289062