CASE_ID,ACCIDENT_YEAR,PROC_DATE,JURIS,COLLISION_DATE,COLLISION_TIME,OFFICER_ID,REPORTING_DISTRICT,DAY_OF_WEEK,CHP_SHIFT,POPULATION,CNTY_CITY_LOC,SPECIAL_COND,BEAT_TYPE,CHP_BEAT_TYPE,CITY_DIVISION_LAPD,CHP_BEAT_CLASS,BEAT_NUMBER,PRIMARY_RD,SECONDARY_RD,DISTANCE,DIRECTION,INTERSECTION,WEATHER_1,WEATHER_2,STATE_HWY_IND,CALTRANS_COUNTY,CALTRANS_DISTRICT,STATE_ROUTE,ROUTE_SUFFIX,POSTMILE_PREFIX,POSTMILE,LOCATION_TYPE,RAMP_INTERSECTION,SIDE_OF_HWY,TOW_AWAY,COLLISION_SEVERITY,NUMBER_KILLED,NUMBER_INJURED,PARTY_COUNT,PRIMARY_COLL_FACTOR,PCF_CODE_OF_VIOL,PCF_VIOL_CATEGORY,PCF_VIOLATION,PCF_VIOL_SUBSECTION,HIT_AND_RUN,TYPE_OF_COLLISION,MVIW,PED_ACTION,ROAD_SURFACE,ROAD_COND_1,ROAD_COND_2,LIGHTING,CONTROL_DEVICE,CHP_ROAD_TYPE,PEDESTRIAN_ACCIDENT,BICYCLE_ACCIDENT,MOTORCYCLE_ACCIDENT,TRUCK_ACCIDENT,NOT_PRIVATE_PROPERTY,ALCOHOL_INVOLVED,STWD_VEHTYPE_AT_FAULT,CHP_VEHTYPE_AT_FAULT,COUNT_SEVERE_INJ,COUNT_VISIBLE_INJ,COUNT_COMPLAINT_PAIN,COUNT_PED_KILLED,COUNT_PED_INJURED,COUNT_BICYCLIST_KILLED,COUNT_BICYCLIST_INJURED,COUNT_MC_KILLED,COUNT_MC_INJURED,PRIMARY_RAMP,SECONDARY_RAMP,LATITUDE,LONGITUDE,COUNTY,CITY,POINT_X,POINT_Y
92300980,2024,2024-01-30,9720,2024-01-19,"800 ",023387,,5,1,9,4400,0,3,5,,2,100,"FELTON EMPIRE RD","EMPIRE GRADE RD",1320.00,E,N,B,-,N,,,,,,,,,,Y,4,0,1,1,A,-,08,22107,,N,E,I,A,B,H,-,A,D,0,,,,,Y,,A,07,0,0,1,0,0,0,0,0,0,"- ","- ",37.058578491210938,-122.11852264404297,"SANTA CRUZ",UNINCORPORATED,-122.11873626708984,37.058486938476562
92301203,2024,2024-01-30,9720,2024-01-18,"955 ",023331,,4,1,9,4400,0,3,5,,2,200,"STATE PARK DRIVE","SEA RIDGE RD",686.00,N,N,B,-,N,,,,,,,,,,N,3,0,1,2,A,-,08,22107,,N,H,G,A,A,H,-,A,D,0,,Y,,,Y,,A,01,0,1,0,0,0,0,1,0,0,"- ","- ",36.977519989013672,-121.91075134277344,"SANTA CRUZ",UNINCORPORATED,-121.91091156005859,36.977375030517578
92302067,2024,2024-01-31,9720,2024-01-19,1708,023387,,5,2,9,4400,0,3,5,,2,100,"EAST ZAYANTE RD","SYLVAN WAY",500.00,S,N,B,C,N,,,,,,,,,,N,3,0,1,1,A,-,01,23152,A,N,E,I,A,B,H,-,D,D,0,,,,,Y,Y,A,07,0,1,0,0,0,0,0,0,0,"- ","- ",37.080131530761719,-122.05095672607422,"SANTA CRUZ",UNINCORPORATED,-122.05097198486328,37.080219268798828
92303368,2024,2024-02-02,9720,2024-01-22,1542,023516,,1,2,9,4400,0,1,3,,1,017,"SR-17 S/B","MOUNT HERMON ROAD",2640.00,N,N,B,-,Y,SCR,,17," "," ",3.952,H,,L,Y,4,0,1,2,A,-,01,23152,A,N,C,2,A,B,H,-,A,D,0,,,,,Y,Y,D,22,0,0,1,0,0,0,0,0,0,"- ","- ",37.041740417480469,-122.01634216308594,"SANTA CRUZ",UNINCORPORATED,-122.01632690429688,37.041736602783203
92306104,2024,2024-02-06,9720,2024-01-24,1000,023636,,3,1,9,4400,0,1,3,,2,020,"SR-1 S/B","MORRISSEY BLVD",100.00,S,N,C,-,Y,SCR,,1," "," ",15.716,H,,L,Y,3,0,1,2,A,-,07,21658,A,N,B,C,A,B,H,-,A,D,0,,,,,Y,,A,01,0,1,0,0,0,0,0,0,0,"- ","- ",36.988269805908203,-122.00153350830078,"SANTA CRUZ",UNINCORPORATED,-122.00153350830078,36.988189697265625
92307096,2024,2024-02-06,9720,2024-01-25,1001,023214,,4,1,9,4400,0,1,3,,1,014,SR-9,"STAPP RD.",55.00,S,N,A,-,Y,SCR,,9," "," ",17.807,H,,R,Y,4,0,1,1,A,-,08,22107,,N,E,I,A,B,H,-,A,D,0,,,,,Y,,A,01,0,0,1,0,0,0,0,0,0,"- ","- ",37.188869476318359,-122.14314270019531,"SANTA CRUZ",UNINCORPORATED,-122.14321136474609,37.188831329345703
92310265,2024,2024-02-09,9720,2024-01-30,"927 ",023345,,2,1,9,4400,0,1,3,,1,015,SR-9,"EXIT RD",1742.00,N,N,A,-,Y,SCR,,9," "," ",2.026,H,,R,Y,3,0,1,1,A,-,08,22107,,N,E,I,A,A,H,-,A,D,0,,,,,Y,,A,01,0,1,0,0,0,0,0,0,0,"- ","- ",37.007278442382812,-122.044921875,"SANTA CRUZ",UNINCORPORATED,-122.04489898681641,37.007312774658203
92312171,2024,2024-02-12,9720,2024-01-31,1720,023636,,3,2,9,4400,0,1,3,,1,034,SR-152,"HOLOHAN ROAD",100.00,N,N,C,-,Y,SCR,,152," ",R,2.019,H,,R,Y,4,0,2,2,A,-,09,21804,,N,A,C,A,B,H,-,A,A,0,,,,,Y,,A,01,0,0,2,0,0,0,0,0,0,"- ","- ",36.93634033203125,-121.74331665039062,"SANTA CRUZ",UNINCORPORATED,-121.7432861328125,36.936336517333984
92315125,2024,2024-02-15,9720,2024-02-06,1858,023316,,2,2,9,4400,0,3,5,,2,200,"N RODEO GULCH ROAD","HEIDE LN",890.00,S,N,B,-,N,,,,,,,,,,Y,3,0,1,1,A,-,21,22106,,N,E,8,A,B,H,-,D,D,0,,,,,Y,,A,01,0,1,0,0,0,0,0,0,0,"- ","- ",37.030941009521484,-121.96630859375,"SANTA CRUZ",UNINCORPORATED,-121.96631622314453,37.031078338623047
92318309,2024,2024-02-20,9720,2024-02-12,"830 ",023611,,1,1,9,4400,0,1,3,,1,015,SR-9,"FALL CREEK DR",898.00,N,N,A,-,Y,SCR,,9," "," ",7.232,H,,R,N,4,0,1,2,A,-,09,21804,A,N,B,C,A,A,H,-,A,D,0,,,,,Y,,D,22,0,0,1,0,0,0,0,0,0,"- ","- ",37.062110900878906,-122.08001708984375,"SANTA CRUZ",UNINCORPORATED,-122.08006286621094,37.062110900878906
92322795,2024,2024-02-26,9720,2024-02-14,1910,023573,,3,2,9,4400,0,3,5,,2,100,"FELTON EMPIRE RD","KILN ROAD",2640.00,W,N,C,-,N,,,,,,,,,,Y,2,0,1,1,A,-,08,22107,,N,F,A,A,B,H,-,D,D,0,,,,,Y,,A,07,1,0,0,0,0,0,0,0,0,"- ","- ",37.056880950927734,-122.10224914550781,"SANTA CRUZ",UNINCORPORATED,,
92324479,2024,2024-02-27,9720,2024-02-22,"35  ",022162,,4,3,9,4400,0,2,4,,1,021,"SOQUEL DR","RESEARCH PARK DR",257.00,E,N,A,-,N,,,,,,,,,,Y,2,0,2,1,A,-,01,23152,A,N,E,8,A,A,H,-,C,D,0,,,,,Y,Y,A,07,1,1,0,0,0,0,0,0,0,"- ","- ",36.987258911132812,-121.96745300292969,"SANTA CRUZ",UNINCORPORATED,-121.96762084960938,36.987186431884766
92329897,2024,2024-03-05,9720,2024-02-21,1645,023611,,3,2,9,4400,0,1,3,,1,015,"SR-9 S/B","GREENBANK DR",50.00,N,N,B,-,Y,SCR,,9," "," ",9.158,H,,L,Y,2,0,2,1,A,-,01,23152,A,N,E,I,A,B,H,-,A,D,0,,,,,Y,Y,D,22,2,0,0,0,0,0,0,0,0,"- ","- ",37.085098266601562,-122.08953094482422,"SANTA CRUZ",UNINCORPORATED,-122.08940887451172,37.085147857666016
92331599,2024,2024-03-06,9720,2024-02-26,2100,023516,,1,2,9,4400,0,3,5,,2,100,"VALLEY DRIVE","REDWOOD DR",50.00,N,N,B,-,N,,,,,,,,,,N,3,0,1,2,A,-,01,23152,A,N,G,B,E,A,H,-,C,D,0,Y,,,,Y,Y,A,07,0,1,0,0,1,0,0,0,0,"- ","- ",37.044139862060547,-122.07534790039062,"SANTA CRUZ",UNINCORPORATED,-122.07537078857422,37.044055938720703
92332127,2024,2024-03-07,9720,2024-02-27,1654,023610,,2,2,9,4400,0,2,4,,1,032,"GREEN VALLEY RD",MINTO,98.00,N,N,A,-,N,,,,,,,,,,N,4,0,2,2,A,-,03,22350,,N,C,C,A,A,H,-,A,A,0,,,,,Y,,D,22,0,0,2,0,0,0,0,0,0,"- ","- ",36.951679229736328,-121.76493835449219,"SANTA CRUZ",UNINCORPORATED,-121.76490783691406,36.951629638671875
92332190,2024,2024-03-07,9720,2024-02-29,"810 ",023610,,4,1,9,4400,0,2,4,,1,032,"HOLOHAN ROAD","GRIMMER RD",1584.00,S,N,B,-,N,,,,,,,,,,Y,4,0,1,2,A,-,03,22350,,N,C,C,A,B,H,-,A,D,0,,,,,Y,,A,07,0,0,1,0,0,0,0,0,0,"- ","- ",36.937751770019531,-121.75070953369141,"SANTA CRUZ",UNINCORPORATED,-121.75052642822266,36.937690734863281
9233225,2021,2021-03-22,4403,2021-02-01,0815,335,113,1,5,4,4403,0,0,0,,0,001,"MARCHANT ST","MAPLE AV",0.00,,Y,B,-,N,,,,,,,,,,N,4,0,1,2,A,-,12,22450,A,F,G,B,D,A,H,-,A,A,0,Y,,,,Y,,A,01,0,0,1,0,1,0,0,0,0,"- ","- ",,,"SANTA CRUZ",WATSONVILLE,-121.75266265869141,36.91143798828125
92332734,2024,2024-03-07,9720,2024-02-27,1350,023502,,2,1,9,4400,0,1,3,,1,017,"SR-17 N/B","JARVIS RD",2715.00,N,N,A,-,Y,SCR,,17," "," ",8.475,H,,R,Y,4,0,1,3,A,-,01,23152,A,N,B,2,A,A,H,-,A,D,0,,,,Y,Y,Y,A,01,0,0,1,0,0,0,0,0,0,"- ","- ",37.091598510742188,-121.97841644287109,"SANTA CRUZ",UNINCORPORATED,-121.97843933105469,37.091594696044922
92333479,2024,2024-03-08,9720,2024-03-02,"620 ",023387,,6,1,9,4400,0,2,4,,1,032,"GREEN VALLEY RD","CARNATION DR",18.00,N,N,B,-,N,,,,,,,,,,N,4,0,1,2,A,-,03,22350,,N,C,C,A,B,H,-,A,A,0,,,,,Y,,D,22,0,0,1,0,0,0,0,0,0,"- ","- ",36.937679290771484,-121.77133941650391,"SANTA CRUZ",UNINCORPORATED,-121.77137756347656,36.937580108642578
92334714,2024,2024-03-11,9720,2024-03-01,1925,023316,,5,2,9,4400,0,1,3,,1,017,"SR-17 S/B","MT HERMON",775.00,N,N,B,-,Y,SCR,,17," "," ",3.587,H,,L,Y,3,0,2,1,A,-,03,22350,,N,E,I,A,B,H,-,D,D,0,,,,,Y,,A,01,0,2,0,0,0,0,0,0,0,"- ","- ",37.037040710449219,-122.01908111572266,"SANTA CRUZ",UNINCORPORATED,-122.01902008056641,37.0369873046875
92334776,2024,2024-03-11,9720,2024-03-04,"912 ",020640,,1,1,9,4400,0,3,5,,2,200,"SAN ANDREAS RD","BYERS LN",495.00,S,N,A,-,N,,,,,,,,,,N,2,0,1,1,C,-,18,,,N,F,A,A,B,H,-,A,D,0,,Y,,,Y,,-,"- ",1,0,0,0,0,0,1,0,0,"- ","- ",36.95513916015625,-121.86434936523438,"SANTA CRUZ",UNINCORPORATED,-121.86429595947266,36.955009460449219
92337009,2024,2024-03-13,9720,2024-03-11,1100,020640,,1,1,9,4400,0,2,4,,1,021,"SOQUEL DR","41ST AVE",80.00,W,N,B,-,N,,,,,,,,,,N,3,0,1,2,A,-,03,22350,,N,C,C,A,A,H,-,A,D,0,,,,,Y,,A,07,0,1,0,0,0,0,0,0,0,"- ","- ",36.987411499023438,-121.96542358398438,"SANTA CRUZ",UNINCORPORATED,-121.96524810791016,36.98736572265625
92337071,2024,2024-03-13,9720,2024-03-11,"905 ",023618,,1,1,9,4400,0,1,3,,2,020,"SR-1 S/B FROM SR-17 S/B","PASATIEMPO DR",4541.00,S,N,B,-,Y,SCR,,1," "," ",16.904,H,,R,N,3,0,1,1,A,-,03,22350,,N,E,I,A,B,H,-,A,D,0,,,,,Y,,A,01,0,1,0,0,0,0,0,0,0,"- ","- ",36.99066162109375,-122.02239990234375,"SANTA CRUZ",UNINCORPORATED,-122.02226257324219,36.990657806396484
92349774,2024,2024-03-28,9720,2024-03-16,1301,019956,,6,1,9,4400,0,1,3,,2,020,"SR-1 N/B","RIO DEL MAR BLVD",3168.00,N,N,A,-,Y,SCR,,1," "," ",9.746,H,,R,N,4,0,3,5,A,-,04,21703,,N,C,C,A,A,H,-,A,D,0,,,,,Y,,A,08,0,0,3,0,0,0,0,0,0,"- ","- ",36.975009918212891,-121.89704895019531,"SANTA CRUZ",UNINCORPORATED,-121.89704895019531,36.97503662109375
92350608,2024,2024-03-29,9720,2024-03-17,1241,023214,,7,1,9,4400,0,1,3,,1,014,SR-9,"CHESEBROUGH SCOUT RESERVATION RD",100.00,S,N,A,-,N,,,,,,,,,,Y,2,0,1,2,A,-,03,22350,,N,E,I,A,A,H,-,A,D,0,,,Y,,Y,,C,02,1,0,0,0,0,0,0,0,1,"- ","- ",37.245521545410156,-122.14560699462891,"SANTA CRUZ",UNINCORPORATED,-122.14559936523438,37.245532989501953
92355430,2024,2024-04-04,9720,2024-03-22,1853,023657,,5,2,5,4402,0,2,4,,1,024,"BROMMER ST","CAPTAINS CT",85.00,W,N,C,-,N,,,,,,,,,,N,2,0,1,1,A,-,03,22350,,N,F,A,A,B,H,-,A,D,0,,Y,,,Y,,M,91,1,0,0,0,0,0,1,0,0,"- ","- ",36.971988677978516,-121.99398803710938,"SANTA CRUZ","SANTA CRUZ",-121.99388122558594,36.972030639648438
92356456,2024,2024-04-04,9720,2024-03-26,1150,023186,,2,1,9,4400,0,3,5,,2,300,"CASSERLY RD","WEBB RD",98.00,S,N,A,-,N,,,,,,,,,,Y,3,0,1,1,A,-,01,23152,A,N,E,I,A,A,H,-,D,D,0,,,Y,,Y,Y,C,02,0,1,0,0,0,0,0,0,1,"- ","- ",36.964359283447266,-121.73325347900391,"SANTA CRUZ",UNINCORPORATED,-121.73326110839844,36.964309692382812
92356564,2024,2024-04-04,9720,2024-03-26,1819,023245,,2,2,9,4400,0,1,3,,2,020,"SR-1 N/B","41ST AVENUE",360.00,N,N,A,-,Y,SCR,,1," "," ",13.696,H,,R,Y,3,0,1,1,A,-,08,22107,,N,E,I,A,A,H,-,A,D,0,,,,,Y,,A,01,0,1,0,0,0,0,0,0,0,"- ","- ",36.982830047607422,-121.96578979492188,"SANTA CRUZ",UNINCORPORATED,-121.96578216552734,36.982925415039062
92356656,2024,2024-04-05,9720,2024-03-27,1713,020562,,3,2,9,4400,0,1,3,,1,017,"SR-17 S/B","SIMS RD",180.00,S,N,C,-,Y,SCR,,17," "," ",2.150,H,,L,Y,3,0,1,1,A,-,03,22350,,N,E,I,A,B,H,-,A,D,0,,,,,Y,,A,07,0,1,0,0,0,0,0,0,0,"- ","- ",37.018539428710938,-122.02831268310547,"SANTA CRUZ",UNINCORPORATED,-122.02799987792969,37.018539428710938
92357665,2024,2024-04-05,9720,2024-03-26,1450,023618,,2,2,9,4400,0,2,4,,1,016,"GRAHAM HILL RD","MEYER DR",332.00,N,N,B,-,N,,,,,,,,,,Y,3,0,1,2,A,-,03,22350,,N,A,C,A,A,H,-,A,D,0,,,Y,,Y,,C,02,0,1,0,0,0,0,0,0,1,"- ","- ",37.018871307373047,-122.03594970703125,"SANTA CRUZ",UNINCORPORATED,-122.03623962402344,37.01953125
92358589,2024,2024-04-08,9720,2024-03-26,1510,023611,,2,2,9,4400,0,1,3,,1,017,"SR-17 S/B","PASATIEMPO DR",1320.00,N,N,A,-,Y,SCR,,17," "," ",1.738,H,,L,Y,4,0,1,1,A,-,08,22107,,N,E,8,A,A,H,-,A,D,0,,,,,Y,,A,01,0,0,1,0,0,0,0,0,0,"- ","- ",37.013290405273438,-122.02410125732422,"SANTA CRUZ",UNINCORPORATED,-122.02418518066406,37.01324462890625
92359141,2024,2024-04-08,9720,2024-03-31,1230,023507,,7,1,9,4400,0,3,5,,2,200,"S MAIN ST","PORTER ST",300.00,E,N,A,-,N,,,,,,,,,,N,3,0,1,2,A,-,09,21801,A,N,D,C,A,A,H,-,A,D,0,,,,,Y,,A,01,0,1,0,0,0,0,0,0,0,"- ","- ",36.984199523925781,-121.95620727539062,"SANTA CRUZ",UNINCORPORATED,-121.95619201660156,36.984256744384766
92359873,2023,2024-04-09,9720,2023-08-21,"435 ",022907,,1,3,9,4400,0,1,3,,2,020,"SR-1 N/B TO SR-17 N/B","SR-17 N/B",528.00,S,N,A,-,Y,SCR,,1," "," ",16.772,H,,R,Y,1,1,0,1,A,-,08,22107,,N,E,9,A,A,H,-,D,D,0,,,,,Y,,A,01,0,0,0,0,0,0,0,0,0,"- ","- ",36.989711761474609,-122.02044677734375,"SANTA CRUZ",UNINCORPORATED,-122.02049255371094,36.989490509033203
92359925,2024,2024-04-09,9720,2024-03-30,1350,023636,,6,1,9,4400,0,1,3,,2,020,"SR-1 N/B","PARK AVENUE",200.00,N,N,B,C,Y,SCR,,1," "," ",12.391,H,,R,Y,3,0,4,2,A,-,04,21703,,N,C,C,A,B,D,-,A,D,0,,,,,Y,,A,01,0,2,2,0,0,0,0,0,0,"- ","- ",36.984100341796875,-121.94232177734375,"SANTA CRUZ",UNINCORPORATED,-121.94232177734375,36.984088897705078
92360707,2024,2024-04-10,9720,2024-03-29,1830,023322,,5,2,9,4400,0,3,5,,2,100,"BONNY DOON RD","SMITH GRD",4541.00,S,N,B,-,N,,,,,,,,,,Y,3,0,1,1,A,-,03,22350,,N,E,I,A,B,H,-,B,D,0,,,,,Y,,A,07,0,1,0,0,0,0,0,0,0,"- ","- ",37.028789520263672,-122.16275024414062,"SANTA CRUZ",UNINCORPORATED,,
92360753,2024,2024-04-10,9720,2024-04-01,1755,023610,,1,2,9,4400,0,1,3,,2,020,"SR-1 N/B","41 ST AVE",1584.00,N,N,A,-,Y,SCR,,1," "," ",13.927,H,,R,Y,4,0,4,2,A,-,07,21658,A,N,C,C,A,A,D,-,A,D,0,,,,,Y,,A,01,0,0,4,0,0,0,0,0,0,"- ","- ",36.983180999755859,-121.96996307373047,"SANTA CRUZ",UNINCORPORATED,-121.96995544433594,36.98321533203125
92360947,2024,2024-04-10,9720,2024-04-02,1728,021211,,2,2,9,4400,0,3,5,,2,100,"EMPIRE GRADE RD.","HELLER DR.",1584.00,N,N,A,-,N,,,,,,,,,,Y,3,0,1,1,A,-,08,22107,,N,F,A,A,A,H,-,A,D,0,,,,,Y,,D,22,0,1,0,0,0,0,0,0,0,"- ","- ",36.992828369140625,-122.06986236572266,"SANTA CRUZ",UNINCORPORATED,-122.06980895996094,36.992073059082031
92364751,2024,2024-04-15,9720,2024-04-03,"654 ",023721,,3,1,9,4400,0,3,5,,2,300,"PIONEER RD","GREEN VALLEY RD",2112.00,W,N,A,-,N,,,,,,,,,,Y,3,0,2,2,A,-,09,21801,A,N,D,2,A,A,H,-,A,D,0,,,,,Y,,A,01,0,1,1,0,0,0,0,0,0,"- ","- ",36.971210479736328,-121.77919006347656,"SANTA CRUZ",UNINCORPORATED,-121.7791748046875,36.97119140625
92365123,2024,2024-04-16,9720,2024-03-02,2135,023316,,6,2,9,4400,0,1,3,,1,034,"SR-152 E/B FROM SR-1 S/B","SR-1 S/B",1584.00,E,N,B,-,Y,,,,,,,,,,Y,3,0,1,1,A,-,03,22350,,M,E,8,A,B,H,-,C,D,0,,,,,Y,,A,01,0,1,0,0,0,0,0,0,0,"- ","- ",36.919921875,-121.79115295410156,"SANTA CRUZ",UNINCORPORATED,,
92365254,2024,2024-04-16,9720,2024-03-30,1245,023166,,6,1,9,4400,0,3,5,,2,300,"CARLTON RD","THOMPSON RD",45.00,S,N,B,-,N,,,,,,,,,,Y,3,0,1,2,A,-,03,22350,,N,A,C,A,A,H,-,A,D,0,,,,,Y,,A,07,0,1,0,0,0,0,0,0,0,"- ","- ",36.938179016113281,-121.70664215087891,"SANTA CRUZ",UNINCORPORATED,-121.70674133300781,36.938194274902344
92365525,2024,2024-04-16,9720,2024-04-05,"140 ",023146,,5,3,9,4400,0,3,5,,2,100,"LAKE BLVD","CARROL AVE",528.00,S,N,B,C,N,,,,,,,,,,Y,3,0,1,1,A,-,03,22350,,N,E,8,A,B,H,-,D,D,0,,,,,Y,Y,A,07,0,1,0,0,0,0,0,0,0,"- ","- ",37.103858947753906,-122.04782104492188,"SANTA CRUZ",UNINCORPORATED,-122.04764556884766,37.104034423828125
92366340,2024,2024-04-17,9720,2024-04-07,1434,022400,,7,2,9,4400,0,1,3,,1,017,"SR-17 S/B","SR-1 N/B",1056.00,N,N,A,-,Y,SCR,,17," "," ",0.223,H,,L,Y,3,0,2,1,A,-,01,23152,A,F,E,I,A,A,H,-,A,D,0,,,,,Y,Y,D,22,0,2,0,0,0,0,0,0,0,"- ","- ",36.992488861083984,-122.01969146728516,"SANTA CRUZ",UNINCORPORATED,-122.01975250244141,36.992523193359375
92366342,2024,2024-04-17,9720,2024-04-08,1440,023611,,1,2,9,4400,0,3,5,,2,300,"LARKIN VALLEY ROAD","XANTHUS DR",1000.00,S,N,A,-,N,,,,,,,,,,Y,2,0,1,1,A,-,03,22350,,N,E,I,A,A,H,-,A,D,0,,,,,Y,,A,01,1,0,0,0,0,0,0,0,0,"- ","- ",36.958610534667969,-121.85636138916016,"SANTA CRUZ",UNINCORPORATED,-121.85413360595703,36.957511901855469
92367496,2024,2024-04-18,9720,2024-04-08,"320 ",023387,,1,3,9,4400,0,2,4,,1,022,"SOQUEL SAN JOSE RD","LOS ROBLES RD",1056.00,S,N,A,-,N,,,,,,,,,,Y,2,0,1,1,A,-,01,23152,A,N,E,8,A,A,H,-,C,D,0,,,,,Y,Y,A,07,1,0,0,0,0,0,0,0,0,"- ","- ",37.013679504394531,-121.95249938964844,"SANTA CRUZ",UNINCORPORATED,-121.95214080810547,37.014720916748047
92368855,2024,2024-04-19,9720,2024-04-12,1440,022140,,5,2,9,4400,0,1,3,,1,015,SR-9,"LAZYWOODS RD",700.00,S,N,B,-,Y,SCR,,9," "," ",7.306,H,,R,Y,2,0,2,4,A,-,01,23152,A,N,B,C,A,A,H,-,A,D,0,,,,,Y,Y,A,01,2,0,0,0,0,0,0,0,0,"- ","- ",37.063220977783203,-122.07997131347656,"SANTA CRUZ",UNINCORPORATED,-122.07996368408203,37.063217163085938
92375178,2024,2024-04-25,9720,2024-04-13,1902,023447,,6,2,9,4400,0,1,3,,1,017,"SR-17 S/B","GLENWOOD CUTOFF",200.00,S,N,B,C,Y,SCR,,17," "," ",9.027,H,,L,Y,4,0,1,2,A,-,03,22350,,N,B,C,A,B,H,-,A,D,0,,,,,Y,,A,01,0,0,1,0,0,0,0,0,0,"- ","- ",37.099491119384766,-121.97615814208984,"SANTA CRUZ",UNINCORPORATED,-121.97626495361328,37.099437713623047
92376069,2024,2024-04-26,9720,2024-04-18,"825 ",022907,,4,1,9,4400,0,1,3,,2,020,"NB SR-1","41ST AVENUE",1056.00,S,N,A,-,Y,SCR,,1," "," ",13.387,H,,R,Y,4,0,1,2,A,-,03,22350,,N,C,C,A,A,D,-,A,D,0,,,,,Y,,D,22,0,0,1,0,0,0,0,0,0,"- ","- ",36.982959747314453,-121.96028900146484,"SANTA CRUZ",UNINCORPORATED,-121.96028900146484,36.982959747314453
92376366,2024,2024-04-26,9720,2024-04-19,1410,023331,,5,2,9,4400,0,2,4,,1,023,"17TH AVENUE","CAPITOLA RD",85.00,S,N,A,-,N,,,,,,,,,,N,4,0,1,2,A,-,03,22350,,N,C,C,A,A,H,-,A,D,0,,,,,Y,,A,01,0,0,1,0,0,0,0,0,0,"- ","- ",36.975200653076172,-121.98320007324219,"SANTA CRUZ",UNINCORPORATED,-121.98308563232422,36.975612640380859
92377875,2024,2024-04-30,9720,2024-04-18,1520,022907,,4,2,9,4400,0,3,5,,2,200,"PORTER ST","SOQUEL DR",328.00,S,N,A,-,N,,,,,,,,,,Y,3,0,1,2,C,-,18,,,N,A,C,A,A,H,-,A,A,0,,,,,Y,,-,"- ",0,1,0,0,0,0,0,0,0,"- ","- ",36.987041473388672,-121.95741271972656,"SANTA CRUZ",UNINCORPORATED,-121.95737457275391,36.987220764160156
92377882,2024,2024-04-30,9720,2024-04-22,1930,022545,,1,2,9,4400,0,1,3,,1,017,"SR-17 S/B","EMELINE AVE",125.00,S,N,A,-,Y,SCR,,1," "," ",16.597,H,,L,N,4,0,1,1,A,-,08,22107,,M,E,I,A,A,H,-,A,D,0,,,,,Y,,-,"- ",0,0,1,0,0,0,0,0,0,"- ","- ",36.988918304443359,-122.01730346679688,"SANTA CRUZ",UNINCORPORATED,-122.01730346679688,36.988910675048828
92378855,2024,2024-04-30,9720,2024-04-18,1215,023166,,4,1,9,4400,0,2,4,,1,031,"FREEDOM BLVD","BOWKER RD",185.00,W,N,A,-,N,,,,,,,,,,Y,4,0,1,2,A,-,08,22107,,N,C,C,A,A,H,-,A,D,0,,,,,Y,,A,07,0,0,1,0,0,0,0,0,0,"- ","- ",36.945110321044922,-121.78813934326172,"SANTA CRUZ",UNINCORPORATED,-121.78809356689453,36.945159912109375
92387660,2024,2024-05-13,9720,2024-05-04,"600 ",023146,,6,1,9,4400,0,1,3,,1,015,SR-9,"GAIL DR",135.00,N,N,B,C,Y,SCR,,9," "," ",5.343,H,,R,Y,3,0,1,1,A,-,01,23152,F,N,E,I,A,B,H,-,B,D,0,,,,,Y,,A,01,0,1,0,0,0,0,0,0,0,"- ","- ",37.0377197265625,-122.06684875488281,"SANTA CRUZ",UNINCORPORATED,-122.06682586669922,37.037738800048828
92389188,2024,2024-05-14,9720,2024-04-25,"927 ",023618,,4,1,9,4400,0,1,3,,2,020,"SR-1 N/B","41ST AVE",2640.00,N,N,B,-,Y,SCR,,1," "," ",14.085,H,,R,N,4,0,1,2,A,-,03,22350,,N,C,C,A,A,D,-,A,D,0,,,,,Y,,A,01,0,0,1,0,0,0,0,0,0,"- ","- ",36.983749389648438,-121.97274780273438,"SANTA CRUZ",UNINCORPORATED,-121.97271728515625,36.983829498291016
92389789,2024,2024-05-14,9720,2024-05-09,1030,023502,,4,1,9,4400,0,1,3,,2,030,"NB SR-1","LARKIN VALLEY",1500.00,N,N,A,-,Y,SCR,,1," ",R,8.204,H,,R,Y,4,0,1,2,A,-,03,22350,,N,C,C,A,A,H,-,A,D,0,,,,,Y,,A,01,0,0,1,0,0,0,0,0,0,"- ","- ",36.966670989990234,-121.86862182617188,"SANTA CRUZ",UNINCORPORATED,-121.86859893798828,36.966682434082031
92393299,2024,2024-05-20,9720,2024-05-10,1402,023103,,5,2,9,4400,0,2,4,,1,022,"SOQUEL SAN JOSE RD","LOS ROBLES RD",1056.00,S,N,A,-,N,,,,,,,,,,Y,4,0,1,2,A,-,03,22350,,N,C,C,A,A,H,-,A,D,0,,,,,Y,,A,07,0,0,1,0,0,0,0,0,0,"- ","- ",37.01416015625,-121.95227813720703,"SANTA CRUZ",UNINCORPORATED,-121.95214080810547,37.014720916748047