CASE_ID,ACCIDENT_YEAR,PROC_DATE,JURIS,COLLISION_DATE,COLLISION_TIME,OFFICER_ID,REPORTING_DISTRICT,DAY_OF_WEEK,CHP_SHIFT,POPULATION,CNTY_CITY_LOC,SPECIAL_COND,BEAT_TYPE,CHP_BEAT_TYPE,CITY_DIVISION_LAPD,CHP_BEAT_CLASS,BEAT_NUMBER,PRIMARY_RD,SECONDARY_RD,DISTANCE,DIRECTION,INTERSECTION,WEATHER_1,WEATHER_2,STATE_HWY_IND,CALTRANS_COUNTY,CALTRANS_DISTRICT,STATE_ROUTE,ROUTE_SUFFIX,POSTMILE_PREFIX,POSTMILE,LOCATION_TYPE,RAMP_INTERSECTION,SIDE_OF_HWY,TOW_AWAY,COLLISION_SEVERITY,NUMBER_KILLED,NUMBER_INJURED,PARTY_COUNT,PRIMARY_COLL_FACTOR,PCF_CODE_OF_VIOL,PCF_VIOL_CATEGORY,PCF_VIOLATION,PCF_VIOL_SUBSECTION,HIT_AND_RUN,TYPE_OF_COLLISION,MVIW,PED_ACTION,ROAD_SURFACE,ROAD_COND_1,ROAD_COND_2,LIGHTING,CONTROL_DEVICE,CHP_ROAD_TYPE,PEDESTRIAN_ACCIDENT,BICYCLE_ACCIDENT,MOTORCYCLE_ACCIDENT,TRUCK_ACCIDENT,NOT_PRIVATE_PROPERTY,ALCOHOL_INVOLVED,STWD_VEHTYPE_AT_FAULT,CHP_VEHTYPE_AT_FAULT,COUNT_SEVERE_INJ,COUNT_VISIBLE_INJ,COUNT_COMPLAINT_PAIN,COUNT_PED_KILLED,COUNT_PED_INJURED,COUNT_BICYCLIST_KILLED,COUNT_BICYCLIST_INJURED,COUNT_MC_KILLED,COUNT_MC_INJURED,PRIMARY_RAMP,SECONDARY_RAMP,LATITUDE,LONGITUDE,COUNTY,CITY,POINT_X,POINT_Y
94975094,2025,2025-12-16,9720,2025-12-05,"832 ",024825,,5,1,9,4400,0,2,4,,1,024,"CAPITOLA RD.","JOSE AVE",224.00,E,N,A,-,N,,,,,,,,,,Y,3,0,2,2,A,-,09,21804,A,N,D,C,A,A,H,-,A,D,0,,,,,Y,,A,01,0,2,0,0,0,0,0,0,0,"- ","- ",36.977451324462891,-121.98809051513672,"SANTA CRUZ",UNINCORPORATED,-121.98857879638672,36.977615356445312
94976310,2025,2025-12-17,9720,2025-12-02,"510 ",024720,,2,3,9,4400,0,1,3,,2,020,"SR-1 N/B TO SR-17 N/B","SR-17 N/B",1004.00,S,N,A,-,Y,SCR,,1," "," ",16.706,H,,R,Y,3,0,1,2,A,-,03,22350,,N,C,C,A,A,H,-,C,D,0,,,,,Y,,A,07,0,1,0,0,0,0,0,0,0,"- ","- ",36.989429473876953,-122.01923370361328,"SANTA CRUZ",UNINCORPORATED,-122.01925659179688,36.98931884765625
94976590,2025,2025-12-17,9720,2025-12-09,"734 ",020640,,2,1,9,4400,0,3,5,,2,200,"MCGREGOR DR","MAR VISTA DR",12.00,W,N,A,-,N,,,,,,,,,,N,4,0,1,2,A,-,03,22350,,N,G,B,E,A,D,E,B,A,0,Y,,,,Y,,A,01,0,0,1,0,1,0,0,0,0,"- ","- ",36.980941772460938,-121.91680145263672,"SANTA CRUZ",UNINCORPORATED,-121.91679382324219,36.980983734130859
94982503,2025,2025-12-22,9720,2025-12-12,2152,023345,,5,2,9,4400,0,1,3,,1,034,"SR-152 W/B","DELANEY AVE",108.00,W,N,A,-,Y,SCR,,152," "," ",3.399,H,,L,Y,3,0,1,1,A,-,08,22107,,N,E,8,A,A,H,-,C,D,0,,,,,Y,,D,22,0,1,0,0,0,0,0,0,0,"- ","- ",36.953090667724609,-121.73050689697266,"SANTA CRUZ",UNINCORPORATED,-121.73043060302734,36.953041076660156
94982778,2025,2025-12-22,9720,2025-12-10,1450,024752,,3,2,9,4400,0,1,3,,2,020,"SR-1 S/B","N BRANCIFORTE AVE",150.00,N,N,A,-,Y,SCR,,1," "," ",16.271,H,,L,Y,4,0,3,3,A,-,03,22350,,N,C,C,A,A,H,-,A,D,0,,,,,Y,,A,01,0,0,3,0,0,0,0,0,0,"- ","- ",36.988510131835938,-122.01149749755859,"SANTA CRUZ",UNINCORPORATED,-122.01149749755859,36.988498687744141
94986204,2025,2025-12-25,9720,2025-12-04,1850,024752,,4,2,9,4400,0,1,3,,2,020,"SR-1 S/B","STATE PARK DRIVE",3062.00,N,N,A,-,Y,SCR,,1," "," ",11.124,H,,L,Y,2,0,1,1,A,-,08,22107,,N,E,8,A,A,D,-,D,D,0,,,,,Y,,A,01,1,0,0,0,0,0,0,0,0,"- ","- ",36.982051849365234,-121.919677734375,"SANTA CRUZ",UNINCORPORATED,-121.91967010498047,36.982082366943359
94992569,2025,2025-12-30,9720,2025-12-07,2115,023573,,7,2,9,4400,0,2,4,,1,032,"GREEN VALLEY RD","PIONEER RD",1000.00,N,N,A,-,N,,,,,,,,,,N,2,0,1,2,A,-,03,22350,,F,G,B,E,A,H,-,D,D,0,Y,,,,Y,Y,-,99,1,0,0,0,1,0,0,0,0,"- ","- ",36.973209381103516,-121.77526092529297,"SANTA CRUZ",UNINCORPORATED,-121.77476501464844,36.972862243652344
94992724,2025,2025-12-31,9720,2025-12-21,1540,024067,,7,2,9,4400,0,1,3,,1,017,"SR-17 S/B","SUMMIT RD",814.00,S,N,C,-,Y,SCR,,17," "," ",12.499,H,,L,N,4,0,1,1,A,-,08,22107,,N,E,I,A,B,H,-,A,D,0,,,,,Y,,A,07,0,0,1,0,0,0,0,0,0,"- ","- ",37.143268585205078,-121.98497772216797,"SANTA CRUZ",UNINCORPORATED,-121.98504638671875,37.143283843994141
94992731,2025,2025-12-31,9720,2025-12-18,1325,024068,,4,1,9,4400,0,2,4,,1,024,"CAPITOLA RD","MACIEL AVE",75.00,E,N,A,-,N,,,,,,,,,,N,3,0,1,1,A,-,08,22107,,N,E,I,A,A,H,-,A,D,0,,,Y,,Y,,O,05,0,1,0,0,0,0,0,0,1,"- ","- ",36.974128723144531,-121.97490692138672,"SANTA CRUZ",UNINCORPORATED,-121.97603607177734,36.975032806396484
94999460,2025,2026-01-05,9720,2025-12-13,1348,024595,,6,1,9,4400,0,1,3,,1,014,SR-9,"OLD MILL ROAD",10560.00,S,N,A,-,Y,SCR,,9," "," ",22.318,H,,R,Y,2,0,2,2,A,-,05,21460,A,N,A,C,A,A,H,-,A,D,0,,,Y,,Y,,C,02,1,1,0,0,0,0,0,0,1,"- ","- ",37.224399566650391,-122.14813232421875,"SANTA CRUZ",UNINCORPORATED,-122.14811706542969,37.224422454833984
95001107,2025,2026-01-06,9720,2025-12-27,2136,023611,,6,2,9,4400,0,1,3,,1,015,SR-9,"GRAHAM HILL RD",15.00,N,N,A,-,Y,SCR,,9," "," ",6.473,H,,R,Y,3,0,1,2,A,-,09,21801,A,N,D,C,A,A,H,-,C,A,0,,,,,Y,,A,07,0,1,0,0,0,0,0,0,0,"- ","- ",37.053298950195312,-122.07333374023438,"SANTA CRUZ",UNINCORPORATED,-122.07335662841797,37.053295135498047
9500976,2022,2022-10-13,4402,2022-08-31,2016,128,4402,3,5,5,4402,0,0,0,,0,000,"WESTERN DR","MOUNTAIN WY",64.00,N,N,A,-,N,,,,,,,,,,N,3,0,1,3,A,-,01,23152,A,M,C,E,A,A,H,-,C,D,0,,,,,Y,Y,A,01,0,1,0,0,0,0,0,0,0,"- ","- ",,,"SANTA CRUZ","SANTA CRUZ",-122.05675506591797,36.966121673583984
95009761,2025,2026-01-12,9720,2025-12-30,1440,024720,,2,2,9,4400,0,3,5,,2,300,"BROWNS VALLEY RD","DEER RIDGE TRL",2376.00,N,N,A,-,N,,,,,,,,,,Y,4,0,1,1,A,-,08,22107,,N,F,A,A,A,H,-,A,D,0,,,,,Y,,A,01,0,0,1,0,0,0,0,0,0,"- ","- ",37.018020629882812,-121.78795623779297,"SANTA CRUZ",UNINCORPORATED,-121.78801727294922,37.017940521240234
95013168,2025,2026-01-14,9720,2025-12-20,"538 ",023214,,6,3,9,4400,0,1,3,,1,017,"SR-17 S/B","MOUNT HERMON RD",5122.00,N,N,E,-,Y,SCR,,17," "," ",4.429,H,,L,Y,2,0,1,1,A,-,08,22107,,N,F,0,A,B,H,-,D,D,0,,,,,Y,,A,01,1,0,0,0,0,0,0,0,0,"- ","- ",37.048000335693359,-122.01280212402344,"SANTA CRUZ",UNINCORPORATED,-122.01274871826172,37.047977447509766
95013494,2025,2026-01-14,9720,2025-12-30,1020,020562,,2,1,9,4400,0,1,3,,1,017,"SR-17 N/B","HEATON DR.",422.00,N,N,B,-,Y,SCR,,17," "," ",7.108,H,,R,Y,3,0,1,4,A,-,07,21658,A,M,B,2,A,A,H,-,A,D,0,,,,,Y,,A,07,0,1,0,0,0,0,0,0,0,"- ","- ",37.075878143310547,-121.98690795898438,"SANTA CRUZ",UNINCORPORATED,-121.98689270019531,37.075862884521484
95058465,2025,2026-02-17,9720,2025-12-22,"202 ",023636,,1,3,9,4400,0,1,3,,1,017,"SR-17 N/B","MOUNT HERMON ROAD",2165.00,S,N,B,C,Y,SCR,,17," "," ",2.782,H,,R,N,3,0,1,1,A,-,01,23152,A,M,E,I,A,B,H,-,D,D,0,,,,,Y,Y,D,22,0,1,0,0,0,0,0,0,0,"- ","- ",37.027099609375,-122.02510833740234,"SANTA CRUZ",UNINCORPORATED,-122.02505493164062,37.027065277099609
95072574,2025,2026-02-25,9720,2025-06-14,2155,023611,,6,2,9,4400,0,1,3,,1,017,"SR-17 N/B","SUGARLOAF RD",0.00,,Y,A,-,Y,SCR,,17," "," ",8.695,H,,R,Y,1,1,4,3,A,-,09,21802,A,N,D,C,A,A,H,-,D,A,0,,,,,Y,,A,07,3,1,0,0,0,0,0,0,0,"- ","- ",37.095111846923828,-121.97673034667969,"SANTA CRUZ",UNINCORPORATED,-121.97674560546875,37.095119476318359
9509578,2022,2022-11-30,4403,2022-10-29,1900,398,,6,5,4,4403,0,0,0,,0,004,"GREEN VALLEY RD","MARANATHA DR",200.00,W,N,B,-,N,,,,,,,,,,Y,4,0,1,2,A,-,03,22350,,N,C,E,A,A,C,-,C,D,0,,,,,Y,,A,01,0,0,1,0,0,0,0,0,0,"- ","- ",,,"SANTA CRUZ",WATSONVILLE,-121.78031921386719,36.924774169921875
9510335,2022,2022-12-07,4402,2022-11-10,0741,185JG,4402,4,5,5,4402,0,0,0,,0,000,"DARWIN ST","SOQUEL AV",0.00,,Y,A,-,N,,,,,,,,,,N,4,0,1,2,A,-,09,21800,A,N,D,G,A,A,H,-,A,A,0,,Y,,,Y,,L,04,0,0,1,0,0,0,1,0,0,"- ","- ",,,"SANTA CRUZ","SANTA CRUZ",-122.0078125,36.981063842773438
9511925,2023,2023-02-01,4403,2023-01-02,1636,T0012,527,1,5,4,4403,0,0,0,,0,005,"RT 1","MAIN ST",179.00,N,N,C,-,Y,SCR,5,1,-,R,2.860,H,-,N,N,4,0,1,2,A,-,08,22107,,M,B,C,A,B,H,-,A,D,0,,,,,Y,,D,22,0,0,1,0,0,0,0,0,0,"- ","- ",,,"SANTA CRUZ",WATSONVILLE,-121.79218292236328,36.921733856201172
9511929,2022,2023-01-30,4403,2022-12-17,2111,389,438,6,5,4,4403,0,0,0,,0,004,"GREEN VALLEY RD","PENNSYLVANIA DR",0.00,,Y,A,-,N,,,,,,,,,,Y,2,0,6,3,A,-,01,23152,A,N,D,C,A,A,H,-,C,A,0,,,,,Y,Y,A,01,1,0,5,0,0,0,0,0,0,"- ","- ",,,"SANTA CRUZ",WATSONVILLE,-121.77712249755859,36.930328369140625
9513472,2022,2022-11-29,4402,2022-10-21,1913,175,4402,5,5,5,4402,0,0,0,,0,000,"FRONT ST","LAUREL ST",463.00,N,N,A,-,N,,,,,,,,,,Y,3,0,1,2,A,-,01,23152,A,N,C,G,A,A,H,-,C,D,0,,Y,,,Y,Y,A,07,0,1,0,0,0,0,1,0,0,"- ","- ",,,"SANTA CRUZ","SANTA CRUZ",-122.02401733398438,36.970577239990234
9513859,2022,2022-11-14,4403,2022-10-12,0831,418,430,3,5,4,4403,0,0,0,,0,004,"CLIFFORD AV","ALISA CIR",100.00,E,N,A,-,N,,,,,,,,,,Y,3,0,1,3,A,-,08,22107,,M,C,E,A,A,H,-,A,D,0,,,,,Y,,A,01,0,1,0,0,0,0,0,0,0,"- ","- ",,,"SANTA CRUZ",WATSONVILLE,-121.77519989013672,36.919792175292969
9514140,2023,2023-02-27,4403,2023-01-26,1425,418,224,4,5,4,4403,0,0,0,,0,002,"HARVEST DR","RIVERSIDE DR",0.00,,Y,A,-,Y,SCR,5,129,-,L,0.810,I,5,W,Y,4,0,1,2,A,-,09,21802,A,N,D,C,A,A,H,-,A,A,0,,,,,Y,,A,01,0,0,1,0,0,0,0,0,0,"- ","- ",,,"SANTA CRUZ",WATSONVILLE,-121.76307678222656,36.901641845703125
9516561,2022,2022-12-22,4402,2022-11-10,2130,175,4402,4,5,5,4402,0,0,0,,0,000,"WATER ST","NORTH BRANCIFORTE",0.00,,Y,A,-,N,,,,,,,,,,N,4,0,1,2,A,-,12,22450,A,N,D,G,A,A,H,-,C,A,0,,Y,,,Y,,L,04,0,0,1,0,0,0,1,0,0,"- ","- ",,,"SANTA CRUZ","SANTA CRUZ",-122.0140380859375,36.981441497802734
9516757,2022,2022-12-12,4402,2022-10-19,1651,145,4402,3,5,5,4402,0,0,0,,0,000,"BAY ST","LAGUNA ST",0.00,,Y,A,-,N,,,,,,,,,,N,3,0,1,2,A,-,09,21801,A,N,D,G,A,A,H,-,A,D,0,,Y,,,Y,,A,01,0,1,0,0,0,0,1,0,0,"- ","- ",,,"SANTA CRUZ","SANTA CRUZ",-122.02909088134766,36.960498809814453
9522686,2022,2022-12-21,4401,2022-10-21,1630,523,4401,5,5,3,4401,0,0,0,,0,,"41ST AV","GROSS RD",260.00,S,N,A,-,N,,,,,,,,,,N,2,0,1,2,A,-,08,22107,,N,D,G,A,A,H,-,A,A,0,,Y,,,Y,Y,A,01,1,0,0,0,0,0,1,0,0,"- ","- ",,,"SANTA CRUZ",CAPITOLA,-121.96503448486328,36.980415344238281
9523816,2022,2022-11-23,4402,2022-09-29,1923,136,4402,4,5,5,4402,0,0,0,,0,000,"OCEAN ST","OCEAN ST EXT",0.00,,Y,A,-,N,,,,,,,,,,Y,4,0,1,1,A,-,08,22107,,N,E,I,A,A,H,-,D,D,0,,,,,Y,,A,01,0,0,1,0,0,0,0,0,0,"- ","- ",,,"SANTA CRUZ","SANTA CRUZ",-122.02907562255859,36.991870880126953
9526333,2023,2023-02-28,4403,2023-01-20,1546,417,220,5,5,4,4403,0,0,0,,0,002,"RODRIGUEZ ST","6TH ST",0.00,,Y,A,-,N,,,,,,,,,,Y,4,0,1,2,A,-,09,21802,A,N,D,C,A,A,H,-,A,A,0,,,Y,,Y,,A,07,0,0,1,0,0,0,0,0,1,"- ","- ",,,"SANTA CRUZ",WATSONVILLE,-121.76342010498047,36.912509918212891
9529071,2022,2022-12-06,4402,2022-10-06,1712,175,4402,4,5,5,4402,0,0,0,,0,000,"SOQUEL AV","175 FEET EAST FROM EAST POPLAR AVE.",10.00,N,N,A,-,N,,,,,,,,,,N,3,0,1,2,A,-,08,22100,A,N,H,G,A,A,H,-,A,D,0,,Y,,,Y,,A,01,0,1,0,0,0,0,1,0,0,"- ","- ",,,"SANTA CRUZ","SANTA CRUZ",-122.00808715820312,36.980922698974609
9529076,2022,2022-11-29,4402,2022-10-14,1240,146,4402,5,5,5,4402,0,0,0,,0,000,"LAUREL ST","WALTI ST",8.00,W,N,B,-,N,,,,,,,,,,N,2,0,1,2,A,-,08,22107,,N,B,G,A,A,H,-,A,A,0,,Y,,,Y,,A,01,1,0,0,0,0,0,1,0,0,"- ","- ",,,"SANTA CRUZ","SANTA CRUZ",-122.03331756591797,36.968421936035156
9533696,2022,2023-02-01,4402,2022-12-31,1324,152,4402,6,5,5,4402,0,0,0,,0,000,"SOQUEL AV","NORTH BRANCIFORTE",0.00,,Y,C,-,N,,,,,,,,,,Y,4,0,1,2,A,-,12,21453,A,N,D,C,A,B,H,-,A,A,0,,,,,Y,,A,01,0,0,1,0,0,0,0,0,0,"- ","- ",,,"SANTA CRUZ","SANTA CRUZ",-122.01593780517578,36.976940155029297
9535897,2023,2023-03-07,4402,2023-01-22,2320,145,4402,7,5,5,4402,0,0,0,,0,000,"SOQUEL AV","MARNELL AV",54.00,E,N,A,-,N,,,,,,,,,,N,3,0,1,2,A,-,07,21658,,F,B,G,A,A,H,-,C,D,0,,Y,,,Y,,A,01,0,1,0,0,0,0,1,0,0,"- ","- ",,,"SANTA CRUZ","SANTA CRUZ",-122.00273895263672,36.981433868408203
9536205,2022,2022-12-22,4403,2022-12-02,0833,T0015,1-09,5,5,4,4403,0,0,0,,0,001,"MAPLE AV","MAIN ST",6.00,W,N,A,-,N,,,,,,,,,,N,4,0,1,2,A,-,05,21650,1,N,H,G,A,A,H,-,A,A,0,,Y,,,Y,,L,04,0,0,1,0,0,0,1,0,0,"- ","- ",,,"SANTA CRUZ",WATSONVILLE,-121.75572967529297,36.909198760986328
9536209,2022,2023-01-04,4403,2022-12-05,0611,356,2-23,1,5,4,4403,0,0,0,,0,001,"MAIN ST","CLIFFORD AV",0.00,,Y,B,-,Y,SCR,5,152,-,T,1.594,I,5,E,Y,4,0,1,2,A,-,12,21453,A,N,D,C,A,A,H,-,C,A,0,,,,,Y,,A,07,0,0,1,0,0,0,0,0,0,"- ","- ",,,"SANTA CRUZ",WATSONVILLE,-121.77699279785156,36.917377471923828
9537069,2022,2022-12-22,4403,2022-11-24,0734,387,224,4,5,4,4403,0,0,0,,0,002,"OHLONE PKWY","BEACH ST",531.00,N,N,A,-,N,,,,,,,,,,N,4,0,2,2,A,-,08,22100,B,N,D,C,A,A,H,-,A,D,0,,,,,Y,,A,01,0,0,2,0,0,0,0,0,0,"- ","- ",,,"SANTA CRUZ",WATSONVILLE,-121.7728271484375,36.903209686279297
9539843,2022,2023-02-01,4402,2022-12-16,1439,152,4402,5,5,5,4402,0,0,0,,0,000,"SOQUEL AV","PARK WY",33.00,E,N,A,-,N,,,,,,,,,,N,2,0,1,2,A,-,06,21750,A,N,B,G,A,A,D,-,A,A,0,,Y,,,Y,,A,01,1,0,0,0,0,0,1,0,0,"- ","- ",,,"SANTA CRUZ","SANTA CRUZ",-121.99861907958984,36.981689453125
9540415,2022,2023-02-01,4402,2022-12-28,0123,136,4402,3,5,5,4402,0,0,0,,0,000,"PACIFIC AV","LAUREL ST",102.00,S,N,A,-,N,,,,,,,,,,N,3,0,1,2,A,-,00,21954,,N,G,B,E,B,H,-,C,D,0,Y,,,,Y,Y,N,60,0,1,0,0,1,0,0,0,0,"- ","- ",,,"SANTA CRUZ","SANTA CRUZ",-122.02471923828125,36.96893310546875
9544258,2022,2023-02-01,4404,2022-09-24,1112,5361,4404,6,5,3,4404,0,0,0,,0,SOUTH,"MOUNT HERMON RD","SCOTTS VALLEY DR",0.00,,Y,A,-,N,,,,,,,,,,N,2,0,1,2,A,-,10,21950,,N,G,B,B,A,H,-,A,A,0,Y,,,,Y,Y,A,01,1,0,0,0,1,0,0,0,0,"- ","- ",37.043190002441406,-122.02507019042969,"SANTA CRUZ","SCOTTS VALLEY",-122.02519226074219,37.043170928955078
9544259,2023,2023-02-01,4402,2023-01-07,1736,175,4402,6,5,5,4402,0,0,0,,0,000,"SOQUEL DR","DARWIN ST",72.00,W,N,A,C,N,,,,,,,,,,N,4,0,1,2,A,-,11,21950,B,N,G,B,B,B,H,-,C,D,0,Y,,,,Y,,N,60,0,0,1,0,1,0,0,0,0,"- ","- ",,,"SANTA CRUZ","SANTA CRUZ",-122.00801849365234,36.98095703125
9547085,2023,2023-03-08,4403,2023-02-06,1335,418,1-07,1,5,4,4403,0,0,0,,0,001,"FREEDOM BL","BRENNAN ST",310.00,N,N,A,-,N,,,,,,,,,,Y,4,0,2,2,A,-,03,22350,,N,C,C,A,A,H,-,A,A,0,,,,,Y,,D,22,0,0,2,0,0,0,0,0,0,"- ","- ",,,"SANTA CRUZ",WATSONVILLE,-121.76018524169922,36.917446136474609
9549956,2023,2023-03-04,4402,2023-01-16,1737,178,4402,1,5,5,4402,0,0,0,,0,000,"LOCUST ST","PACIFIC AV",0.00,,Y,C,-,N,,,,,,,,,,N,4,0,1,3,A,-,10,21950,A,N,G,B,B,B,H,-,C,A,0,Y,,,,Y,,D,23,0,0,1,0,1,0,0,0,0,"- ","- ",,,"SANTA CRUZ","SANTA CRUZ",-122.02655792236328,36.975303649902344
9555136,2023,2023-04-03,4403,2023-02-11,2153,T0015,1-09,6,5,4,4403,0,0,0,,0,001,"W BEACH ST","MAIN ST",6.00,W,N,A,-,Y,SCR,5,152,-,T,2.928,I,5,W,Y,4,0,1,2,A,-,05,21650,1,N,A,G,A,A,H,-,C,A,0,,Y,,,Y,,L,04,0,0,1,0,0,0,1,0,0,"- ","- ",,,"SANTA CRUZ",WATSONVILLE,-121.75690460205078,36.910259246826172
9555148,2023,2023-04-03,4403,2023-03-16,"719 ",417,2-23,4,5,4,4403,0,0,0,,0,002,"MAIN ST","AUTO CENTER DR",66.00,N,N,A,-,Y,SCR,5,152,-,T,2.139,I,5,W,Y,4,0,1,2,A,-,09,21453,B,N,D,C,A,A,H,-,A,A,0,,,,,Y,,A,07,0,0,1,0,0,0,0,0,0,"- ","- ",,,"SANTA CRUZ",WATSONVILLE,-121.76767730712891,36.915935516357422
9560689,2023,2023-03-22,4402,2023-02-14,1238,178,4402,2,5,5,4402,0,0,0,,0,000,"FREDERICK ST","HANOVER ST",274.00,N,N,A,-,N,,,,,,,,,,Y,2,0,2,2,A,-,01,23153,F,N,B,E,A,A,H,-,A,D,0,,,,,Y,,A,01,2,0,0,0,0,0,0,0,0,"- ","- ",,,"SANTA CRUZ","SANTA CRUZ",-122.00431823730469,36.979709625244141
9565308,2023,2023-05-02,4403,2023-04-14,"858 ",417,223,5,5,4,4403,0,0,0,,0,002,"OHLONE PKWY","HARKINS SLOUGH RD",200.00,E,N,A,-,N,,,,,,,,,,N,4,0,1,2,A,-,09,21804,A,N,D,C,A,A,H,-,A,A,0,,,,,Y,,A,01,0,0,1,0,0,0,0,0,0,"- ","- ",,,"SANTA CRUZ",WATSONVILLE,-121.77823638916016,36.915542602539062
9565309,2023,2023-05-02,4403,2023-04-08,1406,387,107,6,5,4,4403,0,0,0,,0,001,"FREEDOM BL","SUDDEN ST",27.00,W,N,A,-,N,,,,,,,,,,Y,4,0,1,3,A,-,03,22350,,M,C,C,A,A,H,-,A,D,0,,,,,Y,,A,01,0,0,1,0,0,0,0,0,0,"- ","- ",,,"SANTA CRUZ",WATSONVILLE,-121.75998687744141,36.918254852294922
9565310,2023,2023-05-02,4403,2023-04-01,1417,387,107,6,5,4,4403,0,0,0,,0,001,"LAKE AV","SUDDEN ST",5.00,W,N,A,-,N,,,,,,,,,,Y,4,0,1,2,C,-,18,,,N,G,B,B,A,H,-,A,D,0,Y,,,,Y,,-,"- ",0,0,1,0,1,0,0,0,0,"- ","- ",,,"SANTA CRUZ",WATSONVILLE,-121.75597381591797,36.913379669189453
9565311,2023,2023-05-02,4402,2023-04-01,1037,153,4402,6,5,5,4402,0,0,0,,0,000,"MORRISSEY BL","PARNELL ST",4.00,E,N,A,-,N,,,,,,,,,,N,2,0,1,2,A,-,08,22100,A,N,H,G,A,A,H,-,A,D,0,,Y,,,Y,,A,01,1,0,0,0,0,0,1,0,0,"- ","- ",,,"SANTA CRUZ","SANTA CRUZ",-122.00504302978516,36.985511779785156
9568827,2023,2023-06-05,4402,2023-04-23,1550,138,4402,7,5,5,4402,0,0,0,,0,000,"RT 1","WALNUT AV",150.00,S,N,A,-,Y,SCR,5,1,-,-,18.470,H,-,S,Y,3,0,2,4,A,-,03,22350,,N,C,C,A,A,H,-,A,D,0,,,,,Y,,A,07,0,1,1,0,0,0,0,0,0,"- ","- ",,,"SANTA CRUZ","SANTA CRUZ",-122.03516387939453,36.972911834716797
9569162,2023,2023-06-28,4402,2023-05-15,1049,138,4402,1,5,5,4402,0,0,0,,0,000,"RT 1","MIRAMAR DR",74.00,N,N,A,-,Y,SCR,5,1,-,-,19.430,H,-,N,Y,3,0,1,2,A,-,09,21801,,N,D,C,A,A,H,-,A,D,0,,,,,Y,,A,07,0,1,0,0,0,0,0,0,0,"- ","- ",,,"SANTA CRUZ","SANTA CRUZ",-122.04543304443359,36.961986541748047
9571527,2023,2023-05-08,4402,2023-04-07,"953 ",153,4402,5,5,5,4402,0,0,0,,0,,"RIVER ST","MORA ST",5.00,S,N,B,C,N,,,,,,,,,,N,4,0,1,2,A,-,05,21650,,N,D,G,A,B,H,-,A,D,0,,Y,,,Y,,L,04,0,0,1,0,0,0,1,0,0,"- ","- ",,,"SANTA CRUZ","SANTA CRUZ",-122.02867889404297,36.980457305908203
9572177,2023,2023-05-18,4402,2023-04-19,"822 ",130,4402,3,5,5,4402,0,0,0,,0,000,"BAY ST","LIBERTY ST",0.00,,Y,A,-,N,,,,,,,,,,N,2,0,2,2,A,-,09,21802,A,N,D,G,A,A,H,-,A,D,0,,Y,,,Y,,A,07,1,1,0,0,0,0,1,0,0,"- ","- ",,,"SANTA CRUZ","SANTA CRUZ",-122.03020477294922,36.960407257080078
9575193,2023,2023-05-04,4402,2023-02-28,1933,193,4402,2,5,5,4402,0,0,0,,0,000,"RIVER ST","NORTH PACIFIC AV",0.00,,Y,C,-,N,,,,,,,,,,Y,3,0,1,2,A,-,17,21451,A,N,-,C,A,B,H,-,C,A,0,,,,,Y,,A,01,0,1,0,0,0,0,0,0,0,"- ","- ",,,"SANTA CRUZ","SANTA CRUZ",-122.02702331542969,36.978832244873047
9577981,2023,2023-05-09,4401,2023-04-09,1244,528,SANTA,7,5,3,4401,0,0,0,,0,005,"41ST AV","CLARES ST",121.00,S,N,A,-,N,,,,,,,,,,N,3,0,1,1,A,-,08,22107,,N,F,A,A,A,H,-,A,D,0,,Y,,,Y,,L,04,0,1,0,0,0,0,1,0,0,"- ","- ",,,"SANTA CRUZ",CAPITOLA,-121.96502685546875,36.978008270263672
9581711,2023,2023-06-30,4401,2023-05-13,1203,523,4401,6,5,3,4401,0,0,0,,0,,"41ST AV","CAPTOLA RD",396.00,S,N,A,-,N,,,,,,,,,,N,4,0,1,2,A,-,03,22350,,N,D,G,A,A,H,-,A,D,0,,Y,,,Y,,L,04,0,0,1,0,0,0,1,0,0,"- ","- ",,,"SANTA CRUZ",CAPITOLA,-121.96498870849609,36.972633361816406
9582466,2023,2023-06-09,4401,2023-03-31,1231,523,4401,5,5,3,4401,0,0,0,,0,,"CAPITOLA RD","CAPITOLA AV",0.00,,Y,A,-,N,,,,,,,,,,N,4,0,1,2,A,-,03,22350,,N,C,C,A,A,H,-,A,A,0,,,,,Y,,B,01,0,0,1,0,0,0,0,0,0,"- ","- ",,,"SANTA CRUZ",CAPITOLA,-121.95233154296875,36.982456207275391
9584182,2023,2023-05-17,4402,2023-03-25,"218 ",178,4402,6,5,5,4402,0,0,0,,0,000,"WEST CLIFF DR","SWIFT ST",0.00,,Y,A,-,N,,,,,,,,,,Y,2,0,1,1,A,-,01,23152,F,N,E,I,A,A,H,-,C,A,0,,,,,Y,,A,07,1,0,0,0,0,0,0,0,0,"- ","- ",,,"SANTA CRUZ","SANTA CRUZ",-122.04756164550781,36.950038909912109
9589535,2023,2023-07-05,4403,2023-05-30,1512,358,315,2,5,4,4403,0,0,0,,0,003,"BRIDGE ST","BECK ST",344.00,S,N,A,-,N,,,,,,,,,,Y,2,0,1,2,A,-,08,22103,,N,D,C,A,A,H,-,A,D,0,,,Y,,Y,,A,01,1,0,0,0,0,0,0,0,1,"- ","- ",,,"SANTA CRUZ",WATSONVILLE,-121.74524688720703,36.913375854492188
9589694,2023,2023-06-28,4403,2023-06-08,1159,418,221,4,5,4,4403,0,0,0,,0,002,"2ND ST","RODRIGUEZ ST",0.00,,Y,A,-,N,,,,,,,,,,Y,4,0,1,2,A,-,12,22450,,N,D,C,A,A,H,-,A,A,0,,,,,Y,,A,07,0,0,1,0,0,0,0,0,0,"- ","- ",,,"SANTA CRUZ",WATSONVILLE,-121.75688934326172,36.908306121826172