CASE_ID,ACCIDENT_YEAR,PROC_DATE,JURIS,COLLISION_DATE,COLLISION_TIME,OFFICER_ID,REPORTING_DISTRICT,DAY_OF_WEEK,CHP_SHIFT,POPULATION,CNTY_CITY_LOC,SPECIAL_COND,BEAT_TYPE,CHP_BEAT_TYPE,CITY_DIVISION_LAPD,CHP_BEAT_CLASS,BEAT_NUMBER,PRIMARY_RD,SECONDARY_RD,DISTANCE,DIRECTION,INTERSECTION,WEATHER_1,WEATHER_2,STATE_HWY_IND,CALTRANS_COUNTY,CALTRANS_DISTRICT,STATE_ROUTE,ROUTE_SUFFIX,POSTMILE_PREFIX,POSTMILE,LOCATION_TYPE,RAMP_INTERSECTION,SIDE_OF_HWY,TOW_AWAY,COLLISION_SEVERITY,NUMBER_KILLED,NUMBER_INJURED,PARTY_COUNT,PRIMARY_COLL_FACTOR,PCF_CODE_OF_VIOL,PCF_VIOL_CATEGORY,PCF_VIOLATION,PCF_VIOL_SUBSECTION,HIT_AND_RUN,TYPE_OF_COLLISION,MVIW,PED_ACTION,ROAD_SURFACE,ROAD_COND_1,ROAD_COND_2,LIGHTING,CONTROL_DEVICE,CHP_ROAD_TYPE,PEDESTRIAN_ACCIDENT,BICYCLE_ACCIDENT,MOTORCYCLE_ACCIDENT,TRUCK_ACCIDENT,NOT_PRIVATE_PROPERTY,ALCOHOL_INVOLVED,STWD_VEHTYPE_AT_FAULT,CHP_VEHTYPE_AT_FAULT,COUNT_SEVERE_INJ,COUNT_VISIBLE_INJ,COUNT_COMPLAINT_PAIN,COUNT_PED_KILLED,COUNT_PED_INJURED,COUNT_BICYCLIST_KILLED,COUNT_BICYCLIST_INJURED,COUNT_MC_KILLED,COUNT_MC_INJURED,PRIMARY_RAMP,SECONDARY_RAMP,LATITUDE,LONGITUDE,COUNTY,CITY,POINT_X,POINT_Y
6837268,2015,2015-03-19,4402,2015-02-28,2151,128,,6,5,5,4402,0,0,0,,0,00W,"WESTERN DR","CYPRESS PARK",60.00,E,N,B,-,N,,,,,,,,,,Y,2,0,1,1,A,-,01,23152,,N,A,I,A,A,H,-,C,A,0,,,,,Y,Y,A,01,1,0,0,0,0,0,0,0,0,"- ","- ",,,"SANTA CRUZ","SANTA CRUZ",-122.05709195,36.966515090000001
6837272,2015,2015-03-19,4402,2015-02-27,1716,131,4402,5,5,5,4402,0,0,0,,0,00E,"SOQUEL AV","PENNSYLVANIA AV",40.00,E,N,B,-,N,,,,,,,,,,N,4,0,1,2,A,-,03,22350,,N,C,C,A,A,H,-,A,D,0,,,,,Y,,A,01,0,0,1,0,0,0,0,0,0,"- ","- ",,,"SANTA CRUZ","SANTA CRUZ",-122.01283445,36.978629009999999
6837614,2015,2015-03-16,4401,2015-02-04,1346,527,4401,3,5,3,4401,0,0,0,,0,003,"38TH AV","CAPITOLA RD",133.00,S,N,B,-,N,,,,,,,,,,Y,4,0,3,2,A,-,03,22350,,N,C,C,A,A,H,-,A,A,0,,,,,Y,,A,01,0,0,3,0,0,0,0,0,0,"- ","- ",,,"SANTA CRUZ",CAPITOLA,-121.96737684999999,36.973354610000001
6842225,2015,2015-03-26,4403,2015-03-13,1608,7808,220,5,5,4,4403,0,0,0,,0,002,"BEACH ST","RODRIGUEZ ST",249.00,W,N,A,-,N,,,,,,,,,,N,3,0,1,2,A,-,09,21804,A,N,D,G,A,A,H,-,A,D,0,,Y,,,Y,,L,04,0,1,0,0,0,0,1,0,0,"- ","- ",,,"SANTA CRUZ",WATSONVILLE,-121.75868418,36.909024160000001
6846086,2015,2015-03-16,9720,2015-02-15,0600,018976,,7,1,9,4400,0,3,5,,2,300,"RIDER RD","BUZZARD LAGOON RD",528.00,W,N,A,-,N,,,,,,,,,,Y,3,0,1,1,A,-,08,22107,,N,E,I,A,A,H,-,D,D,0,,,,,Y,,A,01,0,1,0,0,0,0,0,0,0,"- ","- ",37.016970000000001,-121.82254,"SANTA CRUZ",UNINCORPORATED,-121.82384236,37.017264009999998
6854771,2015,2017-03-29,9720,2015-06-26,0751,18328,,5,1,4,4403,0,1,3,,2,030,"RT 1","MAIN ST",528.00,S,N,B,-,Y,SCR,5,1,-,R,2.650,H,-,N,Y,1,1,0,1,A,-,08,22107,,N,E,I,A,A,H,-,A,D,1,,,,,Y,,A,01,0,0,0,0,0,0,0,0,0,"- ","- ",36.918489999999998,-121.7893,"SANTA CRUZ",WATSONVILLE,-121.78992055000001,36.91932035
6855785,2015,2015-03-27,4402,2015-03-12,1818,131,4402,4,5,5,4402,0,0,0,,0,00C,"RIVER ST","RIVER ST S",70.00,S,N,A,-,N,,,,,,,,,,N,3,0,1,1,A,-,03,22350,,N,F,A,A,A,H,-,A,D,0,,Y,,,Y,,L,04,0,1,0,0,0,0,1,0,0,"- ","- ",,,"SANTA CRUZ","SANTA CRUZ",-122.02482388,36.977066989999997
6857363,2015,2015-04-21,9720,2015-02-21,0220,19956,,6,3,9,4400,0,3,5,,2,300,"BUENA VISTA DR","CALABASAS RD",85.00,W,N,B,-,N,,,,,,,,,,Y,2,0,3,2,A,-,01,23152,A,F,C,E,A,A,H,-,D,D,0,,,,,Y,Y,A,07,1,1,1,0,0,0,0,0,0,"- ","- ",36.940950000000001,-121.78787,"SANTA CRUZ",UNINCORPORATED,-121.78793874,36.94084239
6858195,2014,2015-04-02,9720,2014-02-26,1640,16633,,3,2,9,4400,0,2,4,,1,031,"FREEDOM BL","HAMES RD",1056.00,S,N,A,-,N,,,,,,,,,,Y,4,0,1,1,A,-,08,22107,,N,E,I,A,A,H,-,A,D,0,,,,,Y,,A,01,0,0,1,0,0,0,0,0,0,"- ","- ",36.986339999999998,-121.83372,"SANTA CRUZ",UNINCORPORATED,-121.83332262,36.986062250000003
6858311,2015,2015-04-02,9720,2015-02-25,1947,19636,,3,2,9,4400,0,3,5,,2,200,"PORTER ST","MAIN ST",0.00,,Y,A,-,N,,,,,,,,,,Y,4,0,2,2,A,-,12,21453,A,N,A,C,A,A,H,-,C,A,0,,,,,Y,,A,01,0,0,2,0,0,0,0,0,0,"- ","- ",36.984189999999998,-121.9572,"SANTA CRUZ",UNINCORPORATED,-121.95720996999999,36.984160099999997
6858745,2015,2015-03-25,4402,2015-03-15,1115,170,4402,7,5,5,4402,0,0,0,,0,,"DELAWARE AV","SWIFT ST",435.00,W,N,A,-,N,,,,,,,,,,N,3,0,1,2,A,-,03,22350,,N,D,C,A,A,H,-,A,D,0,,,Y,,Y,,C,03,0,1,0,0,0,0,0,0,1,"- ","- ",,,"SANTA CRUZ","SANTA CRUZ",-122.04995778999999,36.95550282
6860726,2015,2016-02-17,4402,2015-02-27,2131,164,402,5,5,5,4402,0,0,0,,0,00W,"KING ST","MESA DR",45.00,W,N,B,-,N,,,,,,,,,,Y,3,0,1,4,A,-,01,23153,,F,C,C,A,A,H,-,C,D,0,,,,,Y,,A,01,0,1,0,0,0,0,0,0,0,"- ","- ",,,"SANTA CRUZ","SANTA CRUZ",-122.0488316,36.962317589999998
6860973,2015,2016-09-13,4403,2015-02-24,0800,296,113,2,5,4,4403,0,0,0,,0,001,"LINCOLN ST","CENTER ST",0.00,,Y,A,-,Y,SCR,5,152,-,-,0.324,I,5,E,N,4,0,1,2,A,-,09,21802,A,M,D,C,A,A,H,-,A,A,0,,,,,Y,,D,22,0,0,1,0,0,0,0,0,0,"- ","- ",,,"SANTA CRUZ",WATSONVILLE,-121.75689036999999,36.910248920000001
6863892,2015,2015-04-08,4401,2015-03-17,0844,527,4401,2,5,3,4401,0,0,0,,0,005,"41ST AV","GROSS RD",0.00,,Y,A,-,N,,,,,,,,,,N,3,0,1,2,A,-,08,22107,,N,H,G,A,A,H,-,A,A,0,,Y,,,Y,,A,08,0,1,0,0,0,0,1,0,0,"- ","- ",,,"SANTA CRUZ",CAPITOLA,-121.96479998,36.981090020000003
6863900,2015,2016-02-17,4401,2015-03-13,1602,483,4401,5,5,3,4401,0,0,0,,0,010,"CAPITOLA AV",MONTEREY,0.00,,Y,A,-,N,,,,,,,,,,Y,4,0,1,2,A,-,03,22350,,M,D,C,A,A,H,-,A,D,0,,,,,Y,,A,01,0,0,1,0,0,0,0,0,0,"- ","- ",,,"SANTA CRUZ",CAPITOLA,-121.95052998,36.972820079999998
6864222,2015,2015-04-08,4401,2015-03-19,1243,521,4401,4,5,3,4401,0,0,0,,0,007,"BAY AV","CAPITOLA AV",83.00,E,N,A,-,N,,,,,,,,,,N,4,0,1,2,A,-,21,22106,,N,G,B,F,A,H,-,A,D,0,Y,,,,Y,,A,08,0,0,1,0,1,0,0,0,0,"- ","- ",,,"SANTA CRUZ",CAPITOLA,-121.95292360000001,36.978513239999998
6864226,2015,2015-04-08,4401,2015-03-15,1436,527,4401,7,5,3,4401,0,0,0,,0,005,"41ST AV","GROSS RD",60.54,,N,A,-,N,,,,,,,,,,N,4,0,2,3,A,-,03,22350,,N,C,C,A,A,H,-,A,A,0,,,,,Y,,A,01,0,0,2,0,0,0,0,0,0,"- ","- ",,,"SANTA CRUZ",CAPITOLA,-121.96479998,36.981090020000003
6866763,2015,2016-05-10,9720,2015-03-08,0359,19956,,7,3,9,4400,0,1,3,,1,012,"RT 236","ACORN DR",0.00,,Y,A,-,Y,SCR,5,236,-,-,2.161,I,5,S,Y,1,1,0,1,A,-,01,23152,A,N,E,I,A,A,H,-,D,D,0,,,,,Y,Y,A,01,0,0,0,0,0,0,0,0,0,"- ","- ",37.140059999999998,-122.15224000000001,"SANTA CRUZ",UNINCORPORATED,-122.15148302,37.139912270000004
6868719,2015,2016-10-03,9720,2015-02-21,1630,019692,,6,2,9,4400,0,1,3,,1,017,"RT 17","LAUREL RD",528.00,N,N,A,-,Y,SCR,5,17,-,-,9.540,H,-,N,N,3,0,1,1,A,-,01,23152,A,N,E,I,A,A,D,H,A,D,0,,,Y,,Y,Y,C,02,0,1,0,0,0,0,0,0,1,"- ","- ",37.105240000000002,-121.97472999999999,"SANTA CRUZ",UNINCORPORATED,-121.97490007,37.105656920000001
6869551,2015,2015-04-08,9720,2015-03-10,1145,14653,,2,1,9,4400,0,2,4,,1,023,"17TH AV","BROMMER ST",250.00,N,N,B,-,N,,,,,,,,,,N,3,0,1,2,A,-,08,21717,,N,H,G,A,A,H,-,A,D,0,,Y,,,Y,,A,01,0,1,0,0,0,0,1,0,0,"- ","- ",36.581699999999998,-121.5902,"SANTA CRUZ",UNINCORPORATED,-121.98429142000001,36.97172613
6869557,2015,2016-10-03,9720,2015-03-13,1310,020897,,5,1,9,4400,0,1,3,,1,015,"RT 9","SAN LORENZO AV",10.00,N,N,A,-,Y,SCR,5,9,-,-,5.640,H,-,S,Y,4,0,1,2,A,-,03,22350,,N,C,C,A,A,H,-,A,D,0,,,,,Y,,A,01,0,0,1,0,0,0,0,0,0,"- ","- ",37.086590000000001,-122.08892,"SANTA CRUZ",UNINCORPORATED,-122.07255008,37.041713909999999
6869558,2015,2015-04-10,9720,2015-03-03,1722,014931,,2,2,9,4400,0,3,5,,2,300,"SAN ANDREAS RD","BUENA VISTA DR",65.00,N,N,A,-,N,,,,,,,,,,Y,4,0,1,3,A,-,04,21703,,N,C,C,A,A,H,-,B,D,0,,,,,Y,,A,07,0,0,1,0,0,0,0,0,0,"- ","- ",36.918770000000002,-121.83517000000001,"SANTA CRUZ",UNINCORPORATED,-121.83525726000001,36.918827700000001
6869573,2015,2015-04-10,9720,2015-03-04,1428,015748,,3,2,9,4400,0,3,5,,2,200,"RIO DEL MAR BL","CLUBHOUSE DR",75.00,E,N,A,-,N,,,,,,,,,,N,3,0,1,2,A,-,07,21658,A,N,D,G,A,A,H,-,A,D,0,,Y,,,Y,,L,04,0,1,0,0,0,0,1,0,0,"- ","- ",36.388730000000002,-121.29771,"SANTA CRUZ",UNINCORPORATED,-121.88800000000001,36.973660000000002
6869581,2015,2016-10-03,9720,2015-03-09,1315,15170,,1,1,9,4400,0,1,3,,1,017,"RT 17","PASATIEMPO DR",528.00,S,N,A,-,Y,SCR,5,17,-,-,0.840,H,-,N,Y,4,0,1,2,A,-,03,22350,,N,C,C,A,A,H,-,A,A,1,,,,,Y,,A,01,0,0,1,0,0,0,0,0,0,"- ","- ",37.968420000000002,-122.01873000000001,"SANTA CRUZ",UNINCORPORATED,-122.02131558000001,37.000900590000001
6869582,2015,2015-04-10,9720,2015-03-14,1200,018976,,6,1,9,4400,0,2,4,,1,032,"HOLOHAN RD","GREEN VALLEY RD",528.00,E,N,A,-,N,,,,,,,,,,Y,3,0,2,2,A,-,03,22350,,N,C,C,A,A,H,-,A,D,0,,,Y,,Y,,C,02,0,1,1,0,0,0,0,0,2,"- ","- ",36.940600000000003,-121.76733,"SANTA CRUZ",UNINCORPORATED,-121.76773031,36.940667689999998
6869586,2015,2015-04-10,9720,2015-03-18,0735,15170,,3,1,9,4400,0,3,5,,2,100,"EMPIRE GRADE RD","VICK DR",245.00,S,N,A,-,N,,,,,,,,,,Y,4,0,2,2,A,-,09,21804,A,N,D,C,A,A,H,-,A,D,0,,,,,Y,,A,07,0,0,2,0,0,0,0,0,0,"- ","- ",37.090069999999997,-122.13854000000001,"SANTA CRUZ",UNINCORPORATED,-122.13902727,37.090400950000003
6869590,2015,2015-04-10,9720,2015-03-02,1843,014931,,1,2,9,4400,0,2,4,,1,032,"GREEN VALLEY RD","AIRPORT BL",475.00,W,N,A,-,N,,,,,,,,,,Y,4,0,1,2,A,-,09,21804,A,N,D,C,A,A,H,-,C,D,0,,,,,Y,,A,07,0,0,1,0,0,0,0,0,0,"- ","- ",36.939259999999997,-121.77024,"SANTA CRUZ",UNINCORPORATED,-121.77004973,36.939840869999998
6869594,2015,2016-05-18,9720,2015-03-03,0740,14653,,2,1,9,4400,0,2,4,,1,024,"24TH AV","PORTOLA DR",0.00,,Y,A,-,N,,,,,,,,,,Y,4,0,1,2,A,-,09,21802,A,N,D,C,A,A,H,-,A,D,0,,,,,Y,,A,01,0,0,1,0,0,0,0,0,0,"- ","- ",36.5747,-121.5849,"SANTA CRUZ",UNINCORPORATED,-121.98018997,36.963110030000003
6869598,2015,2016-09-30,9720,2015-03-03,1540,020012,,2,2,9,4400,0,1,3,,1,017,"SOQUEL AV","RT 1",200.00,W,N,A,-,N,,,,,,,,,,N,4,0,1,2,A,-,03,22350,,N,C,C,A,A,H,-,A,A,0,,,,,Y,,A,07,0,0,1,0,0,0,0,0,0,"- ","- ",36.986069999999998,-121.98617,"SANTA CRUZ",UNINCORPORATED,-121.98673118000001,36.986581749999999
6869601,2015,2015-04-08,4402,2015-03-18,1440,131,4402,3,5,5,4402,0,0,0,,0,00W,"KING ST","LAUREL ST",0.00,,Y,A,-,N,,,,,,,,,,N,3,0,1,2,D,-,00,,,N,D,G,A,A,H,-,A,A,0,,Y,,,Y,,-,"- ",0,1,0,0,0,0,1,0,0,"- ","- ",,,"SANTA CRUZ","SANTA CRUZ",-122.04037998,36.970890109999999
6869853,2015,2016-10-03,9720,2015-02-20,2330,20143,,5,3,9,4400,0,1,3,,2,030,"RT 1","RT 129",2640.00,S,N,E,-,Y,SCR,5,1,-,R,0.220,H,-,S,Y,2,0,4,2,A,-,01,23152,A,N,C,C,A,A,H,-,C,D,1,,,,,Y,Y,A,07,1,0,3,0,0,0,0,0,0,"- ","- ",36.886620000000001,-121.77263000000001,"SANTA CRUZ",UNINCORPORATED,-121.77302764,36.887008530000003
6870393,2015,2015-04-13,4404,2015-03-14,1533,5370,S,6,5,3,4404,0,0,0,,0,00S,"WHISPERING PINES DR","ESTRELLA DR",0.00,,Y,A,-,N,,,,,,,,,,N,3,0,1,1,A,-,05,21650,,N,E,I,A,A,H,-,A,A,0,,,,,Y,,A,01,0,1,0,0,0,0,0,0,0,"- ","- ",,,"SANTA CRUZ","SCOTTS VALLEY",-122.03282987,37.039929999999998
6875598,2015,2015-04-14,4402,2015-03-08,0957,173,4402,7,5,5,4402,0,0,0,,0,00W,"CHESTNUT ST","LINCOLN ST",0.00,,Y,A,-,N,,,,,,,,,,N,3,0,1,2,A,-,10,21950,A,N,G,B,B,A,H,-,A,A,0,Y,,,,Y,,A,01,0,1,0,0,1,0,0,0,0,"- ","- ",,,"SANTA CRUZ","SANTA CRUZ",-122.03046998000001,36.971780099999997
6876162,2015,2015-09-23,9720,2015-04-06,1500,17959,,1,2,9,4400,0,2,4,,1,032,"HOLOHAN RD","GREEN VALLEY RD",75.00,E,N,A,-,N,,,,,,,,,,N,4,0,1,2,A,-,21,22106,,N,C,C,A,A,H,-,A,A,0,,,,Y,Y,,F,55,0,0,1,0,0,0,0,0,0,"- ","- ",36.94106,-121.76908,"SANTA CRUZ",UNINCORPORATED,-121.76922342,36.941002760000003
6876178,2015,2016-10-03,9720,2015-03-29,0408,19702,,7,3,9,4400,0,1,3,,2,020,"RT 1","PARK AV",1056.00,S,N,A,-,Y,SCR,5,1,-,-,11.650,H,-,S,Y,3,0,1,1,A,-,01,23152,A,N,F,A,A,A,H,-,C,D,1,,,,,Y,Y,D,22,0,1,0,0,0,0,0,0,0,"- ","- ",36.983220000000003,-121.9284,"SANTA CRUZ",UNINCORPORATED,-121.92912052,36.98342856
6876190,2015,2016-10-03,9720,2015-03-30,1520,015748,,1,2,9,4400,0,1,3,,2,020,"RT 1","41ST AV",1584.00,N,N,A,-,Y,SCR,5,1,-,-,13.920,H,-,S,Y,4,0,1,3,A,-,03,22350,,N,C,C,A,A,H,-,A,D,1,,,,,Y,,D,22,0,0,1,0,0,0,0,0,0,"- ","- ",36.564709999999998,-121.20072999999999,"SANTA CRUZ",UNINCORPORATED,-121.96990696,36.983039990000002
6876215,2015,2015-04-24,9720,2015-03-26,1744,020807,,4,2,9,4400,0,3,5,,2,100,"PINE FLAT RD","QUAIL DR",528.00,S,N,A,-,N,,,,,,,,,,Y,2,0,1,1,A,-,08,22107,,N,E,I,A,A,H,-,A,D,0,,,,,Y,,D,22,1,0,0,0,0,0,0,0,0,"- ","- ",37.047759999999997,-122.15317,"SANTA CRUZ",UNINCORPORATED,-122.15331646,37.048663050000002
6878093,2015,2015-04-16,4402,2015-03-30,2253,179,SANTA,1,5,5,4402,0,0,0,,0,00C,"FRONT ST","SPRUCE ST",0.00,,Y,A,-,N,,,,,,,,,,N,3,0,1,2,A,-,12,22450,,N,D,G,A,A,H,-,C,A,0,,Y,,,Y,,L,04,0,1,0,0,0,0,1,0,0,"- ","- ",,,"SANTA CRUZ","SANTA CRUZ",-122.02362995999999,36.968510039999998
6878942,2015,2015-04-16,4402,2015-04-02,1552,131,4402,4,5,5,4402,0,0,0,,0,00C,"OCEAN ST","DAKOTA AV",45.00,S,N,A,-,N,,,,,,,,,,N,4,0,1,3,A,-,03,22350,,N,C,C,A,A,H,-,A,D,0,,,,,Y,,A,01,0,0,1,0,0,0,0,0,0,"- ","- ",,,"SANTA CRUZ","SANTA CRUZ",-122.01995035,36.976509720000003
6878950,2015,2015-04-16,4402,2015-04-02,0902,131,4402,4,5,5,4402,0,0,0,,0,00C,"CENTER ST","LAUREL ST",183.00,S,N,A,-,N,,,,,,,,,,N,3,0,1,2,A,-,06,21750,A,N,B,C,A,A,H,-,A,D,0,,,Y,,Y,,A,01,0,1,0,0,0,0,0,0,1,"- ","- ",,,"SANTA CRUZ","SANTA CRUZ",-122.02717462,36.96843088
6879047,2015,2016-10-03,9720,2015-03-23,0630,018650,,1,1,9,4400,0,1,3,,1,017,"RT 17","PASATIEMPO DR",5280.00,N,N,B,-,Y,SCR,5,17,-,-,1.740,H,-,S,N,4,0,1,1,A,-,03,22350,,N,E,I,A,B,H,-,C,D,1,,,,,Y,,A,01,0,0,1,0,0,0,0,0,0,"- ","- ",37.002850000000002,-122.02061999999999,"SANTA CRUZ",UNINCORPORATED,-122.02429127000001,37.013525280000003
6879105,2015,2016-10-03,9720,2015-03-23,1525,018601,,1,2,3,4404,0,1,3,,1,017,"RT 17","MT HERMON RD",2112.00,N,N,A,-,Y,SCR,5,17,-,-,3.840,H,-,S,Y,3,0,2,2,A,-,07,21658,A,N,C,C,A,A,H,-,A,D,1,,,,,Y,,A,07,0,1,1,0,0,0,0,0,0,"- ","- ",,,"SANTA CRUZ","SCOTTS VALLEY",-122.01692636,37.040165559999998
6879853,2015,2016-10-03,9720,2015-03-27,1434,18231,,5,2,9,4400,0,1,3,,2,020,"RT 1","BAY AV",100.00,S,N,A,-,Y,SCR,5,1,-,-,13.170,H,-,S,Y,3,0,2,4,A,-,03,22350,,N,C,C,A,A,H,-,A,D,1,,,,,Y,,A,01,0,1,1,0,0,0,0,0,0,"- ","- ",,,"SANTA CRUZ",UNINCORPORATED,-121.95644540000001,36.983245500000002
6879889,2015,2015-04-21,9720,2015-03-26,1540,17959,,4,2,9,4400,0,3,5,,2,300,"BUENA VISTA DR","NORTH DR",0.00,,Y,A,-,N,,,,,,,,,,Y,3,0,2,2,A,-,09,21802,A,N,D,C,A,A,H,-,A,A,0,,,,,Y,,A,01,0,1,1,0,0,0,0,0,0,"- ","- ",36.940379999999998,-121.78848000000001,"SANTA CRUZ",UNINCORPORATED,-121.78832986,36.940350029999998
6879894,2015,2015-04-21,9720,2015-03-20,1109,18239,,5,1,9,4400,0,3,5,,2,200,"SOQUEL AV","SOUTH RODEO GULCH RD",173.00,E,N,B,-,N,,,,,,,,,,Y,3,0,1,2,A,-,04,21703,,N,C,C,A,A,H,-,A,D,0,,,Y,,Y,,A,07,0,1,0,0,0,0,0,0,1,"- ","- ",36.982619999999997,-121.96872,"SANTA CRUZ",UNINCORPORATED,-121.96889994999999,36.982653329999998
6879897,2015,2015-04-21,9720,2015-03-31,1656,19978,,2,2,9,4400,0,3,5,,2,200,"VALENCIA RD","SIESTA DR",0.00,,Y,A,-,N,,,,,,,,,,N,4,0,1,2,A,-,08,22107,,N,H,G,A,A,H,-,A,D,0,,Y,,,Y,,A,07,0,0,1,0,0,0,1,0,0,"- ","- ",36.97927,-121.89209,"SANTA CRUZ",UNINCORPORATED,-121.89204986999999,36.979260029999999
6879898,2015,2015-04-21,9720,2015-03-24,1450,14653,,2,2,9,4400,0,3,5,,2,200,"CORCORAN AV","FELT ST",528.00,S,N,A,-,N,,,,,,,,,,N,3,0,1,2,A,-,11,21954,A,N,G,B,E,A,H,-,A,D,0,Y,,,,Y,,N,60,0,1,0,0,1,0,0,0,0,"- ","- ",36.575600000000001,-121.5852,"SANTA CRUZ",UNINCORPORATED,-121.98104854,36.96510301
6879902,2015,2015-04-21,9720,2015-03-25,1829,20019,,3,2,9,4400,0,2,4,,1,024,"EAST CLIFF DR","13TH AV",30.00,N,N,A,-,N,,,,,,,,,,Y,3,0,3,2,A,-,03,22350,,N,C,C,A,A,H,-,A,D,0,,,,,Y,,A,01,0,1,2,0,0,0,0,0,0,"- ","- ",36.575699999999998,-121.5959,"SANTA CRUZ",UNINCORPORATED,-121.99267158000001,36.964227309999998
6879906,2015,2015-04-21,9720,2015-03-28,1234,18976,,6,1,9,4400,0,3,5,,2,300,"LARKIN VALLEY RD","AIRPORT RD",324.00,W,N,A,-,N,,,,,,,,,,Y,3,0,1,1,A,-,03,22350,,N,F,A,A,A,H,-,A,D,0,,,Y,,Y,,C,02,0,1,0,0,0,0,0,0,1,"- ","- ",36.925620000000002,-121.79767,"SANTA CRUZ",UNINCORPORATED,-121.79744418,36.925848420000001
6879914,2015,2015-04-21,9720,2015-03-31,0114,020019,,2,3,9,4400,0,3,5,,2,200,"CLUBHOUSE DR","BALTUSROL WY",528.00,W,N,A,-,N,,,,,,,,,,Y,3,0,1,2,A,-,01,23152,A,N,E,I,A,A,H,-,D,D,0,,,,,Y,Y,A,01,0,1,0,0,0,0,0,0,0,"- ","- ",36.960419999999999,-121.8788,"SANTA CRUZ",UNINCORPORATED,-121.87984928,36.95968036
6880127,2015,2015-04-23,4403,2015-04-06,1407,296,305,1,5,4,4403,0,0,0,,0,003,"TUTTLE AV","HILL AV",145.00,N,N,A,-,N,,,,,,,,,,Y,4,0,3,2,A,-,05,21460,A,N,D,C,A,A,H,-,A,D,0,,,,,Y,,A,01,0,0,3,0,0,0,0,0,0,"- ","- ",,,"SANTA CRUZ",WATSONVILLE,-121.75381964,36.923821519999997
6880361,2015,2015-04-27,4403,2015-03-26,2013,361,2-21,4,5,4,4403,0,0,0,,0,002,"2ND ST","MENKER ST",10.00,W,N,B,-,N,,,,,,,,,,Y,4,0,1,1,C,-,18,,,N,E,I,A,A,H,-,C,D,0,,,,Y,Y,,-,"- ",0,0,1,0,0,0,0,0,0,"- ","- ",,,"SANTA CRUZ",WATSONVILLE,-121.75864584,36.907032000000001
6880517,2015,2015-04-29,4403,2015-03-10,1724,370,"4 38",2,5,4,4403,0,0,0,,0,004,"GREEN VALLEY RD","CAREY AV",0.00,,Y,B,-,N,,,,,,,,,,N,4,0,1,2,A,-,10,21950,A,N,G,B,B,A,H,-,A,D,0,Y,,,,Y,,A,07,0,0,1,0,1,0,0,0,0,"- ","- ",,,"SANTA CRUZ",WATSONVILLE,-121.77419992999999,36.934200019999999
6882912,2015,2015-04-22,9720,2015-03-20,1440,18993,,5,2,9,4400,0,2,4,,1,023,"30TH AV","LEWIS CIR",118.00,S,N,A,-,N,,,,,,,,,,N,3,0,1,1,B,-,22,,,N,F,A,A,A,H,-,A,D,0,,Y,,,Y,,L,04,0,1,0,0,0,0,1,0,0,"- ","- ",36.965800000000002,-121.97410000000001,"SANTA CRUZ",UNINCORPORATED,-121.97403652,36.965817870000002
6883293,2015,2017-08-14,9720,2015-04-02,1535,018601,,4,2,9,4400,0,1,3,,2,020,"RT 1","STATE PARD DR",528.00,N,N,A,-,Y,SCR,5,1,-,-,11.790,H,-,N,Y,3,0,2,2,A,-,03,22350,,N,C,C,A,A,H,-,A,D,1,,,,,Y,,A,01,0,1,1,0,0,0,0,0,0,"- ","- ",36.978760000000001,-121.91231000000001,"SANTA CRUZ",UNINCORPORATED,-121.93159458,36.983926169999997
6883969,2015,2015-04-20,4403,2015-04-02,1932,370,527,4,5,4,4403,0,0,0,,0,005,"AIRPORT BL","HOLM RD",0.00,,Y,A,-,N,,,,,,,,,,Y,4,0,1,2,A,-,09,21802,A,N,D,C,A,A,H,-,B,A,0,,,,,Y,,A,07,0,0,1,0,0,0,0,0,0,"- ","- ",,,"SANTA CRUZ",WATSONVILLE,-121.78742988,36.932070029999998
6883970,2015,2015-04-20,4403,2015-04-01,1157,370,438,3,5,4,4403,0,0,0,,0,004,"FREEDOM BL","SYDNEY AV",61.00,N,N,A,-,N,,,,,,,,,,Y,4,0,1,2,A,-,09,21804,A,N,D,C,A,A,H,-,A,D,0,,,,,Y,,A,01,0,0,1,0,0,0,0,0,0,"- ","- ",,,"SANTA CRUZ",WATSONVILLE,-121.76988068,36.931970679999999
6883971,2015,2015-04-20,4403,2015-04-01,1716,370,224,3,5,4,4403,0,0,0,,0,002,"HARKINS SLOUGH RD","WESTRIDGE DR",0.00,,Y,A,-,N,,,,,,,,,,Y,3,0,1,2,A,-,09,21802,A,N,A,C,A,A,H,-,A,A,0,,,Y,,Y,,A,01,0,1,0,0,0,0,0,0,1,"- ","- ",,,"SANTA CRUZ",WATSONVILLE,-121.78414985000001,36.914510059999998
6887720,2015,2015-05-14,4403,2015-04-08,2010,258,5-39,3,5,4,4403,0,0,0,,0,005,"AIRPORT BL","FREEDOM BL",43.00,W,N,A,-,N,,,,,,,,,,N,2,0,1,2,A,-,10,21950,A,N,G,B,B,A,H,-,C,A,0,Y,,,,Y,,A,01,1,0,0,0,1,0,0,0,0,"- ","- ",,,"SANTA CRUZ",WATSONVILLE,-121.77797993999999,36.938242109999997
6887722,2015,2015-06-03,4403,2015-04-05,1948,342,319,7,5,4,4403,0,0,0,,0,003,"BRIDGE ST","MARCELA DR",50.00,N,N,A,-,N,,,,,,,,,,Y,4,0,1,2,A,-,01,23152,A,N,C,E,A,A,H,-,C,D,0,,,,,Y,Y,A,01,0,0,1,0,0,0,0,0,0,"- ","- ",,,"SANTA CRUZ",WATSONVILLE,-121.7408216,36.92722285