CASE_ID,ACCIDENT_YEAR,PROC_DATE,JURIS,COLLISION_DATE,COLLISION_TIME,OFFICER_ID,REPORTING_DISTRICT,DAY_OF_WEEK,CHP_SHIFT,POPULATION,CNTY_CITY_LOC,SPECIAL_COND,BEAT_TYPE,CHP_BEAT_TYPE,CITY_DIVISION_LAPD,CHP_BEAT_CLASS,BEAT_NUMBER,PRIMARY_RD,SECONDARY_RD,DISTANCE,DIRECTION,INTERSECTION,WEATHER_1,WEATHER_2,STATE_HWY_IND,CALTRANS_COUNTY,CALTRANS_DISTRICT,STATE_ROUTE,ROUTE_SUFFIX,POSTMILE_PREFIX,POSTMILE,LOCATION_TYPE,RAMP_INTERSECTION,SIDE_OF_HWY,TOW_AWAY,COLLISION_SEVERITY,NUMBER_KILLED,NUMBER_INJURED,PARTY_COUNT,PRIMARY_COLL_FACTOR,PCF_CODE_OF_VIOL,PCF_VIOL_CATEGORY,PCF_VIOLATION,PCF_VIOL_SUBSECTION,HIT_AND_RUN,TYPE_OF_COLLISION,MVIW,PED_ACTION,ROAD_SURFACE,ROAD_COND_1,ROAD_COND_2,LIGHTING,CONTROL_DEVICE,CHP_ROAD_TYPE,PEDESTRIAN_ACCIDENT,BICYCLE_ACCIDENT,MOTORCYCLE_ACCIDENT,TRUCK_ACCIDENT,NOT_PRIVATE_PROPERTY,ALCOHOL_INVOLVED,STWD_VEHTYPE_AT_FAULT,CHP_VEHTYPE_AT_FAULT,COUNT_SEVERE_INJ,COUNT_VISIBLE_INJ,COUNT_COMPLAINT_PAIN,COUNT_PED_KILLED,COUNT_PED_INJURED,COUNT_BICYCLIST_KILLED,COUNT_BICYCLIST_INJURED,COUNT_MC_KILLED,COUNT_MC_INJURED,PRIMARY_RAMP,SECONDARY_RAMP,LATITUDE,LONGITUDE,COUNTY,CITY,POINT_X,POINT_Y
8455536,2017,2018-05-30,4403,2017-09-20,1311,4558,223,3,5,4,4403,0,0,0,,0,002,"MAIN ST",CROSSROADS,350.00,N,N,A,-,Y,SCR,5,152,-,T,1.460,H,-,W,Y,4,0,1,4,A,-,03,22350,,N,C,C,A,A,H,-,A,D,0,,,,,Y,,A,07,0,0,1,0,0,0,0,0,0,"- ","- ",,,"SANTA CRUZ",WATSONVILLE,-121.77932474000001,36.917869099999997
8460739,2017,2017-10-13,4402,2017-09-26,1552,140,4402,2,5,5,4402,0,0,0,,0,,"CALIFORNIA ST","WALNUT AV",0.00,,Y,A,-,N,,,,,,,,,,N,3,0,1,2,A,-,10,21950,A,N,G,B,B,A,H,-,A,D,0,Y,,,,Y,,A,01,0,1,0,0,1,0,0,0,0,"- ","- ",,,"SANTA CRUZ","SANTA CRUZ",-122.03403989,36.972090029999997
8461704,2017,2017-10-06,4403,2017-09-27,1531,324,527,3,5,4,4403,0,0,0,,0,005,"AIRPORT BL","ROSS AV",0.00,,Y,A,-,N,,,,,,,,,,N,4,0,1,2,A,-,09,21802,A,N,D,C,A,A,H,-,A,A,0,,,,,Y,,A,01,0,0,1,0,0,0,0,0,0,"- ","- ",,,"SANTA CRUZ",WATSONVILLE,-121.78565989000001,36.933030039999998
8462122,2017,2018-07-13,4403,2017-10-01,1050,335,222,7,5,4,4403,0,0,0,,0,002,"RIVERSIDE DR","WALKER ST",0.00,,Y,A,-,Y,SCR,5,129,-,L,1.178,I,5,E,Y,3,0,2,2,A,-,12,21453,A,N,D,C,A,A,H,-,A,A,0,,,,,Y,,A,01,0,2,0,0,0,0,0,0,0,"- ","- ",,,"SANTA CRUZ",WATSONVILLE,-121.75788901999999,36.90520892
8463336,2017,2017-10-26,4402,2017-09-30,1708,138,4402,6,5,5,4402,0,0,0,,0,00C,"OCEAN ST","WATER ST",160.00,N,N,A,-,N,,,,,,,,,,N,3,0,1,2,A,-,09,21804,,N,-,A,A,-,H,-,A,D,0,,,Y,,Y,,D,22,0,1,0,0,0,0,0,0,1,"- ","- ",,,"SANTA CRUZ","SANTA CRUZ",-122.02151411,36.980009389999999
8463739,2017,2017-10-30,4402,2017-10-12,0109,144,4402,4,5,5,4402,0,0,0,,0,00W,"SWANTON BL","QUINTANA CT",81.00,S,N,A,-,N,,,,,,,,,,Y,3,0,1,1,A,-,08,22107,,M,E,I,A,A,H,-,C,D,0,,,,,Y,,A,01,0,1,0,0,0,0,0,0,0,"- ","- ",,,"SANTA CRUZ","SANTA CRUZ",-122.05446674,36.953193470000002
8463743,2017,2017-10-30,4402,2017-10-13,1931,156,4402,5,5,5,4402,0,0,0,,0,00W,"FAIR AV","ANDERSON ST",0.00,,Y,A,-,N,,,,,,,,,,N,3,0,2,3,A,-,03,22350,,N,G,B,D,A,H,-,C,D,0,Y,,,,Y,,A,01,0,1,1,0,2,0,0,0,0,"- ","- ",,,"SANTA CRUZ","SANTA CRUZ",-122.04565986999999,36.958390110000003
8463755,2017,2017-10-30,4402,2017-10-06,0801,165,4402,5,5,5,4402,0,0,0,,0,000,"MORRISSEY BL","HAMMOND AV",15.00,S,N,A,-,N,,,,,,,,,,Y,4,0,1,2,A,-,04,21703,,N,C,C,A,A,H,-,A,A,0,,,,,Y,,A,01,0,0,1,0,0,0,0,0,0,"- ","- ",,,"SANTA CRUZ","SANTA CRUZ",-122.00565775,36.984271329999999
8464726,2017,2017-10-13,4402,2017-10-01,2500,180,4402,7,5,5,4402,0,0,0,,0,00B,"BEACH ST","RIVERSIDE AV",51.00,W,N,A,-,N,,,,,,,,,,N,3,0,1,2,A,-,11,21954,A,N,E,B,D,A,H,-,A,A,0,Y,Y,,,Y,,N,60,0,1,0,0,0,0,1,0,0,"- ","- ",,,"SANTA CRUZ","SANTA CRUZ",-122.0179129,36.964590459999997
8464927,2017,2017-10-27,4402,2017-09-23,1352,170,4402,6,5,5,4402,0,0,0,,0,000,"SWIFT ST","JETER ST",0.00,,Y,A,-,N,,,,,,,,,,Y,4,0,1,6,C,-,18,,,N,B,C,A,A,H,-,A,D,0,,,,,Y,,-,"- ",0,0,1,0,0,0,0,0,0,"- ","- ",,,"SANTA CRUZ","SANTA CRUZ",-122.04877987,36.957560010000002
8465227,2017,2017-12-04,4402,2017-10-03,0855,140,4402,2,5,5,4402,0,0,0,,0,,"STOREY ST","ESCALONA DR",102.00,S,N,A,-,N,,,,,,,,,,N,4,0,1,2,A,-,03,22350,,N,C,C,A,A,H,-,A,D,0,,,,,Y,,A,07,0,0,1,0,0,0,0,0,0,"- ","- ",,,"SANTA CRUZ","SANTA CRUZ",-122.03493632999999,36.976192400000002
8465274,2017,2018-02-15,4402,2017-09-23,2144,138,4402,6,5,5,4402,0,0,0,,0,00C,"RIVER ST","FRONT ST",175.00,E,N,A,-,N,,,,,,,,,,N,2,0,1,2,A,-,08,22107,,F,D,G,A,A,H,-,C,D,0,,,Y,,Y,Y,A,01,1,0,0,0,0,0,0,0,1,"- ","- ",,,"SANTA CRUZ","SANTA CRUZ",-122.02552898,36.97608099
8465278,2017,2017-11-27,4402,2017-09-23,1358,165,440,6,5,5,4402,0,0,0,,0,000,"HIGH ST","SPRING ST",0.00,,Y,A,-,N,,,,,,,,,,N,3,0,1,2,A,-,08,21717,,N,D,G,A,A,H,-,A,A,0,,Y,,,Y,,A,01,0,1,0,0,0,0,1,0,0,"- ","- ",,,"SANTA CRUZ","SANTA CRUZ",-122.04347993,36.97786009
8465496,2018,2018-11-14,4403,2018-11-01,0645,335,"5 39",4,5,4,4403,0,0,0,,0,005,"AIRPORT BL","FREEDOM BL",654.00,E,N,A,-,N,,,,,,,,,,Y,1,1,0,2,A,-,11,21954,A,N,G,B,D,A,H,-,C,D,0,Y,,,,Y,,N,60,0,0,0,1,0,0,0,0,0,"- ","- ",,,"SANTA CRUZ",WATSONVILLE,-121.77674865722656,36.939865112304688
8465616,2018,2019-03-21,4403,2018-12-24,1442,335,"1 09",1,5,4,4403,0,0,0,,0,001,"MAIN ST","BEACH ST",0.00,,Y,C,-,Y,SCR,5,152,-,T,2.928,I,5,W,Y,1,1,0,2,A,-,10,21950,A,N,G,B,B,B,H,-,A,A,0,Y,,,,Y,,D,22,0,0,0,1,0,0,0,0,0,"- ","- ",,,"SANTA CRUZ",WATSONVILLE,-121.75689697265625,36.910247802734375
8466948,2017,2017-10-12,4401,2017-09-02,1758,533,4401,6,5,3,4401,0,0,0,,0,,"CAPITOLA RD","42ND AV",0.00,,Y,A,-,N,,,,,,,,,,N,3,0,1,2,A,-,09,21804,A,N,G,G,A,A,H,-,A,A,0,,Y,,,Y,,A,01,0,1,0,0,0,0,1,0,0,"- ","- ",,,"SANTA CRUZ",CAPITOLA,-121.96264997,36.973710009999998
8467241,2017,2017-10-12,4402,2017-09-17,2338,156,4402,7,5,5,4402,0,0,0,,0,00W,"NOBEL DR","CASTILLION TER",50.00,S,N,A,-,N,,,,,,,,,,N,3,0,1,3,A,-,01,23152,A,N,C,E,A,A,H,-,C,D,0,,,,,Y,Y,A,07,0,1,0,0,0,0,0,0,0,"- ","- ",,,"SANTA CRUZ","SANTA CRUZ",-122.05049948,36.97230244
8469483,2018,2018-08-02,4402,2018-02-07,2500,137,4402,3,5,5,4402,0,0,0,,0,000,"RT 1","OLIVE ST",18.00,S,N,A,-,Y,SCR,5,1,-,-,19.110,H,-,N,N,3,0,1,2,A,-,03,22350,,N,C,C,A,A,H,-,A,A,0,,,Y,,Y,,A,08,0,1,0,0,0,0,0,0,1,"- ","- ",,,"SANTA CRUZ","SANTA CRUZ",-122.04141235351562,36.965412139892578
8469564,2017,2018-06-25,4402,2017-08-30,0613,183,4402,3,5,5,4402,0,0,0,,0,,"RT 1","CHESTNUT ST",14.00,W,N,A,-,Y,SCR,5,1,-,-,18.140,H,-,S,N,4,0,1,2,A,-,03,22350,A,N,C,C,A,A,H,-,A,A,0,,,,,Y,,A,01,0,0,1,0,0,0,0,0,0,"- ","- ",,,"SANTA CRUZ","SANTA CRUZ",-122.03189369,36.976888770000002
8481576,2017,2017-11-17,4403,2017-10-17,1213,296,223,2,5,4,4403,0,0,0,,0,002,"GREEN VALLEY RD","MAIN ST",170.00,W,N,B,-,N,,,,,,,,,,Y,4,0,1,2,A,-,07,21658,A,N,B,C,A,A,H,-,A,D,0,,,Y,,Y,,A,01,0,0,1,0,0,0,0,0,1,"- ","- ",,,"SANTA CRUZ",WATSONVILLE,-121.78406893,36.91812075
8483523,2017,2018-07-06,4401,2017-10-04,1811,515,4401,3,5,3,4401,0,0,0,,0,,"BAY AV","RT 1",60.00,N,N,A,-,Y,SCR,5,1,-,-,13.271,R,4,S,Y,4,0,1,3,A,-,01,23153,A,F,-,C,A,A,H,-,A,A,0,,,,,Y,Y,A,01,0,0,1,0,0,0,0,0,0,"- ",SF,,,"SANTA CRUZ",CAPITOLA,-121.95825451,36.983070490000003
8483527,2017,2017-11-07,4401,2017-10-04,2035,526,4401,3,5,3,4401,0,0,0,,0,005,"41ST AV","BROMMER ST",0.00,,Y,A,-,N,,,,,,,,,,Y,4,0,1,2,A,-,00,21453,,N,D,C,A,A,H,-,C,A,0,,,,,Y,,A,08,0,0,1,0,0,0,0,0,0,"- ","- ",,,"SANTA CRUZ",CAPITOLA,-121.96491992999999,36.97020002
8484177,2017,2017-11-13,4403,2017-10-31,1937,335,"1 07",2,5,4,4403,0,0,0,,0,001,"LINCOLN ST","PALM AV",276.00,S,N,A,-,N,,,,,,,,,,N,4,0,1,2,A,-,11,21950,B,N,G,B,D,A,H,-,C,D,0,Y,,,,Y,,N,60,0,0,1,0,1,0,0,0,0,"- ","- ",,,"SANTA CRUZ",WATSONVILLE,-121.75564846,36.917253289999998
8485607,2017,2018-07-06,4402,2017-10-08,0131,168,4402,7,5,5,4402,0,0,0,,0,00W,"RT 1","TRESCONY ST",63.00,N,N,A,-,Y,SCR,5,1,-,-,18.930,H,-,N,Y,3,0,3,2,A,-,01,23153,,N,C,C,A,A,H,-,C,D,0,,,,,Y,Y,A,01,0,2,1,0,0,0,0,0,0,"- ","- ",,,"SANTA CRUZ","SANTA CRUZ",-122.03936555999999,36.967280549999998
8485662,2017,2017-12-01,4402,2017-10-06,1056,170,4402,5,5,5,4402,0,0,0,,0,000,"WASHINGTON ST","LAUREL ST",75.00,N,N,A,-,N,,,,,,,,,,N,4,0,1,2,A,-,11,21954,A,N,G,B,E,A,H,-,A,D,0,Y,,,,Y,Y,N,60,0,0,1,0,1,0,0,0,0,"- ","- ",,,"SANTA CRUZ","SANTA CRUZ",-122.02833504,36.969019330000002
8485788,2017,2017-11-13,4402,2017-10-25,1745,179,SANTA,3,5,5,4402,0,0,0,,0,00C,"SOQUEL AV","DAKOTA AV",0.00,,Y,A,-,N,,,,,,,,,,N,4,0,1,2,A,-,12,21453,A,N,D,C,A,A,H,-,A,A,0,,,Y,,Y,,D,22,0,0,1,0,0,0,0,0,0,"- ","- ",,,"SANTA CRUZ","SANTA CRUZ",-122.0214199,36.973900069999999
8485852,2017,2017-12-05,4402,2017-10-07,1910,156,4402,6,5,5,4402,0,0,0,,0,EAST,"BRANCIFORTE DR","ISBEL DR",10.00,N,N,A,-,N,,,,,,,,,,N,4,0,1,2,A,-,03,22350,,F,C,C,A,A,H,-,C,A,0,,,,,Y,,A,07,0,0,1,0,0,0,0,0,0,"- ","- ",,,"SANTA CRUZ","SANTA CRUZ",-122.01247035999999,36.99025211
8485860,2017,2017-12-05,4402,2017-10-04,0930,170,4402,3,5,5,4402,0,0,0,,0,000,"HIGH ST","LAURENT ST",20.00,W,N,B,-,N,,,,,,,,,,N,4,0,1,2,A,-,04,21703,,N,C,C,A,A,H,-,A,D,0,,,,,Y,,A,01,0,0,1,0,0,0,0,0,0,"- ","- ",,,"SANTA CRUZ","SANTA CRUZ",-122.04256689,36.977701799999998
8485894,2017,2017-11-08,4402,2017-10-25,1610,165,4402,3,5,5,4402,0,0,0,,0,000,"SOQUEL AV","MORRISSEY BL",285.00,E,N,A,-,N,,,,,,,,,,N,3,0,1,3,A,-,03,22350,,F,C,C,A,A,H,-,A,A,0,,,,,Y,,A,01,0,1,0,0,0,0,0,0,0,"- ","- ",,,"SANTA CRUZ","SANTA CRUZ",-122.00589827,36.981422860000002
8485898,2017,2017-11-08,4402,2017-10-26,0752,170,4402,4,5,5,4402,0,0,0,,0,000,"BAY DR","MEDER ST",0.00,,Y,A,-,N,,,,,,,,,,Y,4,0,2,2,A,-,03,22350,,N,D,C,A,A,H,-,A,A,0,,,,,Y,,A,01,0,0,2,0,0,0,0,0,0,"- ","- ",,,"SANTA CRUZ","SANTA CRUZ",-122.05267994,36.975270049999999
8485902,2017,2017-11-08,4402,2017-10-20,0753,165,4402,5,5,5,4402,0,0,0,,0,000,"SAN LORENZO BL",BROADWAY,0.00,,Y,B,-,N,,,,,,,,,,Y,3,0,1,1,A,-,03,22350,,N,F,I,A,B,H,-,A,A,0,,,Y,,Y,,C,02,0,1,0,0,0,0,0,0,1,"- ","- ",,,"SANTA CRUZ","SANTA CRUZ",-122.02218996000001,36.970250110000002
8485910,2017,2017-11-08,4402,2017-10-26,0809,176,4402,4,5,5,4402,0,0,0,,0,00W,"WEST CLIFF DR","WOODROW AV",0.00,,Y,A,-,N,,,,,,,,,,N,3,0,1,2,A,-,10,21950,,N,G,B,B,A,H,-,A,D,0,Y,,,,Y,,A,08,0,1,0,0,1,0,0,0,0,"- ","- ",,,"SANTA CRUZ","SANTA CRUZ",-122.03719997,36.953020049999999
8486280,2017,2018-01-05,4402,2017-10-25,2215,187,SANTA,3,5,5,4402,0,0,0,,0,00W,"SWANTON BL","QUINTANA CT",125.00,N,N,A,-,N,,,,,,,,,,Y,3,0,2,3,A,-,08,22107,,N,C,E,A,A,H,-,D,D,0,,,,,Y,,A,01,0,1,1,0,0,0,0,0,0,"- ","- ",,,"SANTA CRUZ","SANTA CRUZ",-122.05474512000001,36.953713229999998
8486860,2017,2017-12-14,4403,2017-11-02,1440,244,527,4,5,4,4403,0,0,0,,0,005,"AIRPORT BL","HOLM RD",0.00,,Y,A,B,N,,,,,,,,,,Y,4,0,1,2,A,-,09,21801,A,N,A,C,A,A,H,-,A,D,0,,,,,Y,,A,01,0,0,1,0,0,0,0,0,0,"- ","- ",,,"SANTA CRUZ",WATSONVILLE,-121.78742988,36.932070029999998
8496159,2017,2017-12-08,4403,2017-11-03,1459,4558,223,5,5,4,4403,0,0,0,,0,002,"HARKINS SLOUGH RD","BAYVIEW DR",990.00,S,N,A,-,N,,,,,,,,,,N,4,0,1,2,A,-,03,22350,,N,C,C,A,A,H,-,A,D,0,,,,,Y,Y,A,01,0,0,1,0,0,0,0,0,0,"- ","- ",,,"SANTA CRUZ",WATSONVILLE,-121.77068867,36.913245089999997
8496224,2017,2018-01-03,4402,2017-11-20,1340,167,4402,1,5,5,4402,0,0,0,,0,000,"SOQUEL AV","LA FONDA AV",200.00,W,N,B,-,N,,,,,,,,,,Y,3,0,1,2,A,-,08,22107,,N,D,G,A,A,H,-,A,D,0,,Y,,,Y,,D,22,0,1,0,0,0,0,1,0,0,"- ","- ",,,"SANTA CRUZ","SANTA CRUZ",-121.99543434,36.982918640000001
8496247,2017,2018-06-14,4403,2017-11-13,1312,335,1-09,1,5,4,4403,0,0,0,,0,001,"MAIN ST","FREEDOM BL",18.00,N,N,A,-,Y,SCR,5,152,-,T,2.490,H,-,W,Y,3,0,2,3,A,-,05,21651,B,N,D,C,A,A,H,-,A,A,0,,,,,Y,,A,01,0,1,1,0,0,0,0,0,0,"- ","- ",,,"SANTA CRUZ",WATSONVILLE,-121.76168235999999,36.915161400000002
8496257,2017,2017-12-04,4403,2017-10-15,1922,1665,108,7,5,4,4403,0,0,0,,0,001,"UNION ST","PECK ST",10.00,N,N,A,-,N,,,,,,,,,,N,3,0,1,2,C,-,18,,,N,G,B,B,A,H,-,C,D,0,Y,,,,Y,,-,"- ",0,1,0,0,1,0,0,0,0,"- ","- ",,,"SANTA CRUZ",WATSONVILLE,-121.75540374000001,36.910319780000002
8497574,2017,2017-11-30,4402,2017-10-31,1134,167,4402,2,5,5,4402,0,0,0,,0,000,"OCEAN ST","SAN LORENZO BL",100.00,N,N,A,-,N,,,,,,,,,,Y,4,0,2,2,A,-,09,21804,A,N,D,C,A,A,H,-,A,D,0,,,,,Y,,A,01,0,0,2,0,0,0,0,0,0,"- ","- ",,,"SANTA CRUZ","SANTA CRUZ",-122.01635278000001,36.968959400000003
8497575,2017,2017-11-29,4402,2017-10-23,1837,193,4402,1,5,5,4402,0,0,0,,0,00B,"BEACH ST","MUNICIPAL WHARF",0.00,,Y,A,-,N,,,,,,,,,,N,2,0,1,1,A,-,01,21200,5,N,F,J,A,A,H,-,C,A,0,,Y,,,Y,Y,L,04,1,0,0,0,0,0,1,0,0,"- ","- ",,,"SANTA CRUZ","SANTA CRUZ",-122.02384293,36.962831110000003
8497583,2017,2017-11-29,4402,2017-10-25,1744,144,4402,3,5,5,4402,0,0,0,,0,00C,"ENCINAL ST","LIMEKILN ST",90.00,E,N,A,-,N,,,,,,,,,,N,3,0,1,2,A,-,08,22107,,N,A,G,A,A,H,-,B,D,0,,Y,,,Y,,A,01,0,1,0,0,0,0,1,0,0,"- ","- ",,,"SANTA CRUZ","SANTA CRUZ",-122.03203324,36.986519790000003
8497587,2017,2017-11-29,4402,2017-10-26,1916,144,4402,4,5,5,4402,0,0,0,,0,00E,BROADWAY,"FREDERICK ST",2.00,W,N,A,-,N,,,,,,,,,,N,4,0,1,2,A,-,10,21950,A,N,G,B,B,A,H,-,C,D,0,Y,,,,Y,,A,01,0,0,1,0,1,0,0,0,0,"- ","- ",,,"SANTA CRUZ","SANTA CRUZ",-122.00353652,36.976578310000001
8497694,2017,2017-12-08,4402,2017-11-03,1418,170,4402,5,5,5,4402,0,0,0,,0,000,"HIGH ST","TOSCA TER",0.00,,Y,B,-,N,,,,,,,,,,N,4,0,1,2,A,-,09,21801,A,N,D,C,A,A,H,-,A,D,0,,,,,Y,,A,07,0,0,1,0,0,0,0,0,0,"- ","- ",,,"SANTA CRUZ","SANTA CRUZ",-122.05979997,36.980530000000002
8497698,2017,2017-12-08,4402,2017-11-20,1613,167,4402,1,5,5,4402,0,0,0,,0,167,"MORRISSEY BL","MELROSE AV",0.00,,Y,A,-,N,,,,,,,,,,N,4,0,1,2,A,-,09,21802,A,N,D,C,A,A,H,-,A,A,0,,,Y,,Y,Y,A,01,0,0,1,0,0,0,0,0,1,"- ","- ",,,"SANTA CRUZ","SANTA CRUZ",-122.00618995000001,36.983110009999997
8503725,2017,2018-06-19,4403,2017-11-12,2137,9761,223,7,5,4,4403,0,0,0,,0,002,"MAIN ST","GREEN VALLEY RD",0.00,,Y,A,-,Y,SCR,5,152,-,T,1.195,I,5,W,N,2,0,4,2,D,-,00,,,N,A,C,A,A,H,-,C,A,0,,,,,Y,,-,"- ",2,0,2,0,0,0,0,0,0,"- ","- ",,,"SANTA CRUZ",WATSONVILLE,-121.78385231,36.91865876
8503983,2017,2018-06-14,4402,2017-11-13,1811,193,4402,1,5,5,4402,0,0,0,,0,000,"RT 1","RIVER ST",800.00,N,N,A,-,Y,SCR,5,1,-,-,17.710,H,-,S,Y,4,0,1,2,A,-,03,22350,,N,C,C,A,A,H,-,C,A,0,,,,,Y,,A,01,0,0,1,0,0,0,0,0,0,"- ","- ",,,"SANTA CRUZ","SANTA CRUZ",-122.0316444,36.983101560000001
8506493,2017,2018-06-13,4401,2017-11-25,1201,520,,6,5,3,4401,0,0,0,,0,007,"BAY AV","HILL ST",40.00,N,N,A,-,N,,,,,,,,,,N,4,0,1,2,A,-,03,22350,,N,C,C,A,A,H,-,A,A,0,,,,,Y,,A,01,0,0,1,0,0,0,0,0,0,"- ","- ",,,"SANTA CRUZ",CAPITOLA,-121.95559457,36.981186450000003
8509740,2017,2017-12-20,4404,2017-11-27,1407,5150,4404,1,5,3,4404,0,0,0,,0,00N,"GLENWOOD DR","CASA WY",140.00,S,N,A,-,N,,,,,,,,,,N,3,0,1,2,A,-,08,22107,,N,D,G,A,A,H,-,A,D,0,,Y,,,Y,,D,22,0,1,0,0,0,0,1,0,0,"- ","- ",37.067749999999997,-122.00539999999999,"SANTA CRUZ","SCOTTS VALLEY",-122.00544598,37.067388119999997
8511021,2017,2017-12-20,4403,2017-12-06,1600,1665,4-38,3,5,4,4403,0,0,0,,0,004,"FREEDOM BL","BLANCA LN",10.00,N,N,A,-,N,,,,,,,,,,N,4,0,1,2,A,-,03,22350,,F,C,C,A,A,H,-,A,D,0,,,,,Y,,A,08,0,0,1,0,0,0,0,0,0,"- ","- ",,,"SANTA CRUZ",WATSONVILLE,-121.76911142,36.931211419999997
8511029,2017,2017-12-20,4403,2017-12-08,1730,1665,4-38,5,5,4,4403,0,0,0,,0,004,"FREEDOM BL","CLIFFORD AV",10.00,N,N,A,-,N,,,,,,,,,,N,4,0,1,2,A,-,03,22350,,N,C,C,A,A,H,-,C,A,0,,,,,Y,,A,01,0,0,1,0,0,0,0,0,0,"- ","- ",,,"SANTA CRUZ",WATSONVILLE,-121.76823142000001,36.930321419999999
8511033,2017,2017-12-20,4403,2017-12-08,1745,1665,4-33,5,5,4,4403,0,0,0,,0,004,"FREEDOM BL","MARIN ST",0.00,,Y,A,-,N,,,,,,,,,,N,4,0,1,2,A,-,09,21801,A,N,D,C,A,A,H,-,C,D,0,,,,,Y,,A,01,0,0,1,0,0,0,0,0,0,"- ","- ",,,"SANTA CRUZ",WATSONVILLE,-121.76258992,36.924200020000001
8511057,2017,2017-12-22,4403,2017-12-05,1905,335,"4 38",2,5,4,4403,0,0,0,,0,004,"FREEDOM BL","BLANCA LN",97.00,N,N,A,-,N,,,,,,,,,,N,4,0,1,2,A,-,10,21954,B,N,G,B,C,A,H,-,C,D,0,Y,,,,Y,Y,D,22,0,0,1,0,1,0,0,0,0,"- ","- ",,,"SANTA CRUZ",WATSONVILLE,-121.7692978,36.931397799999999
8513243,2017,2018-01-24,4402,2017-12-28,1414,144,4402,4,5,5,4402,0,0,0,,0,000,"FRONT ST","SOQUEL AV",105.00,N,N,A,-,N,,,,,,,,,,N,3,0,1,2,A,-,11,21954,A,N,G,B,D,A,H,-,A,D,0,Y,,,,Y,,N,60,0,1,0,0,1,0,0,0,0,"- ","- ",,,"SANTA CRUZ","SANTA CRUZ",-122.02466902,36.973519260000003
8514464,2017,2017-12-14,4403,2017-12-06,0847,296,438,3,5,4,4403,0,0,0,,0,004,"FREEDOM BL","LANDIS AV",55.00,N,N,A,-,N,,,,,,,,,,Y,3,0,1,2,A,-,08,22100,A,N,B,C,A,A,H,-,A,D,0,,,,,Y,,A,01,0,1,0,0,0,0,0,0,0,"- ","- ",,,"SANTA CRUZ",WATSONVILLE,-121.77221835,36.934040520000003
8515097,2017,2017-12-18,4403,2017-11-23,1329,381,223,4,5,4,4403,0,0,0,,0,002,"MAIN ST","OHLONE PKWY",488.00,S,N,A,-,Y,,,,,,,,,,N,2,0,3,2,A,-,09,21801,A,N,A,C,A,A,H,-,A,D,0,,,,,Y,,A,07,1,0,2,0,0,0,0,0,0,"- ","- ",,,"SANTA CRUZ",WATSONVILLE,-121.77532232999999,36.91713154
8516056,2017,2018-06-08,4401,2017-12-01,1500,520,,5,5,3,4401,0,0,0,,0,010,"PARK AV","CABRILLO ST",275.00,W,N,A,-,N,,,,,,,,,,Y,3,0,1,1,A,-,03,22350,,N,A,I,A,A,H,-,A,D,0,,,,,Y,,A,01,0,1,0,0,0,0,0,0,0,"- ","- ",,,"SANTA CRUZ",CAPITOLA,-121.94346901,36.977171169999998
8517789,2017,2018-01-10,4403,2017-10-03,1625,335,438,2,5,4,4403,0,0,0,,0,004,"FREEDOM BL","CLIFFORD AV",60.00,N,N,A,-,N,,,,,,,,,,N,4,0,1,2,A,-,03,22350,,N,C,C,A,A,H,-,A,A,0,,,,,Y,,A,01,0,0,1,0,0,0,0,0,0,"- ","- ",,,"SANTA CRUZ",WATSONVILLE,-121.76833854,36.930428540000001
8518450,2017,2017-12-22,4402,2017-11-29,2046,187,4402,3,5,5,4402,0,0,0,,0,000,"WEST CLIFF DR","BAY ST",230.00,E,N,B,-,N,,,,,,,,,,N,4,0,1,2,A,-,10,21950,A,N,G,B,C,A,H,-,C,D,0,Y,,,,Y,,A,01,0,0,1,0,1,0,0,0,0,"- ","- ",,,"SANTA CRUZ","SANTA CRUZ",-122.02532031,36.961879060000001
8518462,2017,2017-12-22,4402,2017-11-14,1610,140,4402,2,5,5,4402,0,0,0,,0,,BROADWAY,"RIVERSIDE AV",5.00,E,N,A,-,N,,,,,,,,,,N,2,0,2,3,A,-,10,21950,A,N,G,B,B,A,H,-,A,D,0,Y,,,,Y,,A,01,2,0,0,0,2,0,0,0,0,"- ","- ",,,"SANTA CRUZ","SANTA CRUZ",-122.02158566,36.971737509999997
8523475,2017,2018-01-02,4402,2017-11-23,1138,170,4402,4,5,5,4402,0,0,0,,0,000,"WEST CLIFF DR","PELTON AV",590.00,W,N,B,-,N,,,,,,,,,,N,3,0,1,2,A,-,09,21801,A,N,D,G,A,A,H,-,A,D,0,,Y,Y,,Y,,C,02,0,1,0,0,0,0,1,0,0,"- ","- ",,,"SANTA CRUZ","SANTA CRUZ",-122.02554726,36.953239590000003
8523659,2017,2018-01-04,4402,2017-12-13,1051,140,4402,3,5,5,4402,0,0,0,,0,,"LAUREL ST","CENTER ST",0.00,,Y,A,-,N,,,,,,,,,,N,4,0,1,2,A,-,10,21950,A,N,G,B,B,A,H,-,A,A,0,Y,,,,Y,,A,01,0,0,1,0,1,0,0,0,0,"- ","- ",,,"SANTA CRUZ","SANTA CRUZ",-122.02724990999999,36.968930110000002
8523667,2017,2018-01-04,4402,2017-12-02,0317,141,SANTA,6,5,5,4402,0,0,0,,0,000,"RIVER ST","SOQUEL AV",185.00,N,N,A,-,N,,,,,,,,,,Y,2,0,1,2,A,-,01,23152,A,N,C,E,A,A,H,-,C,D,0,,,,,Y,Y,A,01,1,0,0,0,0,0,0,0,0,"- ","- ",,,"SANTA CRUZ","SANTA CRUZ",-122.02368941,36.973952410000003
8524241,2017,2018-01-10,4401,2017-11-27,1752,536,4401,1,5,3,4401,0,0,0,,0,010,"CAPITOLA AV","STOCKTON AV",0.00,,Y,A,-,N,,,,,,,,,,Y,4,0,1,3,C,-,18,,,N,B,C,A,A,H,-,C,D,0,,,Y,,Y,,-,"- ",0,0,1,0,0,0,0,0,1,"- ","- ",,,"SANTA CRUZ",CAPITOLA,-121.95198987000001,36.973080109999998
8527820,2017,2018-01-16,4402,2017-12-05,1652,182,4402,2,5,5,4402,0,0,0,,0,00E,"SOQUEL AV","FREDERICK ST",0.00,,Y,A,-,N,,,,,,,,,,N,4,0,1,2,A,-,08,22100,,N,B,G,A,A,H,-,B,A,0,,Y,,,Y,Y,A,01,0,0,1,0,0,0,1,0,0,"- ","- ",,,"SANTA CRUZ","SANTA CRUZ",-122.00473995,36.981490110000003
8527828,2017,2018-01-16,4402,2017-12-14,1340,147,4402,4,5,5,4402,0,0,0,,0,,"BRANCIFORTE AV","MINNIE ST",0.00,,Y,A,-,N,,,,,,,,,,N,3,0,2,2,A,-,03,22350,,N,C,C,A,A,H,-,A,D,0,,,,,Y,,A,01,0,1,1,0,0,0,0,0,0,"- ","- ",,,"SANTA CRUZ","SANTA CRUZ",-122.01565993,36.977790059999997