CASE_ID,ACCIDENT_YEAR,PROC_DATE,JURIS,COLLISION_DATE,COLLISION_TIME,OFFICER_ID,REPORTING_DISTRICT,DAY_OF_WEEK,CHP_SHIFT,POPULATION,CNTY_CITY_LOC,SPECIAL_COND,BEAT_TYPE,CHP_BEAT_TYPE,CITY_DIVISION_LAPD,CHP_BEAT_CLASS,BEAT_NUMBER,PRIMARY_RD,SECONDARY_RD,DISTANCE,DIRECTION,INTERSECTION,WEATHER_1,WEATHER_2,STATE_HWY_IND,CALTRANS_COUNTY,CALTRANS_DISTRICT,STATE_ROUTE,ROUTE_SUFFIX,POSTMILE_PREFIX,POSTMILE,LOCATION_TYPE,RAMP_INTERSECTION,SIDE_OF_HWY,TOW_AWAY,COLLISION_SEVERITY,NUMBER_KILLED,NUMBER_INJURED,PARTY_COUNT,PRIMARY_COLL_FACTOR,PCF_CODE_OF_VIOL,PCF_VIOL_CATEGORY,PCF_VIOLATION,PCF_VIOL_SUBSECTION,HIT_AND_RUN,TYPE_OF_COLLISION,MVIW,PED_ACTION,ROAD_SURFACE,ROAD_COND_1,ROAD_COND_2,LIGHTING,CONTROL_DEVICE,CHP_ROAD_TYPE,PEDESTRIAN_ACCIDENT,BICYCLE_ACCIDENT,MOTORCYCLE_ACCIDENT,TRUCK_ACCIDENT,NOT_PRIVATE_PROPERTY,ALCOHOL_INVOLVED,STWD_VEHTYPE_AT_FAULT,CHP_VEHTYPE_AT_FAULT,COUNT_SEVERE_INJ,COUNT_VISIBLE_INJ,COUNT_COMPLAINT_PAIN,COUNT_PED_KILLED,COUNT_PED_INJURED,COUNT_BICYCLIST_KILLED,COUNT_BICYCLIST_INJURED,COUNT_MC_KILLED,COUNT_MC_INJURED,PRIMARY_RAMP,SECONDARY_RAMP,LATITUDE,LONGITUDE,COUNTY,CITY,POINT_X,POINT_Y
8627925,2018,2018-06-07,4402,2018-05-04,1958,132,4402,5,5,5,4402,0,0,0,,0,00W,"KING ST","BAY ST",311.00,E,N,A,-,N,,,,,,,,,,Y,4,0,1,2,A,-,01,23152,E,N,B,E,A,A,H,-,B,D,0,,,,,Y,,A,01,0,0,1,0,0,0,0,0,0,"- ","- ",,,"SANTA CRUZ","SANTA CRUZ",-122.04241943359375,36.968822479248047
8632089,2018,2018-07-13,4402,2018-05-11,0724,140,4402,5,5,5,4402,0,0,0,,0,,"CENTER ST","PACIFIC AV",0.00,,Y,B,-,N,,,,,,,,,,N,2,0,1,2,A,-,09,21803,A,N,D,G,A,A,H,-,A,D,0,,Y,,,Y,,D,22,1,0,0,0,0,0,1,0,0,"- ","- ",,,"SANTA CRUZ","SANTA CRUZ",,
8640136,2018,2018-06-26,4402,2018-05-02,1511,194,4402,3,5,5,4402,0,0,0,,0,,"FRONT ST","CATHCART ST",155.00,N,N,A,-,N,,,,,,,,,,N,3,0,1,2,A,-,08,21717,,N,H,G,A,A,H,-,A,D,0,,Y,,,Y,,L,04,0,1,0,0,0,0,1,0,0,"- ","- ",,,"SANTA CRUZ","SANTA CRUZ",-122.02436065673828,36.972332000732422
8643121,2018,2018-06-26,4402,2018-06-04,1804,185JG,4402,1,5,5,4402,0,0,0,,0,000,"BAY ST","ESCALONA DR",0.00,,Y,A,-,N,,,,,,,,,,N,3,0,1,2,A,-,09,21802,A,N,D,G,A,A,H,-,A,A,0,,Y,,,Y,,L,04,0,1,0,0,0,0,1,0,0,"- ","- ",,,"SANTA CRUZ","SANTA CRUZ",-122.04612731933594,36.969490051269531
8643125,2018,2018-06-26,4402,2018-06-03,0125,184,4402,7,5,5,4402,0,0,0,,0,000,"BRANCIFORTE AV","WATER ST",0.00,,Y,A,-,N,,,,,,,,,,Y,2,0,1,2,A,-,12,21453,A,N,D,C,A,A,H,-,C,A,0,,,Y,,Y,Y,C,02,1,0,0,0,0,0,0,0,1,"- ","- ",,,"SANTA CRUZ","SANTA CRUZ",-122.0140380859375,36.981441497802734
8644533,2018,2018-06-26,4402,2018-04-30,0940,151,4402,1,5,5,4402,0,0,0,,0,000,"RIGG ST","CALIFORNIA ST",100.00,W,N,A,-,N,,,,,,,,,,N,4,0,1,2,A,-,11,21954,A,N,G,B,E,A,H,-,A,D,0,Y,,,,Y,,N,60,0,0,1,0,1,0,0,0,0,"- ","- ",,,"SANTA CRUZ","SANTA CRUZ",-122.03490447998047,36.969951629638672
8645987,2018,2018-08-17,4403,2018-06-17,1726,278,316,7,5,4,4403,0,0,0,,0,003,"PALM AV","WILKIE AV",20.00,S,N,A,-,N,,,,,,,,,,Y,4,0,1,4,A,-,01,23152,B,N,C,E,A,A,H,-,A,D,0,,,,,Y,Y,A,08,0,0,1,0,0,0,0,0,0,"- ","- ",,,"SANTA CRUZ",WATSONVILLE,-121.74998474121094,36.92071533203125
8648046,2018,2020-05-22,4403,2018-06-24,0427,381,2-23,7,5,4,4403,0,0,0,,0,002,"MAIN ST",CROSSROADS,0.00,,Y,B,-,Y,SCR,5,152,-,T,1.384,I,6,E,Y,1,1,0,1,A,-,03,22350,,N,E,I,A,A,H,-,C,A,0,,,,,Y,,A,01,0,0,0,0,0,0,0,0,0,"- ","- ",,,"SANTA CRUZ",WATSONVILLE,-121.78079223632812,36.918125152587891
8648192,2018,2020-05-22,4402,2018-07-10,1115,188,4402,2,5,5,4402,0,0,0,,0,000,"MURRAY ST","5TH AV",550.00,W,N,A,-,N,,,,,,,,,,N,1,1,0,2,A,-,05,21650,1,N,H,G,A,A,H,-,A,D,0,,Y,,,Y,,L,04,0,0,0,0,0,1,0,0,0,"- ","- ",,,"SANTA CRUZ","SANTA CRUZ",-122.00149536132812,36.967929840087891
8650595,2018,2018-09-26,4403,2018-08-12,0241,4059,224,7,5,4,4403,0,0,0,,0,002,"HARKINS SLOUGH RD","WESTRIDGE DR",45.00,N,N,B,-,N,,,,,,,,,,Y,4,0,1,1,A,-,01,23152,A,M,E,I,A,A,H,-,C,D,0,,,,,Y,Y,A,01,0,0,1,0,0,0,0,0,0,"- ","- ",,,"SANTA CRUZ",WATSONVILLE,-121.7843017578125,36.914535522460938
8653863,2018,2018-07-10,4403,2018-06-07,2036,372,5-27,4,5,4,4403,0,0,0,,0,005,"AIRPORT BL","HANGAR WY",0.00,,Y,A,-,N,,,,,,,,,,Y,4,0,1,2,A,-,01,23152,A,N,C,C,A,A,H,-,C,A,0,,,,,Y,Y,A,01,0,0,1,0,0,0,0,0,0,"- ","- ",,,"SANTA CRUZ",WATSONVILLE,-121.79113006591797,36.930870056152344
8656495,2018,2018-08-17,4402,2018-06-04,2500,153,4402,1,5,5,4402,0,0,0,,0,000,"CAMPBELL ST","BROADWAY ST",1.00,S,N,A,-,N,,,,,,,,,,N,4,0,1,2,A,-,05,21650,1,N,D,G,A,A,H,-,A,A,0,,Y,,,Y,,L,04,0,0,1,0,0,0,1,0,0,"- ","- ",,,"SANTA CRUZ","SANTA CRUZ",-122.02057647705078,36.972217559814453
8656503,2018,2018-08-17,4402,2018-06-22,2231,139,4402,5,5,5,4402,0,0,0,,0,000,"BEACH ST","WESTBROOK ST",69.00,W,N,A,-,N,,,,,,,,,,N,3,0,1,1,A,-,08,22107,,N,F,-,A,A,H,-,C,D,0,,Y,,,Y,Y,L,04,0,1,0,0,0,0,1,0,0,"- ","- ",,,"SANTA CRUZ","SANTA CRUZ",-122.02138519287109,36.963695526123047
8658010,2018,2018-09-27,4403,2018-07-21,1515,6373,"1 12",6,5,4,4403,0,0,0,,0,001,"UNION ST","ELM ST",86.00,S,N,A,-,N,,,,,,,,,,N,4,0,1,2,B,-,22,,,N,H,G,A,A,H,-,A,D,0,,Y,,,Y,,L,04,0,0,1,0,0,0,1,0,0,"- ","- ",,,"SANTA CRUZ",WATSONVILLE,-121.75333404541016,36.908531188964844
8658014,2018,2018-09-27,4403,2018-07-22,0736,8149,"2 40",7,5,4,4403,0,0,0,,0,002,"BEACH ST","LEE RD",10.00,E,N,A,-,N,,,,,,,,,,Y,3,0,1,1,A,-,03,22350,,N,E,I,A,A,H,-,A,A,0,,,,,Y,,A,01,0,1,0,0,0,0,0,0,0,"- ","- ",,,"SANTA CRUZ",WATSONVILLE,-121.7784423828125,36.897159576416016
8660523,2018,2018-08-21,4403,2018-06-16,1627,6110,111,6,5,4,4403,0,0,0,,0,001,"RIVERSIDE DR","LINCOLN ST",25.00,E,N,A,-,Y,SCR,5,129,-,-,0.360,H,-,E,N,4,0,2,3,A,-,03,22350,,N,C,C,A,A,H,-,A,D,0,,,,,Y,,A,01,0,0,2,0,0,0,0,0,0,"- ","- ",,,"SANTA CRUZ",WATSONVILLE,-121.74843597412109,36.910854339599609
8660879,2018,2018-11-09,4401,2018-06-07,2500,526,4401,4,5,3,4401,0,0,0,,0,,"41ST AV","CLARES ST",0.00,,Y,A,-,N,,,,,,,,,,Y,4,0,3,2,A,-,09,21453,C,N,D,C,A,A,H,-,C,A,0,,,,,Y,,A,08,0,0,3,0,0,0,0,0,0,"- ","- ",,,"SANTA CRUZ",CAPITOLA,-121.96498870849609,36.978340148925781
8663816,2018,2018-07-24,4403,2018-07-11,0730,353,224,3,5,4,4403,0,0,0,,0,002,"W BEACH ST","INDUSTRIAL RD",0.00,,Y,A,-,N,,,,,,,,,,Y,4,0,1,2,A,-,09,21802,A,N,D,C,A,A,H,-,A,A,0,,,Y,,Y,,A,07,0,0,1,0,0,0,0,0,1,"- ","- ",,,"SANTA CRUZ",WATSONVILLE,-121.76963043212891,36.903701782226562
8665334,2018,2018-08-07,4402,2018-05-27,1215,167,4402,7,5,5,4402,0,0,0,,0,,"SAN LORENZO PARK","DAKOTA AV",0.00,,Y,A,-,N,,,,,,,,,,Y,3,0,1,2,B,-,22,,,N,G,B,F,A,G,-,A,D,0,Y,,,,Y,,D,22,0,1,0,0,1,0,0,0,0,"- ","- ",,,"SANTA CRUZ","SANTA CRUZ",-122.021638,36.975279
8666923,2018,2018-10-25,4403,2018-07-16,1441,335,526,1,5,4,4403,0,0,0,,0,005,"MAIN ST","HOLM RD",15.00,S,N,A,-,Y,SCR,5,152,-,T,0.320,H,-,E,N,4,0,1,2,A,-,03,22350,,N,C,C,A,A,H,-,A,D,0,,,,,Y,,D,22,0,0,1,0,0,0,0,0,0,"- ","- ",,,"SANTA CRUZ",WATSONVILLE,-121.79013061523438,36.919651031494141
8667015,2018,2018-07-26,4402,2018-05-02,1511,127,4402,3,5,5,4402,0,0,0,,0,,"MORRISSEY BL","FAIRMOUNT AV",0.00,,Y,A,-,Y,,,,,,,,,,N,3,0,1,2,A,-,12,21453,,N,D,G,A,A,H,-,A,A,0,,Y,,,Y,,A,07,0,1,0,0,0,0,1,0,0,"- ","- ",,,"SANTA CRUZ","SANTA CRUZ",-122.00402069091797,36.987270355224609
8667045,2018,2018-07-25,4402,2018-06-22,1000,127,4402,5,5,5,4402,0,0,0,,0,,"FREDERICK ST","SOQUEL AV",0.00,,Y,A,-,N,,,,,,,,,,N,3,0,1,2,A,-,12,21453,A,F,D,C,A,A,H,-,A,A,0,,,Y,,Y,,A,01,0,1,0,0,0,0,0,0,1,"- ","- ",,,"SANTA CRUZ","SANTA CRUZ",-122.00473785400391,36.981491088867188
8667089,2018,2018-08-21,4402,2018-06-16,2315,140,4402,6,5,5,4402,0,0,0,,0,000,"RT 1","PALM ST",33.00,S,N,A,-,Y,SCR,5,1,-,-,19.170,H,-,S,N,4,0,1,2,A,-,08,22107,,N,B,C,A,A,H,-,C,D,0,,,,,Y,,A,07,0,0,1,0,0,0,0,0,0,"- ","- ",,,"SANTA CRUZ","SANTA CRUZ",-122.04202270507812,36.964706420898438
8667230,2018,2018-10-25,4403,2018-07-25,0938,381,2-23,3,5,4,4403,0,0,0,,0,002,"MAIN ST","RODRIGUEZ ST",0.00,,Y,A,-,Y,SCR,5,152,-,T,2.342,I,5,E,N,4,0,1,2,A,-,12,21453,A,N,D,C,A,A,H,-,A,A,0,,,,,Y,,A,07,0,0,1,0,0,0,0,0,0,"- ","- ",,,"SANTA CRUZ",WATSONVILLE,-121.76433563232422,36.915325164794922
8669812,2018,2018-09-10,4402,2018-07-03,1415,167,4402,2,5,5,4402,0,0,0,,0,000,"WASHINGTON ST","LAUREL ST",35.00,N,N,B,-,N,,,,,,,,,,Y,3,0,1,1,A,-,21,22106,,N,E,I,A,A,H,-,A,C,0,,,,,Y,,D,22,0,1,0,0,0,0,0,0,0,"- ","- ",,,"SANTA CRUZ","SANTA CRUZ",-122.02829742431641,36.968914031982422
8669820,2018,2018-10-02,4402,2018-07-07,2122,159,4402,6,5,5,4402,0,0,0,,0,00E,"SOQUEL AV","SEABRIGHT AV",234.00,W,N,A,-,N,,,,,,,,,,N,2,0,1,2,A,-,03,22350,,N,E,E,A,A,H,-,E,D,0,,Y,,,Y,Y,L,04,1,0,0,0,0,0,1,0,0,"- ","- ",,,"SANTA CRUZ","SANTA CRUZ",-122.01129913330078,36.979434967041016
8670384,2018,2018-08-15,4402,2018-06-23,1050,170,4402,6,5,5,4402,0,0,0,,0,000,"HARVEY WEST BL","SYLVANIA AV",650.00,W,N,A,-,N,,,,,,,,,,N,3,0,3,3,A,-,11,21954,A,N,G,B,D,A,H,-,A,D,0,Y,Y,,,Y,,N,60,0,3,0,0,2,0,1,0,0,"- ","- ",,,"SANTA CRUZ","SANTA CRUZ",-122.03722381591797,36.984439849853516
8670388,2018,2018-08-15,4402,2018-06-27,1827,139,4402,3,5,5,4402,0,0,0,,0,000,"CHESTNUT ST","CHURCH ST",0.00,,Y,A,-,N,,,,,,,,,,Y,3,0,1,2,A,-,09,21802,A,N,D,C,A,A,H,-,A,D,0,,,,,Y,,A,01,0,1,0,0,0,0,0,0,0,"- ","- ",,,"SANTA CRUZ","SANTA CRUZ",-122.03089904785156,36.973751068115234
8671793,2018,2018-08-30,4403,2018-07-31,1356,5906,107,2,5,4,4403,0,0,0,,0,001,"FREEDOM BL","MAIN ST",170.00,N,N,A,-,N,,,,,,,,,,N,4,0,1,2,A,-,03,22350,,N,C,C,A,A,H,-,A,D,0,,,,,Y,,A,01,0,0,1,0,0,0,0,0,0,"- ","- ",,,"SANTA CRUZ",WATSONVILLE,-121.76116943359375,36.915523529052734
8671797,2018,2018-08-30,4403,2018-07-29,1452,358,539,7,5,4,4403,0,0,0,,0,005,"GREEN VALLEY RD","HOME DEPOT DRIVEWAY",0.00,,Y,A,-,N,,,,,,,,,,Y,4,0,1,2,A,-,12,21453,A,N,D,C,A,A,H,-,A,A,0,,,,,Y,,A,01,0,0,1,0,0,0,0,0,0,"- ","- ",,,"SANTA CRUZ",WATSONVILLE,-121.77626600000001,36.931846999999998
8674364,2018,2018-10-25,4403,2018-07-21,2201,5691,3-17,6,5,4,4403,0,0,0,,0,003,"LAKE AV","MARTINELLI ST",0.00,,Y,A,-,Y,SCR,5,152,-,-,1.221,I,5,W,N,3,0,1,1,B,-,22,,,N,H,G,A,A,H,-,C,D,0,,Y,,,Y,Y,L,04,0,1,0,0,0,0,1,0,0,"- ","- ",,,"SANTA CRUZ",WATSONVILLE,-121.74612426757812,36.924953460693359
8674401,2018,2018-10-25,4403,2018-07-18,2000,5760,3-16,3,5,4,4403,0,0,0,,0,003,"LAKE AV","TUTTLE AV",0.00,,Y,B,-,Y,SCR,5,152,-,-,1.040,I,5,E,Y,4,0,1,2,A,-,12,21453,A,N,D,C,A,A,H,-,B,A,0,,,,,Y,,A,01,0,0,1,0,0,0,0,0,0,"- ","- ",,,"SANTA CRUZ",WATSONVILLE,-121.75688171386719,36.910251617431641
8676717,2018,2018-08-20,4401,2018-06-22,0901,520,,5,5,3,4401,0,0,0,,0,006,"CLIFF DR","WHARF RD",770.00,S,N,A,-,N,,,,,,,,,,Y,4,0,1,2,A,-,03,22350,,N,C,C,A,A,H,-,A,A,0,,,,,Y,,A,01,0,0,1,0,0,0,0,0,0,"- ","- ",,,"SANTA CRUZ",CAPITOLA,-121.95522308349609,36.970394134521484
8678235,2018,2018-10-05,4402,2018-07-18,2345,125,4402,3,5,5,4402,0,0,0,,0,,"WESTERN CT","WESTERN DR",200.00,E,N,A,-,N,,,,,,,,,,N,4,0,1,2,A,-,21,22106,,N,G,B,E,A,H,-,B,D,0,Y,,,,Y,,A,01,0,0,1,0,1,0,0,0,0,"- ","- ",,,"SANTA CRUZ","SANTA CRUZ",-122.05760192871094,36.968120574951172
8678408,2018,2018-08-30,4402,2018-07-28,0136,187,4402,6,5,5,4402,0,0,0,,0,000,"PELTON AV","LAGUNA ST",105.00,W,N,A,-,N,,,,,,,,,,N,3,0,1,1,A,-,03,22350,,N,F,A,A,A,A,-,D,D,0,,Y,,,Y,Y,L,04,0,1,0,0,0,0,1,0,0,"- ","- ",,,"SANTA CRUZ","SANTA CRUZ",-122.03006744384766,36.95428466796875
8678432,2018,2018-08-30,4404,2018-07-06,2114,5211,4404,5,5,3,4404,0,0,0,,0,SOUTH,"KINGS VILLAGE RD","BLUEBONNET LN",0.00,,Y,A,-,N,,,,,,,,,,N,3,0,1,2,A,-,10,21950,A,N,G,B,B,A,H,-,B,D,0,Y,,,,Y,,A,01,0,1,0,0,1,0,0,0,0,"- ","- ",37.049358367919922,-122.02861785888672,"SANTA CRUZ","SCOTTS VALLEY",-122.02809906005859,37.050018310546875
8678502,2018,2018-09-04,4404,2018-06-30,2005,5271,4404,6,5,3,4404,0,0,0,,0,00S,"MT HERMON RD","WHISPERING PINES DR",0.00,,Y,A,-,N,,,,,,,,,,Y,3,0,2,2,A,-,09,21453,C,N,F,C,A,A,H,-,B,A,0,,,,,Y,,A,01,0,2,0,0,0,0,0,0,0,"- ","- ",37.042709350585938,-122.02529144287109,"SANTA CRUZ","SCOTTS VALLEY",-122.02512359619141,37.043201446533203
8680170,2018,2018-08-30,4401,2018-07-06,1607,532,4401,5,5,3,4401,0,0,0,,0,,"WHARF RD","GRACE ST",46.00,S,N,A,-,N,,,,,,,,,,Y,3,0,2,2,A,-,08,22107,,N,A,C,A,A,H,-,A,D,0,,,,,Y,,A,01,0,2,0,0,0,0,0,0,0,"- ","- ",,,"SANTA CRUZ",CAPITOLA,-121.95663452148438,36.976028442382812
8680178,2018,2018-08-30,4401,2018-07-19,1714,532,4401,4,5,3,4401,0,0,0,,0,007,"WHARF RD","WOOLSEY CIR",442.00,N,N,A,-,N,,,,,,,,,,N,4,0,1,2,A,-,03,22350,,N,C,C,A,-,H,-,A,D,0,,,,,Y,,A,01,0,0,1,0,0,0,0,0,0,"- ","- ",,,"SANTA CRUZ",CAPITOLA,-121.95970153808594,36.981746673583984
8682039,2018,2018-09-12,4402,2018-07-16,1607,167,4402,1,5,5,4402,0,0,0,,0,,"MUNICIPAL WHARF","BEACH ST",1300.00,S,N,A,-,N,,,,,,,,,,N,2,0,1,2,A,-,11,21954,A,N,G,B,D,A,H,-,A,D,0,Y,,,,Y,,D,22,1,0,0,0,1,0,0,0,0,"- ","- ",,,"SANTA CRUZ","SANTA CRUZ",-122.02042388916016,36.960533142089844
8682111,2018,2018-09-18,4402,2018-08-06,1815,162,4402,1,5,5,4402,0,0,0,,0,000,"BAY ST","ESCALONA DR",0.00,,Y,A,-,N,,,,,,,,,,N,3,0,1,1,A,-,03,22350,,N,H,A,A,-,H,-,A,D,0,,,Y,,Y,,C,02,0,1,0,0,0,0,0,0,1,"- ","- ",,,"SANTA CRUZ","SANTA CRUZ",-122.04612731933594,36.969490051269531
8683135,2018,2018-08-27,4402,2018-08-11,0715,125,4402,6,5,5,4402,0,0,0,,0,000,"MORRISSEY BL","FAIRMOUNT AV",60.00,N,N,A,-,N,,,,,,,,,,N,3,0,1,2,A,-,08,22107,,F,H,G,A,A,H,-,A,A,0,,Y,,,Y,,L,04,0,1,0,0,0,0,1,0,0,"- ","- ",,,"SANTA CRUZ","SANTA CRUZ",-122.00392150878906,36.987415313720703
8683139,2018,2018-09-10,4402,2018-08-02,2012,176,4402,4,5,5,4402,0,0,0,,0,00W,"WEST CLIFF DR","WOODROW AV",83.00,W,N,A,-,N,,,,,,,,,,N,3,0,1,2,A,-,08,22107,,N,H,J,A,A,H,-,A,D,0,,Y,,,Y,,-,"- ",0,1,0,0,0,0,1,0,0,"- ","- ",,,"SANTA CRUZ","SANTA CRUZ",-122.03748321533203,36.953037261962891
8683290,2018,2018-08-24,4402,2018-06-15,2315,146,4402,5,5,5,4402,0,0,0,,0,000,"GOLF CLUB DR","RIVER ST",10.00,W,N,A,-,N,,,,,,,,,,N,4,0,1,1,A,-,03,22350,,N,F,A,A,A,H,-,C,D,0,,Y,,,Y,,L,04,0,0,1,0,0,0,1,0,0,"- ","- ",,,"SANTA CRUZ","SANTA CRUZ",-122.03113555908203,36.989490509033203
8688425,2018,2018-09-11,4403,2018-07-26,2046,380,316,4,5,4,4403,0,0,0,,0,003,"MARTINELLI ST","NEVADA ST",0.00,,Y,A,-,N,,,,,,,,,,N,4,0,1,2,A,-,09,21802,A,N,H,G,A,A,H,-,C,A,0,,Y,,,Y,Y,L,04,0,0,1,0,0,0,1,0,0,"- ","- ",,,"SANTA CRUZ",WATSONVILLE,-121.74761199951172,36.925350189208984
8688454,2018,2018-09-11,4403,2018-08-26,2346,398,2-24,7,5,4,4403,0,0,0,,0,002,"WALKER ST","6TH ST",4.00,N,N,A,-,N,,,,,,,,,,Y,4,0,1,1,A,-,08,22107,,N,E,I,A,A,H,-,C,D,0,,,,,Y,,A,01,0,0,1,0,0,0,0,0,0,"- ","- ",,,"SANTA CRUZ",WATSONVILLE,-121.76548004150391,36.910427093505859
8689133,2018,2018-10-26,4402,2018-07-18,2500,167,4402,3,5,5,4402,0,0,0,,0,,"RT 1","LOCUST ST",0.00,,Y,A,-,Y,SCR,5,1,-,-,18.321,I,5,S,N,3,0,1,2,C,-,18,,,N,F,A,A,D,G,-,A,D,0,,,Y,Y,Y,,-,"- ",0,1,0,0,0,0,0,0,1,"- ","- ",,,"SANTA CRUZ","SANTA CRUZ",-122.03398132324219,36.974807739257812
8689167,2018,2018-12-28,4402,2018-08-10,0537,128,4402,5,5,5,4402,0,0,0,,0,,"RT 1","MISSION ST",0.00,,Y,A,-,Y,SCR,5,1,-,-,18.240,H,-,N,N,2,0,1,2,A,-,16,24002,A,N,F,A,A,D,G,-,B,A,0,,,Y,,Y,,I,10,1,0,0,0,0,0,0,0,1,"- ","- ",,,"SANTA CRUZ","SANTA CRUZ",-122.0330810546875,36.975772857666016
8689173,2018,2018-09-13,4401,2018-06-06,0945,3654,,3,5,3,4401,0,0,0,,0,,"41ST AV","RT 1",0.00,,Y,B,-,Y,SCR,5,1,-,-,13.801,R,4,S,Y,4,0,1,2,A,-,12,21453,A,N,D,A,A,A,H,-,A,A,0,,,,,Y,,A,01,0,0,1,0,0,0,0,0,0,"- ","- ",,,"SANTA CRUZ",CAPITOLA,-121.96775817871094,36.982852935791016
8697801,2018,2018-10-04,4402,2018-09-14,0804,420,4402,5,5,5,4402,0,0,0,,0,,"OCEAN ST","COLOMA ST",102.00,N,N,A,-,N,,,,,,,,,,N,3,0,1,2,A,-,17,22517,,N,H,G,A,A,H,-,A,D,0,,Y,,,Y,,A,01,0,1,0,0,0,0,1,0,0,"- ","- ",,,"SANTA CRUZ","SANTA CRUZ",-122.021728515625,36.980548858642578
8697805,2018,2018-10-04,4402,2018-09-15,1128,420,4402,6,5,5,4402,0,0,0,,0,,"BEACH ST","PACIFIC AV",18.00,E,N,A,-,N,,,,,,,,,,N,3,0,1,1,A,-,08,22107,,N,F,A,A,A,G,-,A,D,0,,Y,,,Y,,L,04,0,1,0,0,0,0,1,0,0,"- ","- ",,,"SANTA CRUZ","SANTA CRUZ",-122.02416229248047,36.962810516357422
8700688,2018,2019-01-02,4403,2018-09-01,1455,4558,3-14,6,5,4,4403,0,0,0,,0,003,"BECK ST","LAKE AV",0.00,,Y,A,-,Y,SCR,5,152,-,-,0.714,I,6,E,N,4,0,2,3,A,-,10,21950,A,M,G,B,B,A,H,-,A,D,0,Y,,,,Y,,A,01,0,0,2,0,2,0,0,0,0,"- ","- ",,,"SANTA CRUZ",WATSONVILLE,-121.75688934326172,36.910251617431641
8701088,2018,2018-09-25,4401,2018-08-13,2013,482,4401,1,5,3,4401,0,0,0,,0,,"BAY AV","HILL AV",213.00,N,N,A,-,N,,,,,,,,,,N,4,0,1,2,A,-,08,22107,,N,D,G,A,A,H,-,B,A,0,,Y,,,Y,,A,01,0,0,1,0,0,0,1,0,0,"- ","- ",,,"SANTA CRUZ",CAPITOLA,-121.95596313476562,36.981559753417969
8701180,2018,2018-11-02,4403,2018-08-28,2129,5760,109,2,5,4,4403,0,0,0,,0,001,"MAIN ST","BEACH ST",0.00,,Y,A,-,Y,SCR,5,152,-,T,2.928,I,5,W,Y,4,0,1,2,A,-,12,21453,A,N,A,C,A,A,H,-,C,A,0,,,,,Y,,-,"- ",0,0,1,0,0,0,0,0,0,"- ","- ",,,"SANTA CRUZ",WATSONVILLE,-121.75689697265625,36.910247802734375
8705644,2018,2018-10-15,4402,2018-09-06,1530,165,4402,4,5,5,4402,0,0,0,,0,000,"LA FONDA AV","RT 1",234.00,S,N,A,-,Y,,,,,,,,,,N,4,0,1,2,A,-,05,21460,A,N,G,B,D,A,H,-,A,A,0,Y,,,,Y,,D,22,0,0,1,0,1,0,0,0,0,"- ","- ",,,"SANTA CRUZ","SANTA CRUZ",-121.99345397949219,36.987377166748047
8709334,2018,2018-10-10,4402,2018-09-10,0630,188,4402,1,5,5,4402,0,0,0,,0,000,"WATER ST","BENITO AV",0.00,,Y,-,-,N,,,,,,,,,,N,4,0,1,2,A,-,"- ",,,M,H,G,A,A,H,-,D,D,0,,Y,,,Y,Y,L,04,0,0,1,0,0,0,1,0,0,"- ","- ",,,"SANTA CRUZ","SANTA CRUZ",-122.01206970214844,36.981430053710938
8709768,2018,2018-10-11,4402,2018-09-11,1334,167,4402,2,5,5,4402,0,0,0,,0,000,"SOQUEL AV","PENNSYLVANIA AV",90.00,W,N,A,-,Y,,,,,,,,,,Y,4,0,1,2,A,-,09,21804,A,N,D,C,A,A,H,-,A,D,0,,,,,Y,,D,22,0,0,1,0,0,0,0,0,0,"- ","- ",,,"SANTA CRUZ","SANTA CRUZ",-122.01320648193359,36.978431701660156
8709788,2018,2018-10-11,4401,2018-09-21,1545,520,,5,5,3,4401,0,0,0,,0,003,"CAPITOLA RD",THOMPSON,0.00,,Y,A,-,Y,,,,,,,,,,N,3,0,1,2,A,-,08,22107,,N,D,C,A,A,H,-,A,D,0,,,,,Y,,-,,0,1,0,0,0,0,0,0,0,"- ","- ",,,"SANTA CRUZ",CAPITOLA,-121.97093200683594,36.973690032958984
8716657,2018,2018-10-23,4402,2018-08-18,2351,146,4402,6,5,5,4402,0,0,0,,0,000,"SOQUEL AV","OCEAN ST",70.00,E,N,A,-,N,,,,,,,,,,N,2,0,1,2,A,-,11,21954,A,F,G,B,D,A,H,-,E,A,0,Y,,,,Y,,N,60,1,0,0,0,1,0,0,0,0,"- ","- ",,,"SANTA CRUZ","SANTA CRUZ",-122.01869201660156,36.974624633789062
8717339,2018,2018-10-18,4403,2018-08-31,0530,5691,3-5,5,5,4,4403,0,0,0,,0,003,"TUTTLE AV","ROGERS AV",104.00,S,N,A,-,N,,,,,,,,,,Y,4,0,1,1,A,-,03,22350,,N,E,I,A,A,H,-,B,D,0,,,,,Y,,A,01,0,0,1,0,0,0,0,0,0,"- ","- ",,,"SANTA CRUZ",WATSONVILLE,-121.75440216064453,36.923690795898438
8717735,2018,2018-10-17,4403,2018-09-23,0342,383,4-38,7,5,4,4403,0,0,0,,0,004,"FREEDOM BL","CLIFFORD AV",70.00,N,N,A,-,N,,,,,,,,,,N,4,0,1,2,A,-,08,22107,,F,H,G,A,A,H,-,D,D,0,,Y,,,Y,Y,A,08,0,0,1,0,0,0,1,0,0,"- ","- ",,,"SANTA CRUZ",WATSONVILLE,-121.76835632324219,36.930450439453125
8718402,2018,2019-01-10,4403,2018-10-02,1624,459,113,2,5,4,4403,0,0,0,,0,001,"BRIDGE ST","BLACKBURN ST",66.00,E,N,A,-,Y,SCR,5,129,-,-,0.540,I,6,W,Y,3,0,1,2,A,-,09,21800,C,N,D,C,A,A,H,-,A,A,0,,,,,Y,,-,"- ",0,1,0,0,0,0,0,0,0,"- ","- ",,,"SANTA CRUZ",WATSONVILLE,-121.74577331542969,36.912376403808594
8722392,2018,2018-11-02,4403,2018-10-24,1144,324,"1  09",3,5,4,4403,0,0,0,,0,001,"RODRIGUEZ ST","1ST ST",0.00,,Y,A,-,N,,,,,,,,,,Y,4,0,1,2,A,-,09,21802,A,N,D,C,A,A,H,-,A,A,0,,,,,Y,,A,01,0,0,1,0,0,0,0,0,0,"- ","- ",,,"SANTA CRUZ",WATSONVILLE,-121.755126953125,36.906818389892578