CASE_ID,ACCIDENT_YEAR,PROC_DATE,JURIS,COLLISION_DATE,COLLISION_TIME,OFFICER_ID,REPORTING_DISTRICT,DAY_OF_WEEK,CHP_SHIFT,POPULATION,CNTY_CITY_LOC,SPECIAL_COND,BEAT_TYPE,CHP_BEAT_TYPE,CITY_DIVISION_LAPD,CHP_BEAT_CLASS,BEAT_NUMBER,PRIMARY_RD,SECONDARY_RD,DISTANCE,DIRECTION,INTERSECTION,WEATHER_1,WEATHER_2,STATE_HWY_IND,CALTRANS_COUNTY,CALTRANS_DISTRICT,STATE_ROUTE,ROUTE_SUFFIX,POSTMILE_PREFIX,POSTMILE,LOCATION_TYPE,RAMP_INTERSECTION,SIDE_OF_HWY,TOW_AWAY,COLLISION_SEVERITY,NUMBER_KILLED,NUMBER_INJURED,PARTY_COUNT,PRIMARY_COLL_FACTOR,PCF_CODE_OF_VIOL,PCF_VIOL_CATEGORY,PCF_VIOLATION,PCF_VIOL_SUBSECTION,HIT_AND_RUN,TYPE_OF_COLLISION,MVIW,PED_ACTION,ROAD_SURFACE,ROAD_COND_1,ROAD_COND_2,LIGHTING,CONTROL_DEVICE,CHP_ROAD_TYPE,PEDESTRIAN_ACCIDENT,BICYCLE_ACCIDENT,MOTORCYCLE_ACCIDENT,TRUCK_ACCIDENT,NOT_PRIVATE_PROPERTY,ALCOHOL_INVOLVED,STWD_VEHTYPE_AT_FAULT,CHP_VEHTYPE_AT_FAULT,COUNT_SEVERE_INJ,COUNT_VISIBLE_INJ,COUNT_COMPLAINT_PAIN,COUNT_PED_KILLED,COUNT_PED_INJURED,COUNT_BICYCLIST_KILLED,COUNT_BICYCLIST_INJURED,COUNT_MC_KILLED,COUNT_MC_INJURED,PRIMARY_RAMP,SECONDARY_RAMP,LATITUDE,LONGITUDE,COUNTY,CITY,POINT_X,POINT_Y
90015525,2015,2015-10-19,9720,2015-09-01,1440,021053,,2,2,9,4400,0,1,3,,2,020,"SR-1 S/B","MORRISSEY BLVD",300.00,S,N,A,-,Y,,,,,,,,,,N,4,0,2,2,A,-,07,21658,A,N,E,I,A,A,H,-,A,D,0,,,,,Y,,A,01,0,0,2,0,0,0,0,0,0,"- ","- ",36.988300000000002,-122.0081,"SANTA CRUZ",UNINCORPORATED,,
90015634,2015,2015-10-19,9720,2015-09-02,1325,015349,,3,1,9,4400,0,2,4,,1,021,"SOQUEL DRIVE","MONROE AVE.",240.00,S,N,A,-,N,,,,,,,,,,Y,4,0,1,2,A,-,08,22107,,N,B,E,A,A,H,-,A,D,0,,,,,Y,,A,01,0,0,1,0,0,0,0,0,0,"- ","- ",36.971690000000002,-121.87555,"SANTA CRUZ",UNINCORPORATED,-121.88584252,36.976014390000003
90016002,2015,2015-10-19,9720,2015-08-31,1255,021065,,1,1,9,4400,0,3,5,,2,300,"WHITING RD","DI CICCO TERRACE",188.00,W,N,A,-,N,,,,,,,,,,Y,3,0,1,1,A,-,01,23152,A,N,E,I,A,A,H,-,A,D,0,,,,,Y,Y,D,22,0,1,0,0,0,0,0,0,0,"- ","- ",36.954749999999997,-121.73999999999999,"SANTA CRUZ",UNINCORPORATED,-121.73941000000001,36.95505
90016470,2015,2015-10-19,9720,2015-09-04,1736,019653,,5,2,9,4400,0,1,3,,2,020,"SR-1 S/B TO FREEDOM BLVD.","FREEDOM BLVD",71.00,N,N,A,-,Y,,,1,,,,R,,S,Y,4,0,2,3,A,-,01,23152,A,N,C,C,A,A,H,-,A,A,0,,,,,Y,Y,A,07,0,0,2,0,0,0,0,0,0,"- ","- ",36.969380000000001,-121.86809,"SANTA CRUZ",UNINCORPORATED,-121.86809,36.969380000000001
90016911,2015,2015-10-19,9720,2015-08-30,1100,018083,,7,1,9,4400,0,3,5,,2,200,"HIGHLAND WAY","SPANISH RANCH RD",9504.00,E,N,A,-,N,,,,,,,,,,N,2,0,1,1,A,-,03,22350,,N,F,A,A,A,A,-,A,D,0,,Y,,,Y,,L,04,1,0,0,0,0,0,1,0,0,"- ","- ",37.096899999999998,-121.87905000000001,"SANTA CRUZ",UNINCORPORATED,-121.87916078000001,37.096876700000003
90016922,2015,2015-10-19,9720,2015-08-31,0640,014931,,1,1,9,4400,0,3,5,,2,300,"CARLTON RD","THOMPSON RD",0.00,,Y,B,-,N,,,,,,,,,,Y,4,0,1,2,A,-,03,22350,,N,D,C,A,A,H,-,A,A,0,,,,,Y,,A,01,0,0,1,0,0,0,0,0,0,"- ","- ",36.938459999999999,-121.70663,"SANTA CRUZ",UNINCORPORATED,-121.70665998,36.938300050000002
90017803,2015,2015-10-19,9720,2015-09-05,1550,019653,,6,2,9,4400,0,1,3,,1,035,SR-129,"MURPHY CROSSING RD",7920.00,E,N,A,-,Y,,,129,,,,,,,Y,2,0,1,1,A,-,08,22107,,N,E,I,A,A,H,-,A,D,0,,,Y,,Y,,C,02,1,0,0,0,0,0,0,0,1,"- ","- ",36.905410000000003,-121.61351000000001,"SANTA CRUZ",UNINCORPORATED,-121.61310648,36.905992959999999
90018238,2015,2015-10-19,9720,2015-09-06,1720,018976,,7,2,9,4400,0,3,5,,2,300,"COLLEGE RD","CUTTER DR",13.00,E,N,A,-,N,,,,,,,,,,Y,4,0,1,2,A,-,03,22350,,N,C,C,A,A,H,-,A,A,0,,,,,Y,,A,01,0,0,1,0,0,0,0,0,0,"- ","- ",36.934109999999997,-121.73777,"SANTA CRUZ",UNINCORPORATED,-121.73777672999999,36.934071699999997
90018655,2015,2015-10-19,9720,2015-09-07,0055,019692,,1,3,9,4400,0,2,4,,1,016,"GRAHAM HILL RD","LOCKWOOD LN",1056.00,N,N,A,-,N,,,,,,,,,,Y,2,0,1,1,A,-,01,23152,A,N,E,I,A,A,H,-,D,D,0,,,Y,,Y,Y,C,02,1,0,0,0,0,0,0,0,1,"- ","- ",37.041939999999997,-122.04722,"SANTA CRUZ",UNINCORPORATED,-122.04405742,37.039409360000001
90018702,2015,2015-10-19,9720,2015-09-08,0750,014931,,2,1,9,4400,0,1,3,,2,030,"SR-1 N/B","BUENA VISTA DR",2112.00,N,N,A,-,Y,,,1,,,,,,N,Y,4,0,2,3,A,-,03,22350,,N,B,C,A,A,H,-,A,D,0,,,,,Y,,A,01,0,0,2,0,0,0,0,0,0,"- ","- ",36.934750000000001,-121.82092,"SANTA CRUZ",UNINCORPORATED,-121.82092075,36.934747700000003
90018750,2015,2015-10-19,9720,2015-09-08,0715,015349,,2,1,9,4400,0,1,3,,2,030,"STATE ROUTE 1 NORTHBOUND","MAR MONTE AVE",3168.00,S,N,A,-,Y,,,1,,,,,,N,N,4,0,1,2,A,-,03,22350,,N,C,C,A,A,H,-,A,D,0,,,,,Y,,D,22,0,0,1,0,0,0,0,0,0,"- ","- ",36.943680000000001,-121.84242999999999,"SANTA CRUZ",UNINCORPORATED,-121.84245702,36.94363646
90018848,2015,2015-10-19,9720,2015-09-08,1455,021053,,2,2,9,4400,0,2,4,,1,032,"GREEN VALLEY RD","HOLOHAN RD",0.00,,Y,A,-,N,,,,,,,,,,N,4,0,1,2,A,-,09,21800,A,N,D,C,A,A,H,-,A,A,0,,,Y,,Y,,A,01,0,0,1,0,0,0,0,0,1,"- ","- ",36.930900000000001,-121.7619,"SANTA CRUZ",UNINCORPORATED,-121.76946992000001,36.941060010000001
90019293,2015,2015-10-19,9720,2015-09-09,2210,020562,,3,3,9,4400,0,1,3,,1,010,SR-1,"CANYON RD",1003.00,N,N,E,-,Y,,,1,,,,,,,Y,3,0,2,1,A,-,08,22107,,N,E,I,A,A,H,-,D,D,0,,,,,Y,,A,07,0,2,0,0,0,0,0,0,0,"- ","- ",37.097389999999997,-122.28012,"SANTA CRUZ",UNINCORPORATED,-122.28014494,37.097346909999999
90019372,2015,2015-10-19,9720,2015-09-10,0745,015748,,4,1,9,4400,0,1,3,,2,020,"SR-1 N/B FROM RIO DEL MAR BLVD","RIO DEL MAR BLVD",2.00,N,N,A,-,Y,,,,,,,,,,N,4,0,1,2,A,-,10,21950,A,N,G,B,B,A,H,-,A,A,0,Y,,,,Y,,-,99,0,0,1,0,1,0,0,0,0,"- ","- ",36.37236,-121.92867,"SANTA CRUZ",UNINCORPORATED,-121.88620665000001,36.975101330000001
90019501,2015,2015-10-19,9720,2015-09-10,1200,015349,,4,1,9,4400,0,1,3,,2,030,"STATE ROUTE 1  NORTHBOUND","MAR MONTE AVE",2640.00,S,N,A,-,Y,,,1,,,,,,N,Y,3,0,1,1,A,-,08,22107,,N,F,A,A,A,H,-,A,D,0,,,,,Y,,A,01,0,1,0,0,0,0,0,0,0,"- ","- ",36.94462,-121.8439,"SANTA CRUZ",UNINCORPORATED,-121.84393226,36.944570759999998
90019716,2015,2015-10-19,9720,2015-09-11,0900,018071,,5,1,9,4400,0,1,3,,2,020,"SR-1 N/B","STATE PARD DR",2640.00,S,N,A,-,Y,,,1,,,,,,N,Y,4,0,1,2,A,-,03,22350,,N,C,C,A,A,H,-,A,D,0,,,,,Y,,A,01,0,0,1,0,0,0,0,0,0,"- ","- ",36.975529999999999,-121.90437,"SANTA CRUZ",UNINCORPORATED,-121.90438439,36.975450850000001
90020224,2015,2015-10-19,9720,2015-09-13,1055,017642,,7,1,9,4400,0,1,3,,2,020,"SR-1 S/B","STATE PARD DR",2640.00,N,N,A,-,Y,,,1,,,,,,S,Y,4,0,1,1,A,-,08,22107,,N,E,I,A,A,H,-,A,D,0,,,,,Y,,A,01,0,0,1,0,0,0,0,0,0,"- ","- ",36.981760000000001,-121.91816,"SANTA CRUZ",UNINCORPORATED,-121.91817983999999,36.981693460000002
90021205,2015,2015-10-19,9720,2015-09-14,0630,015170,,1,1,9,4400,0,1,3,,1,017,"SR-17 N/B","SUMMIT RD",3696.00,S,N,B,-,Y,,,,,,,,,,N,4,0,1,2,A,-,03,22350,,N,C,C,A,A,H,-,A,A,0,,,,,Y,,D,23,0,0,1,0,0,0,0,0,0,"- ","- ",33.135120000000001,-121.98335,"SANTA CRUZ",UNINCORPORATED,,
90022615,2015,2015-10-19,9720,2015-09-15,2108,021045,,2,2,9,4400,0,3,5,,2,200,"WILLOWBROOK LN","WIMBLEDON DR",138.00,S,N,A,-,N,,,,,,,,,,Y,3,0,1,2,A,-,08,22107,,N,B,E,A,A,H,-,C,D,0,,,,,Y,,A,07,0,1,0,0,0,0,0,0,0,"- ","- ",36.984999999999999,-121.93380000000001,"SANTA CRUZ",UNINCORPORATED,-121.93374762000001,36.985269049999999
90022907,2015,2016-03-22,9720,2015-09-12,0848,021045,,6,1,9,4400,0,3,5,,2,200,"30TH AVE","PORTOLA DR",68.00,S,N,A,-,N,,,,,,,,,,N,2,0,1,2,A,-,11,21954,A,N,G,B,D,A,H,-,A,D,0,Y,,,,Y,,N,60,1,0,0,0,1,0,0,0,0,"- ","- ",36.963239999999999,-121.97322,"SANTA CRUZ",UNINCORPORATED,-121.97407,36.96349
90022972,2015,2015-10-19,9720,2015-09-16,0852,014931,,3,1,9,4400,0,1,3,,2,030,"SR-1 N/B","MAR MONTE AVE",2112.00,N,N,A,-,Y,,,1,,,,,,N,N,4,0,1,2,A,-,03,22350,,N,C,C,A,A,H,-,A,D,0,,,,,Y,,A,08,0,0,1,0,0,0,0,0,0,"- ","- ",36.954129999999999,-121.85561,"SANTA CRUZ",UNINCORPORATED,-121.85560762,36.954132459999997
90023138,2015,2015-10-19,9720,2015-09-17,1548,019209,,4,2,9,4400,0,2,4,,1,022,"SOQUEL SAN JOSE RD","SHAUNA CT",200.00,N,N,A,-,N,,,,,,,,,,Y,3,0,1,3,A,-,03,22350,,N,C,C,A,A,H,-,A,D,0,,,,,Y,,A,01,0,1,0,0,0,0,0,0,0,"- ","- ",37.001779999999997,-121.95498000000001,"SANTA CRUZ",UNINCORPORATED,-121.95536267999999,37.001228879999999
90023210,2015,2015-10-19,9720,2015-09-18,1600,020897,,5,2,9,4400,0,1,3,,1,034,SR-152,"DELANEY AVE",40.00,W,N,A,-,Y,,,152,,,,,,,Y,4,0,1,3,A,-,03,22350,,N,C,C,A,A,H,-,A,D,0,,,,,Y,,D,22,0,0,1,0,0,0,0,0,0,"- ","- ",36.953040000000001,-121.73041000000001,"SANTA CRUZ",UNINCORPORATED,-121.7304184,36.953048090000003
90023678,2015,2015-10-19,9720,2015-09-19,1520,019213,,6,2,9,4400,0,1,3,,1,017,"SR-17 N/B","SUMMIT RD",2000.00,S,N,A,-,Y,,,17,,,,,,N,N,4,0,2,3,A,-,03,22350,,N,C,C,A,A,H,-,A,D,0,,,,,Y,,A,07,0,0,2,0,0,0,0,0,0,"- ","- ",37.14528,-121.98472,"SANTA CRUZ",UNINCORPORATED,-121.98470657,37.145287039999999
90024010,2015,2015-10-19,9720,2015-09-21,1355,014653,,1,1,9,4400,0,1,3,,2,020,"SR-1 S/B","SOQUEL DR O/C",528.00,N,N,A,-,Y,,,,,,,,,,N,4,0,1,2,A,-,04,21703,,N,C,C,A,A,H,-,A,D,0,,,,Y,Y,,G,26,0,0,1,0,0,0,0,0,0,"- ","- ",36.5914,-121.5916,"SANTA CRUZ",UNINCORPORATED,,
90024186,2015,2015-10-19,9720,2015-09-10,1445,015699,,4,2,9,4400,0,1,3,,1,015,"RT 9","FALL CREEK RD",300.00,N,N,A,-,Y,,,9,,,,,,,Y,4,0,1,2,A,-,03,22350,,N,C,C,A,A,H,-,A,D,0,,,,,Y,,A,07,0,0,1,0,0,0,0,0,0,"- ","- ",37.060360000000003,-122.07959,"SANTA CRUZ",UNINCORPORATED,-122.0796261,37.060345519999998
90024212,2015,2015-10-19,9720,2015-09-16,1222,015170,,3,1,9,4400,0,1,3,,1,017,"N/B SR-17","PASATIEMPO DR",1584.00,S,N,A,-,Y,,,17,,,,,,,Y,3,0,1,2,A,-,03,22350,,F,C,C,A,A,A,-,A,D,0,,,,,Y,,A,01,0,1,0,0,0,0,0,0,0,"- ","- ",36.995510000000003,-122.01921,"SANTA CRUZ",UNINCORPORATED,-122.01936207,36.99543491
90024343,2015,2015-10-19,9720,2015-09-21,1720,019636,,1,2,9,4400,0,1,3,,1,012,SR-236,"RIDGE RD",182.00,S,N,A,-,Y,,,236,,,,,,,Y,4,0,4,2,A,-,09,21801,A,N,A,C,A,A,H,-,A,D,0,,,,,Y,,A,08,0,0,4,0,0,0,0,0,0,"- ","- ",37.134680000000003,-122.14042000000001,"SANTA CRUZ",UNINCORPORATED,-122.14043942000001,37.13466743
90024527,2015,2015-10-19,9720,2015-09-22,0850,015349,,2,1,9,4400,0,1,3,,1,034,"STATE ROUTE 152","COLLEGE ROAD",20.00,W,N,B,-,Y,,,,,,,,,,N,4,0,1,2,A,-,03,22350,,N,C,C,A,A,H,-,A,A,0,,,,,Y,,A,01,0,0,1,0,0,0,0,0,0,"- ","- ",36.936190000000003,-121.73220000000001,"SANTA CRUZ",UNINCORPORATED,,
90024557,2015,2015-10-19,9720,2015-09-22,1515,017642,,2,2,9,4400,0,1,3,,2,020,"SR-1 S/B","STATE PARD DR",18.00,N,N,A,-,Y,,,1,,,,,,S,Y,4,0,1,2,A,-,03,22350,,N,C,C,A,A,H,-,A,D,0,,,,,Y,,A,01,0,0,1,0,0,0,0,0,0,"- ","- ",36.978000000000002,-121.91055,"SANTA CRUZ",UNINCORPORATED,-121.91055937,36.977982079999997
90025144,2015,2015-10-19,9720,2015-09-26,1515,18239,,6,2,9,4400,0,3,5,,2,100,"E. ZAYANTE RD.","MADRONE WAY",528.00,N,N,A,-,N,,,,,,,,,,N,3,0,2,2,A,-,13,22515,A,N,G,B,E,A,H,-,A,D,0,Y,,,,Y,,I,11,0,2,0,0,1,0,0,0,0,"- ","- ",37.087389999999999,-122.04478,"SANTA CRUZ",UNINCORPORATED,-122.04525388,37.08719911
90025851,2015,2015-10-19,9720,2015-09-24,0755,018231,,4,1,9,4400,0,1,3,,2,020,"SR-1 N/B","RIO DEL MAR BLVD",1056.00,N,N,A,-,Y,,,1,,,,,,N,N,4,0,1,3,A,-,03,22350,,N,C,C,A,A,H,-,A,D,0,,,,,Y,,A,01,0,0,1,0,0,0,0,0,0,"- ","- ",36.975320000000004,-121.89331,"SANTA CRUZ",UNINCORPORATED,-121.89330721,36.975275570000001
90026448,2015,2015-10-19,9720,2015-09-23,1840,018508,,3,2,9,4400,0,1,3,,1,010,SR-1,"CEMENT PLANT RD",200.00,N,N,A,-,Y,,,1,,,,,,,N,3,0,1,1,A,-,03,22350,,N,F,A,A,A,A,G,A,D,0,,Y,,,Y,,L,04,0,1,0,0,0,0,1,0,0,"- ","- ",37.013339999999999,-122.19918,"SANTA CRUZ",UNINCORPORATED,-122.19916748999999,37.013362669999999
90026626,2015,2015-10-19,9720,2015-09-28,1415,015170,,1,2,9,4400,0,1,3,,1,017,"SR-17 N/B","SANTA'S VILLAGE DR",528.00,N,N,A,-,Y,,,,,,,,,,Y,3,0,3,3,A,-,03,22350,,N,C,C,A,A,H,-,A,D,0,,,,,Y,,A,07,0,1,2,0,0,0,0,0,0,"- ","- ",37.066479999999999,-121.99775,"SANTA CRUZ",UNINCORPORATED,,
90026642,2015,2015-10-19,9720,2015-09-28,1459,015748,,1,2,9,4400,0,2,4,,1,021,"SOQUEL DR","HOSPITAL DR",30.00,W,N,A,-,N,,,,,,,,,,N,4,0,1,2,A,-,03,22350,,N,C,C,A,A,H,-,A,A,0,,,,,Y,,A,01,0,0,1,0,0,0,0,0,0,"- ","- ",38.340240000000001,-121.20631,"SANTA CRUZ",UNINCORPORATED,-121.98304385,36.98861531
90027507,2015,2015-10-19,9720,2015-09-28,1446,015349,,1,2,9,4400,0,3,5,,2,300,"HARKINS SLOUGH RD","LEE ROAD",286.00,W,N,A,-,N,,,,,,,,,,Y,4,0,1,1,A,-,01,23152,A,N,E,J,A,A,H,-,A,D,0,,,,,Y,Y,A,01,0,0,1,0,0,0,0,0,0,"- ","- ",36.91189,-121.79257,"SANTA CRUZ",UNINCORPORATED,-121.79214964000001,36.911974720000003
90028061,2015,2015-10-19,9720,2015-09-23,0046,21028,,3,3,9,4400,0,1,3,,2,020,"SR-1 S/B","SOQUEL DRIVE",3696.00,S,N,A,-,Y,,,1,,,,,,S,Y,3,0,3,2,A,-,07,21658,A,N,C,C,A,A,H,-,D,D,0,,,,,Y,,J,48,0,1,2,0,0,0,0,0,0,"- ","- ",36.983429999999998,-121.97214,"SANTA CRUZ",UNINCORPORATED,-121.97212132,36.983506030000001
90029387,2015,2015-10-19,9720,2015-09-24,1800,019702,,4,2,9,4400,0,1,3,,2,020,"SR-1 N/B FROM STATE PARK DRIVE","OLD DOMINION CT",70.00,W,N,A,-,Y,,,1,,,,R,,N,N,2,0,1,2,A,-,10,21950,A,N,G,B,C,A,H,-,A,A,0,Y,,,,Y,,A,01,1,0,0,0,1,0,0,0,0,"- ","- ",36.978839999999998,-121.90967999999999,"SANTA CRUZ",UNINCORPORATED,-121.90967999999999,36.978839999999998
90029618,2015,2015-10-19,9720,2015-09-30,0935,015748,,3,1,9,4400,0,1,3,,2,020,"SR-1 N/B","STATE PARD DR",2112.00,N,N,A,-,Y,,,,,,,,,,Y,4,0,1,2,A,-,03,22350,,N,C,C,A,A,H,-,A,D,0,,,,,Y,,A,07,0,0,1,0,0,0,0,0,0,"- ","- ",36.038809999999998,-121.28937000000001,"SANTA CRUZ",UNINCORPORATED,,
90029628,2015,2015-10-19,9720,2015-10-01,1440,018083,,4,2,9,4400,0,2,4,,1,021,"SOQUEL DR","CABRILLO COLLEGE DR",98.00,W,N,A,-,N,,,,,,,,,,N,4,0,1,2,A,-,07,21658,A,N,B,C,A,A,H,-,A,D,0,,,,,Y,,A,01,0,0,1,0,0,0,0,0,0,"- ","- ",36.988500000000002,-121.92546,"SANTA CRUZ",UNINCORPORATED,-121.92538565,36.988445130000002
90030023,2015,2015-10-19,9720,2015-10-03,1405,018231,,6,2,9,4400,0,2,4,,1,021,"SOQUEL DR","GREENBRAE LN",50.00,W,N,A,-,N,,,,,,,,,,Y,4,0,3,2,A,-,09,21804,A,N,D,C,A,A,H,-,A,D,0,,,,,Y,,A,01,0,0,3,0,0,0,0,0,0,"- ","- ",36.987340000000003,-121.96563,"SANTA CRUZ",UNINCORPORATED,-121.96559735,36.987310899999997
90030051,2015,2015-11-02,9720,2015-10-03,1300,018601,,6,1,9,4400,0,3,5,,2,200,"CATHEDRAL DR","MATTISON LN",1584.00,N,N,A,-,N,,,,,,,,,,Y,3,0,1,1,A,-,01,23152,A,M,E,I,A,A,H,-,A,D,0,,,,,Y,Y,A,01,0,1,0,0,0,0,0,0,0,"- ","- ",36.990639999999999,-121.89538,"SANTA CRUZ",UNINCORPORATED,-121.89875169,36.985917800000003
90031699,2015,2015-10-19,9720,2015-09-13,2142,018976,,7,2,9,4400,0,2,4,,1,031,"FREEDOM BLVD","PLEASANT VALLEY RD",1056.00,E,N,B,-,N,,,,,,,,,,Y,1,1,0,1,A,-,08,22107,,N,E,I,A,A,H,-,D,D,0,,,,,Y,,A,01,0,0,0,0,0,0,0,0,0,"- ","- ",36.974710000000002,-121.82335,"SANTA CRUZ",UNINCORPORATED,-121.82270289,36.974262869999997
90032021,2015,2015-10-19,9720,2015-10-05,0650,017642,,1,1,9,4400,0,2,4,,1,032,"GREEN VALLEY RD","MINTO RD",120.00,S,N,B,-,N,,,,,,,,,,N,4,0,1,3,A,-,03,22350,,N,C,C,A,A,H,-,A,A,0,,,,,Y,,A,01,0,0,1,0,0,0,0,0,0,"- ","- ",36.950980000000001,-121.76491,"SANTA CRUZ",UNINCORPORATED,-121.76490121,36.951000409999999
90032256,2015,2015-10-19,9720,2015-10-06,0021,021028,,2,3,9,4400,0,3,5,,2,200,"HUNTINGTON DR","HUNTINGTON CT",588.00,W,N,A,-,N,,,,,,,,,,Y,3,0,1,1,A,-,01,23152,A,N,E,I,A,A,H,-,D,D,0,,,,,Y,Y,A,01,0,1,0,0,0,0,0,0,0,"- ","- ",36.981099999999998,-121.87398,"SANTA CRUZ",UNINCORPORATED,-121.87388568999999,36.981101959999997
90034036,2015,2015-10-19,9720,2015-10-08,1020,018601,,4,1,9,4400,0,3,5,,2,200,"GLEN HAVEN RD.","LAGUNITAS DR.",50.00,N,N,A,-,N,,,,,,,,,,Y,3,0,1,1,A,-,08,22107,,N,E,I,A,A,H,-,A,D,0,,,,,Y,,I,11,0,1,0,0,0,0,0,0,0,"- ","- ",37.017710000000001,-121.93664,"SANTA CRUZ",UNINCORPORATED,-121.94291727,37.002452820000002
90034475,2015,2015-11-16,9720,2015-10-09,1650,018993,,5,2,5,4402,0,1,3,,2,020,"SR-1 S/B","BRANCIFORTE AVE",124.00,N,N,A,-,Y,,,,,,,,,,Y,3,0,2,2,A,-,03,22350,,N,C,C,A,A,H,-,A,D,0,,,,,Y,,A,01,0,1,1,0,0,0,0,0,0,"- ","- ",36.988399999999999,-121.0116,"SANTA CRUZ","SANTA CRUZ",-122.01097,36.98845
90034801,2015,2015-10-20,9720,2015-10-08,2133,021045,,4,2,9,4400,0,1,3,,1,017,"SR-17 S/B","GRANITE CREEK RD",19008.00,S,N,A,-,Y,,,17,,,,,,S,Y,4,0,1,2,A,-,03,22350,,N,C,C,A,A,H,-,C,D,0,,,,,Y,,A,01,0,0,1,0,0,0,0,0,0,"- ","- ",37.04757,-122.01291999999999,"SANTA CRUZ",UNINCORPORATED,-122.01293484999999,37.047580959999998
90040487,2015,2015-10-29,9720,2015-10-16,0610,020897,,5,1,9,4400,0,1,3,,1,017,SR-17,"LAUREL RD",150.00,S,N,A,-,Y,,,17,,,,,,,Y,4,0,2,4,A,-,03,22350,,N,C,C,A,A,H,-,D,D,0,,,,,Y,,D,23,0,0,2,0,0,0,0,0,0,"- ","- ",37.103409999999997,-121.97632,"SANTA CRUZ",UNINCORPORATED,-121.97641591,37.103568549999999
90040496,2015,2015-10-29,9720,2015-10-16,1415,020677,,5,2,9,4400,0,1,3,,1,015,SR-9,"LAZY WOODS DR.",10.00,N,N,A,-,Y,,,9,,,,,,,Y,4,0,1,2,A,-,03,22350,,N,C,C,A,A,H,-,A,D,0,,,,,Y,,A,01,0,0,1,0,0,0,0,0,0,"- ","- ",37.065249999999999,-122.07962000000001,"SANTA CRUZ",UNINCORPORATED,-122.07959233,37.065253720000001
90041197,2015,2015-10-29,9720,2015-10-03,1910,018993,,6,2,9,4400,0,3,5,,2,200,"COX RD.","BLACK MTN RD",528.00,S,N,A,-,N,,,,,,,,,,Y,3,0,2,1,A,-,01,23152,A,N,E,I,A,A,H,-,D,D,0,,,,,Y,Y,A,01,0,2,0,0,0,0,0,0,0,"- ","- ",37.0047,-121.855,"SANTA CRUZ",UNINCORPORATED,-121.85408501000001,37.005683750000003
90041620,2015,2015-10-30,9720,2015-10-12,2132,21028,,1,2,9,4400,0,2,4,,1,031,"FREEDOM BLVD","MCDONALD RD",0.00,,Y,A,-,N,,,,,,,,,,Y,2,0,2,1,A,-,08,22107,,N,F,A,A,A,H,-,D,D,0,,,,,Y,,A,07,1,0,1,0,0,0,0,0,0,"- ","- ",36.986510000000003,-121.85993000000001,"SANTA CRUZ",UNINCORPORATED,-121.86004997000001,36.986390069999999
90043865,2015,2015-11-03,9720,2015-10-20,0720,016242,,2,1,9,4400,0,2,4,,1,021,"SOQUEL DR.","41ST AVE",225.00,W,N,A,-,N,,,,,,,,,,N,4,0,1,2,A,-,09,21801,A,N,D,C,A,A,H,-,A,A,0,,,Y,,Y,,D,22,0,0,1,0,0,0,0,0,1,"- ","- ",36.591200000000001,-121.57599999999999,"SANTA CRUZ",UNINCORPORATED,-121.96573725,36.987286570000002
90044339,2015,2015-11-04,9720,2015-09-13,1057,018071,,7,1,9,4400,0,2,4,,1,021,"SOQUEL DR","THURBER LANE",0.00,,Y,A,-,N,,,,,,,,,,Y,4,0,1,2,A,-,12,21453,A,N,D,C,A,A,H,-,A,A,0,,,,,Y,,A,01,0,0,1,0,0,0,0,0,0,"- ","- ",36.988810000000001,-121.97911999999999,"SANTA CRUZ",UNINCORPORATED,-121.97911987000001,36.988740040000003
90044354,2015,2015-11-04,9720,2015-10-21,1740,021053,,3,2,9,4400,0,2,4,,1,024,"PORTOLA DR","LAUREL AVE",8.00,W,N,A,-,N,,,,,,,,,,Y,4,0,1,2,A,-,05,21460,A,N,B,C,A,A,H,-,A,D,0,,,,,Y,,D,22,0,0,1,0,0,0,0,0,0,"- ","- ",36.965899999999998,-121.9607,"SANTA CRUZ",UNINCORPORATED,-121.96094963,36.966464670000001
90044452,2015,2015-11-04,9720,2015-10-22,1221,014931,,4,1,9,4400,0,3,5,,2,300,"LAKEVIEW RD","PARKWOOD DR",30.00,W,N,A,-,N,,,,,,,,,,N,4,0,1,2,A,-,08,22107,,N,C,E,A,A,H,-,A,D,0,,,,,Y,,A,01,0,0,1,0,0,0,0,0,0,"- ","- ",36.930929999999996,-121.73268,"SANTA CRUZ",UNINCORPORATED,-121.73265523000001,36.930910109999999
90044792,2015,2015-11-04,9720,2015-10-22,1522,021161,,4,2,9,4400,0,3,5,,2,200,"SOQUEL AVE","PAUL MINNIE AVE",200.00,N,N,A,-,N,,,,,,,,,,N,4,0,1,2,A,-,03,22350,,N,C,C,A,A,H,-,A,D,0,,,,,Y,,A,07,0,0,1,0,0,0,0,0,0,"- ","- ",36.986339999999998,-121.98468,"SANTA CRUZ",UNINCORPORATED,-121.98455164000001,36.986362059999998
90044826,2015,2015-11-04,9720,2015-10-23,1500,018993,,5,2,9,4400,0,1,3,,2,020,"SR-1 S/B","41ST AVE",300.00,S,N,A,-,Y,,,1,,,,,,S,N,4,0,1,2,A,-,03,22350,,M,C,C,A,A,H,-,A,D,0,,,Y,,Y,,C,02,0,0,1,0,0,0,0,0,1,"- ","- ",36.982700000000001,-121.962,"SANTA CRUZ",UNINCORPORATED,-121.96200238,36.982731119999997