CASE_ID,ACCIDENT_YEAR,PROC_DATE,JURIS,COLLISION_DATE,COLLISION_TIME,OFFICER_ID,REPORTING_DISTRICT,DAY_OF_WEEK,CHP_SHIFT,POPULATION,CNTY_CITY_LOC,SPECIAL_COND,BEAT_TYPE,CHP_BEAT_TYPE,CITY_DIVISION_LAPD,CHP_BEAT_CLASS,BEAT_NUMBER,PRIMARY_RD,SECONDARY_RD,DISTANCE,DIRECTION,INTERSECTION,WEATHER_1,WEATHER_2,STATE_HWY_IND,CALTRANS_COUNTY,CALTRANS_DISTRICT,STATE_ROUTE,ROUTE_SUFFIX,POSTMILE_PREFIX,POSTMILE,LOCATION_TYPE,RAMP_INTERSECTION,SIDE_OF_HWY,TOW_AWAY,COLLISION_SEVERITY,NUMBER_KILLED,NUMBER_INJURED,PARTY_COUNT,PRIMARY_COLL_FACTOR,PCF_CODE_OF_VIOL,PCF_VIOL_CATEGORY,PCF_VIOLATION,PCF_VIOL_SUBSECTION,HIT_AND_RUN,TYPE_OF_COLLISION,MVIW,PED_ACTION,ROAD_SURFACE,ROAD_COND_1,ROAD_COND_2,LIGHTING,CONTROL_DEVICE,CHP_ROAD_TYPE,PEDESTRIAN_ACCIDENT,BICYCLE_ACCIDENT,MOTORCYCLE_ACCIDENT,TRUCK_ACCIDENT,NOT_PRIVATE_PROPERTY,ALCOHOL_INVOLVED,STWD_VEHTYPE_AT_FAULT,CHP_VEHTYPE_AT_FAULT,COUNT_SEVERE_INJ,COUNT_VISIBLE_INJ,COUNT_COMPLAINT_PAIN,COUNT_PED_KILLED,COUNT_PED_INJURED,COUNT_BICYCLIST_KILLED,COUNT_BICYCLIST_INJURED,COUNT_MC_KILLED,COUNT_MC_INJURED,PRIMARY_RAMP,SECONDARY_RAMP,LATITUDE,LONGITUDE,COUNTY,CITY,POINT_X,POINT_Y
90473709,2017,2017-06-08,9720,2017-05-31,1600,021140,,3,2,9,4400,0,3,5,,2,300,"HAMES ROAD","ENOS LANE",1320.00,E,N,A,-,N,,,,,,,,,,N,3,0,1,2,A,-,09,21801,A,N,D,G,A,A,H,-,A,D,0,,Y,,,Y,,D,22,0,1,0,0,0,0,1,0,0,"- ","- ",36.992550000000001,-121.81246,"SANTA CRUZ",UNINCORPORATED,-121.81231768000001,36.992537609999999
90473728,2017,2017-06-08,9720,2017-05-31,1945,021140,,3,2,9,4400,0,1,3,,1,034,SR-152,"CARLTON ROAD",4488.00,W,N,A,-,Y,,,152,,,,,,,Y,4,0,2,3,A,-,03,22350,,N,C,C,A,A,H,-,A,D,0,,,,,Y,,A,08,0,0,2,0,0,0,0,0,0,"- ","- ",36.947270000000003,-121.73565000000001,"SANTA CRUZ",UNINCORPORATED,-121.73567721000001,36.947294159999998
90473914,2017,2017-06-08,9720,2017-02-02,0740,015170,,4,1,9,4400,0,1,3,,1,010,SR-1,"SWANTON RD (UPPER)",2640.00,S,N,C,-,Y,,,1,,,,,,,Y,1,2,2,2,A,-,05,21460,A,N,A,C,A,B,H,-,A,D,0,,,,,Y,,A,08,2,0,0,0,0,0,0,0,0,"- ","- ",37.078040000000001,-122.26308,"SANTA CRUZ",UNINCORPORATED,-122.26308756,37.078036009999998
90473966,2017,2017-06-08,9720,2017-06-01,1555,021140,,4,2,9,4400,0,2,4,,1,021,"SOQUEL DRIVE","MAPLETHORPE LN",0.00,,Y,A,-,N,,,,,,,,,,Y,4,0,1,2,A,-,09,21802,A,N,D,C,A,A,H,-,A,A,0,,,,,Y,,A,01,0,0,1,0,0,0,0,0,0,"- ","- ",36.98807,-121.9379,"SANTA CRUZ",UNINCORPORATED,-121.93796988,36.988120049999999
90474341,2017,2017-07-27,9720,2017-05-28,0230,021548,,7,3,9,4400,0,1,3,,1,017,"SR-17 N/B","GRANITE CREEK RD O/C",1110.00,N,N,A,-,Y,,,,,,,,,,Y,4,0,1,1,A,-,01,23152,A,M,E,I,A,A,H,-,C,D,0,,,,,Y,,A,01,0,0,1,0,0,0,0,0,0,"- ","- ",37.063920000000003,-122.00245,"SANTA CRUZ",UNINCORPORATED,-122.00275571,37.063814039999997
90474830,2017,2017-06-09,9720,2017-05-25,1315,018071,,4,1,9,4400,0,1,3,,1,017,SR-17,"GLENWOOD DR",0.00,,Y,B,-,Y,,,17,,,,,,,Y,3,0,2,2,A,-,09,21802,A,N,D,C,A,B,H,-,A,A,0,,,,,Y,,A,01,0,2,0,0,0,0,0,0,0,"- ","- ",37.11985,-121.97605,"SANTA CRUZ",UNINCORPORATED,-121.97600075,37.119856380000002
90474900,2017,2017-06-09,9720,2017-06-08,2315,013792,,4,3,9,4400,0,1,3,,1,017,"SR-17 S/B","GLENWOOD DRIVE",1584.00,S,N,B,-,Y,,,17,,,,,,S,Y,4,0,1,1,A,-,08,22107,,N,E,I,A,B,H,-,D,D,0,,,,,Y,,A,01,0,0,1,0,0,0,0,0,0,"- ","- ",37.115519999999997,-121.97542,"SANTA CRUZ",UNINCORPORATED,-121.97541851,37.115521489999999
90475695,2017,2017-06-12,9720,2017-06-05,0330,021161,,1,3,9,4400,0,1,3,,2,030,"SR-1 S/B","BUENA VISTA DR",2640.00,S,N,A,-,Y,,,1,,,,,,S,Y,4,0,1,1,A,-,08,22107,,M,E,I,A,A,H,-,D,D,0,,,,,Y,,A,01,0,0,1,0,0,0,0,0,0,"- ","- ",36.929540000000003,-121.80577,"SANTA CRUZ",UNINCORPORATED,-121.80573945,36.929598040000002
90475751,2017,2017-06-12,9720,2017-06-07,1014,014931,,3,1,9,4400,0,1,3,,2,030,"SR-1 N/B","FREEDOM BLVD",1584.00,S,N,B,-,Y,,,1,,,,,,N,N,4,0,1,2,A,-,03,22350,,N,C,C,A,A,H,-,A,D,0,,,,,Y,,A,01,0,0,1,0,0,0,0,0,0,"- ","- ",36.966479999999997,-121.86847,"SANTA CRUZ",UNINCORPORATED,-121.86842957,36.966522300000001
90476363,2017,2017-06-12,9720,2017-06-06,2005,021140,,2,2,9,4400,0,2,4,,1,021,"SOQUEL DRIVE","MAR VISTA DRIVE",0.00,,Y,A,-,N,,,,,,,,,,Y,2,0,1,2,A,-,01,23153,A,F,D,C,A,A,H,-,B,D,0,,,Y,,Y,Y,A,01,1,0,0,0,0,0,0,0,1,"- ","- ",36.984220000000001,-121.91637,"SANTA CRUZ",UNINCORPORATED,-121.9163499,36.985000049999996
90477453,2017,2017-06-14,9720,2017-06-09,1123,020897,,5,1,9,4400,0,1,3,,1,017,"SR-17 S/B","GLENWOOD DR",1584.00,S,N,B,C,Y,,,,,,,,,,Y,3,0,1,1,A,-,08,22107,,N,E,I,A,B,H,-,A,D,0,,,,,Y,,A,01,0,1,0,0,0,0,0,0,0,"- ","- ",37.118499999999997,-121.97647000000001,"SANTA CRUZ",UNINCORPORATED,,
90477640,2017,2017-06-14,9720,2017-06-09,1842,020805,,5,2,9,4400,0,2,4,,1,024,"EAST CLIFF DRIVE","15TH AVE",125.00,W,N,A,-,N,,,,,,,,,,Y,3,0,1,1,A,-,01,23152,A,N,E,I,A,A,H,-,A,D,0,,,,,Y,Y,A,01,0,1,0,0,0,0,0,0,0,"- ","- ",36.9636,-121.9914,"SANTA CRUZ",UNINCORPORATED,-121.99123799,36.963644909999999
90477862,2017,2017-06-14,9720,2017-06-12,1020,015170,,1,1,9,4400,0,1,3,,1,017,"SR-17 (N/B)","GLENWOOD DR",1056.00,N,N,B,-,Y,,,17,,,,,,,N,4,0,1,2,A,-,17,21658,,N,B,C,A,A,H,-,A,D,0,,,,,Y,,A,01,0,0,1,0,0,0,0,0,0,"- ","- ",37.123089999999998,-121.97271000000001,"SANTA CRUZ",UNINCORPORATED,-121.97280673,37.123103159999999
90479611,2017,2017-06-16,9720,2017-06-14,1325,015170,,3,1,9,4400,0,1,3,,1,017,"SR-17 (S/B)","SUMMIT RD",1056.00,S,N,A,-,Y,,,17,,,,,,,N,4,0,2,3,A,-,03,22350,,N,C,C,A,A,H,-,A,D,0,,,,,Y,,A,07,0,0,2,0,0,0,0,0,0,"- ","- ",37.139949999999999,-121.98448,"SANTA CRUZ",UNINCORPORATED,-121.98445554,37.139960850000001
90480480,2017,2017-06-19,9720,2017-06-10,1320,021248,,6,1,9,4400,0,1,3,,2,020,"SR-1 N/B","PORTER ST",1056.00,S,N,A,-,Y,,,1,,,,,,N,N,3,0,1,2,A,-,03,22350,,N,B,C,A,A,H,-,A,D,0,,,Y,,Y,,C,02,0,1,0,0,0,0,0,0,1,"- ","- ",36.983699999999999,-121.95237,"SANTA CRUZ",UNINCORPORATED,-121.95237132,36.983714820000003
90480602,2017,2017-06-19,9720,2017-06-08,2312,021477,,4,3,9,4400,0,3,5,,2,200,"CATHEDRAL DR","MATTISON LN",1584.00,N,N,B,C,N,,,,,,,,,,N,4,0,1,1,A,-,03,22350,,N,E,I,A,B,H,-,D,D,0,,,,,Y,,A,01,0,0,1,0,0,0,0,0,0,"- ","- ",36.985819999999997,-121.89875000000001,"SANTA CRUZ",UNINCORPORATED,-121.89875169,36.985917800000003
90481211,2017,2017-07-31,9720,2017-06-15,1420,020805,,4,2,9,4400,0,1,3,,1,017,"SR-17 S/B","GLENWOOD DR",0.00,,Y,A,-,Y,,,17,,,,,,S,Y,3,0,1,2,A,-,09,21802,A,N,D,C,A,A,H,-,A,A,0,,,,,Y,,A,07,0,1,0,0,0,0,0,0,0,"- ","- ",37.119799999999998,-121.976,"SANTA CRUZ",UNINCORPORATED,-121.97599137,37.119801500000001
90481296,2017,2017-06-19,9720,2017-06-13,0720,021248,,2,1,9,4400,0,3,5,,2,100,"E. ZAYANTE RD","SYLVAN WAY",233.00,N,N,A,-,N,,,,,,,,,,Y,2,0,1,1,A,-,08,22107,,N,E,I,A,A,H,-,A,D,0,,,,,Y,,A,01,1,0,0,0,0,0,0,0,0,"- ","- ",37.082079999999998,-122.05059,"SANTA CRUZ",UNINCORPORATED,-122.05063036999999,37.082045379999997
90482075,2017,2017-06-20,9720,2017-06-14,1445,021178,,3,2,9,4400,0,2,4,,1,024,"PORTOLA DR","30TH AVE",0.00,,Y,A,-,N,,,,,,,,,,N,3,0,1,2,A,-,09,21801,A,N,D,C,A,A,H,-,A,D,0,,,,,Y,,A,01,0,1,0,0,0,0,0,0,0,"- ","- ",36.963299999999997,-121.973,"SANTA CRUZ",UNINCORPORATED,-121.97406986999999,36.963490010000001
90482082,2017,2017-06-20,9720,2017-06-09,0130,021477,,5,3,9,4400,0,1,3,,1,017,"SR-17 S/B","PASATIEMPO DR",2112.00,S,N,C,-,Y,,,,,,,,,,Y,4,0,1,1,A,-,03,22350,,N,E,I,A,B,H,-,C,D,0,,,,,Y,,A,01,0,0,1,0,0,0,0,0,0,"- ","- ",36.991259999999997,-122.0222,"SANTA CRUZ",UNINCORPORATED,,
90482627,2017,2017-06-21,9720,2017-06-13,2300,021211,,2,3,9,4400,0,3,5,,2,100,"BEAR CREEK RD","BEAR CREEK WAY",528.00,E,N,A,-,N,,,,,,,,,,Y,3,0,1,1,A,-,01,23152,A,N,E,I,A,A,H,-,D,D,0,,,,,Y,Y,A,01,0,1,0,0,0,0,0,0,0,"- ","- ",37.1736,-122.0574,"SANTA CRUZ",UNINCORPORATED,-122.05717418,37.173673020000003
90483430,2017,2017-06-22,9720,2017-06-14,0850,020897,,3,1,9,4400,0,2,4,,1,021,"SOQUEL DR","HOSPITAL DR",0.00,,Y,A,-,N,,,,,,,,,,N,3,0,1,2,D,-,00,,,N,D,G,A,A,H,-,A,D,0,,Y,,,Y,,-,"- ",0,1,0,0,0,0,1,0,0,"- ","- ",36.988669999999999,-121.98296000000001,"SANTA CRUZ",UNINCORPORATED,-121.98294461,36.988649590000001
90483664,2017,2017-06-22,9720,2017-06-18,1435,021140,,7,2,9,4400,0,1,3,,2,020,"SR-1 N/B","PARK AVENUE",1056.00,N,N,A,-,Y,,,1,,,,,,N,N,4,0,1,2,A,-,03,22350,,N,C,C,A,A,H,-,D,D,0,,,,,Y,,A,01,0,0,1,0,0,0,0,0,0,"- ","- ",36.984059999999999,-121.94072,"SANTA CRUZ",UNINCORPORATED,-121.94071992000001,36.984083480000002
90483705,2017,2017-06-22,9720,2017-06-19,1437,021268,,1,2,9,4400,0,1,3,,1,017,"SR-17 S/B","MOUNT HERMON RD",2112.00,S,N,A,-,Y,,,17,,,,,,S,Y,4,0,5,3,A,-,03,22350,,N,C,C,A,A,H,-,A,D,0,,,,,Y,,A,01,0,0,5,0,0,0,0,0,0,"- ","- ",37.031999999999996,-122.0228,"SANTA CRUZ",UNINCORPORATED,-122.02266294,37.031975060000001
90487402,2017,2017-06-26,9720,2017-06-17,2100,021161,,6,2,9,4400,0,3,5,,2,200,"VALENCIA ROAD","GLEN BRAE",800.00,N,N,A,-,N,,,,,,,,,,Y,4,0,1,1,A,-,08,22107,,N,E,I,A,A,H,-,C,D,0,,,,,Y,,A,01,0,0,1,0,0,0,0,0,0,"- ","- ",36.988259999999997,-121.86451,"SANTA CRUZ",UNINCORPORATED,-121.86486633,36.988229820000001
90487989,2017,2017-06-26,9720,2017-06-18,1625,021333,,7,2,9,4400,0,1,3,,1,017,"STATE ROUTE 17 NORTHBOUND","PASATIEMPO DR",100.00,N,N,A,-,Y,,,17,,,,,,N,N,4,0,1,2,A,-,03,22350,,N,C,C,A,A,H,-,A,D,0,,,Y,,Y,,C,02,0,0,1,0,0,0,0,0,1,"- ","- ",36.999760000000002,-122.0215,"SANTA CRUZ",UNINCORPORATED,-122.02151895,36.999760950000002
90488336,2017,2017-06-27,9720,2017-06-16,2010,021211,,5,2,9,4400,0,3,5,,2,300,"MOUNT MADONNA RD","RAMOR OAKS",3168.00,N,N,A,-,N,,,,,,,,,,Y,3,0,1,1,A,-,01,23152,A,N,E,I,A,A,H,-,D,D,0,,,,,Y,Y,A,01,0,1,0,0,0,0,0,0,0,"- ","- ",36.987099999999998,-121.73860000000001,"SANTA CRUZ",UNINCORPORATED,-121.73900745,36.988106129999998
90488350,2017,2017-06-27,9720,2017-06-18,0250,021230,,7,3,9,4400,0,3,5,,2,200,"CENTER AVE","EAST ST",100.00,S,N,A,-,N,,,,,,,,,,Y,4,0,1,2,A,-,01,23152,A,N,C,E,A,A,H,-,C,D,0,,,,,Y,Y,D,22,0,0,1,0,0,0,0,0,0,"- ","- ",36.974359999999997,-121.90996,"SANTA CRUZ",UNINCORPORATED,-121.91021000000001,36.974420000000002
90488896,2017,2017-06-27,9720,2017-06-21,1715,021540,,3,2,9,4400,0,1,3,,1,012,SR-236,"S WATERMAN GAP",1880.00,W,N,A,-,Y,,,236,,,,,,,N,4,0,1,1,A,-,03,22350,,N,F,A,A,A,B,-,A,D,0,,Y,,,Y,,L,04,0,0,1,0,0,0,1,0,0,"- ","- ",37.20149,-122.16240999999999,"SANTA CRUZ",UNINCORPORATED,-122.1624109,37.201450559999998
90488943,2017,2017-06-27,9720,2017-06-21,1828,021140,,3,2,9,4400,0,1,3,,2,020,"SR-1 S/B","SOQUEL DRIVE",1162.00,N,N,A,-,Y,,,1,,,,,,S,Y,3,0,2,3,A,-,03,22350,,N,C,C,A,A,H,-,A,D,0,,,,,Y,,A,01,0,1,1,0,0,0,0,0,0,"- ","- ",36.987810000000003,-121.99115999999999,"SANTA CRUZ",UNINCORPORATED,-121.99116619,36.987754209999999
90489342,2017,2017-06-28,9720,2017-06-21,0200,021044,,3,3,9,4400,0,1,3,,1,034,SR-152,"HOLOHAN RD",2640.00,E,N,A,-,Y,,,152,,,,,,,Y,3,0,1,1,A,-,01,23152,A,N,E,I,A,A,H,-,D,D,0,,,,,Y,Y,A,01,0,1,0,0,0,0,0,0,0,"- ","- ",36.943620000000003,-121.73860999999999,"SANTA CRUZ",UNINCORPORATED,-121.73858986,36.943603520000003
90490503,2017,2017-06-29,9720,2017-06-23,0700,021561,,5,1,9,4400,0,2,4,,1,021,"SOQUEL DR","STATE PARD DR",47.00,E,N,A,-,N,,,,,,,,,,Y,3,0,1,2,A,-,08,22107,,N,A,C,A,A,H,-,A,D,0,,,,,Y,,A,01,0,1,0,0,0,0,0,0,0,"- ","- ",36.979990000000001,-121.90861,"SANTA CRUZ",UNINCORPORATED,-121.90837383,36.979800849999997
90490977,2017,2017-06-29,9720,2017-06-28,0612,014931,,3,1,9,4400,0,1,3,,2,030,"SR-1 S/B","FREEDOM BLVD",2640.00,S,N,B,-,Y,,,1,,,,,,S,Y,3,0,1,1,A,-,08,22107,,M,E,I,A,B,H,-,B,D,0,,,,,Y,Y,A,07,0,1,0,0,0,0,0,0,0,"- ","- ",36.964869999999998,-121.86704,"SANTA CRUZ",UNINCORPORATED,-121.86709715000001,36.964811079999997
90493889,2017,2017-07-05,9720,2017-06-26,1720,021140,,1,2,9,4400,0,2,4,,1,021,"SOQUEL DRIVE","DOVER DRIVE",120.00,N,N,A,-,N,,,,,,,,,,N,3,0,1,2,A,-,09,21801,A,N,D,G,A,A,H,-,A,D,0,,Y,,,Y,,A,07,0,1,0,0,0,0,1,0,0,"- ","- ",36.987850000000002,-121.97291,"SANTA CRUZ",UNINCORPORATED,-121.97232,36.987929999999999
90494080,2017,2017-07-05,9720,2017-06-19,2210,021382,,1,3,9,4400,0,1,3,,1,014,SR-9,"SPRING CREEK RD",168.00,N,N,A,-,Y,,,9,,,,,,,Y,3,0,1,1,A,-,01,23152,A,N,E,I,A,A,H,-,D,D,0,,,,,Y,Y,A,01,0,1,0,0,0,0,0,0,0,"- ","- ",37.149900000000002,-122.1365,"SANTA CRUZ",UNINCORPORATED,-122.1364013,37.149957139999998
90496037,2017,2017-07-07,9720,2017-07-03,1700,020640,,1,2,9,4400,0,1,3,,1,035,SR-129,"BLACKBURN ST",800.00,E,N,B,-,Y,,,129,,,,,,,N,4,0,1,2,A,-,03,22350,,N,C,C,A,A,H,-,A,A,0,,,,,Y,,A,01,0,0,1,0,0,0,0,0,0,"- ","- ",36.913130000000002,-121.74341,"SANTA CRUZ",UNINCORPORATED,-121.74340571,36.913116420000001
90498091,2017,2017-07-11,9720,2017-07-04,1510,021053,,2,2,9,4400,0,1,3,,1,015,SR-9,"GLENGARRY RD",10560.00,S,N,A,-,Y,,,,,,,,,,N,3,0,1,2,A,-,09,21801,A,N,C,C,A,A,H,-,A,D,0,,,Y,,Y,,A,01,0,1,0,0,0,0,0,0,1,"- ","- ",37.033299999999997,-122.0757,"SANTA CRUZ",UNINCORPORATED,-122.05546224,37.012573779999997
90498098,2017,2017-07-11,9720,2017-07-01,2342,021540,,6,3,9,4400,0,1,3,,1,017,"SR-17 N/B","GLENWOOD CUTOFF",1056.00,N,N,A,-,Y,,,17,,,,,,N,Y,4,0,2,2,A,-,05,21651,B,F,A,A,A,A,H,-,D,D,0,,,,,Y,,A,07,0,0,2,0,0,0,0,0,0,"- ","- ",37.099939999999997,-121.97654,"SANTA CRUZ",UNINCORPORATED,-121.97655865999999,37.099925409999997
90498168,2017,2017-07-11,9720,2017-06-25,0650,021548,,7,1,9,4400,0,1,3,,2,030,"SR-1 N/B","MAR MONTE AVE",528.00,N,N,E,-,Y,,,1,,,,,,N,Y,3,0,1,1,A,-,08,22107,,N,E,I,A,A,H,-,A,D,0,,,,,Y,,D,22,0,1,0,0,0,0,0,0,0,"- ","- ",36.950159999999997,-121.85165000000001,"SANTA CRUZ",UNINCORPORATED,-121.85152956,36.950296960000003
90498794,2017,2017-07-12,9720,2017-06-30,1749,021549,,5,2,9,4400,0,1,3,,1,015,SR-9,"SAN LORENZO WAY",340.00,N,N,A,-,Y,,,,,,,,,,N,3,0,1,2,A,-,09,21804,A,N,D,C,A,A,H,-,A,D,0,,,Y,,Y,,C,02,0,1,0,0,0,0,0,0,1,"- ","- ",37.349319999999999,-122.46404,"SANTA CRUZ",UNINCORPORATED,-122.07731769,37.05815741
90499365,2017,2017-07-12,9720,2017-07-06,0845,021806,,4,1,9,4400,0,3,5,,2,200,"SOQUEL AVE","PAUL MINNIE AVE",0.00,,Y,A,-,N,,,,,,,,,,Y,4,0,1,2,A,-,09,21802,A,N,D,C,A,A,H,-,A,A,0,,,,,Y,,A,01,0,0,1,0,0,0,0,0,0,"- ","- ",36.986179999999997,-121.98394999999999,"SANTA CRUZ",UNINCORPORATED,-121.98388996,36.986220029999998
90501072,2017,2017-07-14,9720,2017-07-01,1114,021268,,6,1,9,4400,0,3,5,,2,300,"CARLTON RD","KEER ROAD",75.00,E,N,A,-,N,,,,,,,,,,Y,3,0,2,1,A,-,08,22107,,N,E,I,A,A,H,-,A,D,0,,,,,Y,,A,01,0,2,0,0,0,0,0,0,0,"- ","- ",36.951099999999997,-121.7216,"SANTA CRUZ",UNINCORPORATED,-121.7123988,36.94255253
90501820,2017,2017-07-17,9720,2017-07-08,2320,021270,,6,3,9,4400,0,1,3,,1,017,"SR-17 S/B","SIMS RD",1056.00,S,N,A,-,Y,,,17,,,,,,S,Y,3,0,1,1,A,-,01,23152,A,N,E,I,A,A,H,-,D,D,0,,,,,Y,Y,A,01,0,1,0,0,0,0,0,0,0,"- ","- ",37.016199999999998,-122.02679999999999,"SANTA CRUZ",UNINCORPORATED,-122.0266117,37.016365190000002
90502189,2017,2017-07-17,9720,2017-07-08,1407,021140,,6,2,9,4400,0,2,4,,1,021,"SOQUEL DRIVE","PORTER ST",160.00,S,N,A,-,N,,,,,,,,,,Y,4,0,1,2,A,-,09,21804,A,N,D,C,A,A,H,-,A,D,0,,,,,Y,,D,22,0,0,1,0,0,0,0,0,0,"- ","- ",36.98827,-121.95696,"SANTA CRUZ",UNINCORPORATED,-121.95788,36.987959240000002
90502347,2017,2017-07-17,9720,2017-07-09,1700,021140,,7,2,9,4400,0,2,4,,1,024,"PORTOLA DRIVE","CLEARWATER COURT",0.00,,Y,A,-,N,,,,,,,,,,Y,4,0,1,2,A,-,09,21804,A,N,D,C,A,A,H,-,A,D,0,,,,,Y,,A,01,0,0,1,0,0,0,0,0,0,"- ","- ",36.962359999999997,-121.98375,"SANTA CRUZ",UNINCORPORATED,-121.9838999,36.962350010000002
90502357,2017,2017-07-17,9720,2017-07-10,1700,021760,,1,2,9,4400,0,1,3,,1,015,SR-9,"CALIFORNIA DR",955.00,N,N,A,-,Y,,,9,,,,,,,Y,3,0,2,2,A,-,05,21460,A,N,A,C,A,A,H,-,A,D,0,,,,,Y,,A,01,0,1,1,0,0,0,0,0,0,"- ","- ",37.098019999999998,-122.09774,"SANTA CRUZ",UNINCORPORATED,-122.09772277,37.098028059999997
90502362,2017,2017-07-17,9720,2017-07-02,0151,021477,,7,3,9,4400,0,3,5,,2,200,"30TH AVE","PORTOLA DR",1056.00,W,N,A,-,N,,,,,,,,,,N,3,0,1,1,A,-,08,22107,,N,E,I,A,A,H,-,C,D,0,,,Y,,Y,,C,02,0,1,0,0,0,0,0,0,1,"- ","- ",36.962049999999998,-121.97322,"SANTA CRUZ",UNINCORPORATED,-121.97407,36.96349
90502631,2017,2017-09-06,9720,2017-07-08,1725,021321,,6,2,9,4400,0,2,4,,1,016,"GRAHAM HILL RD","NEPENTHE DR",60.00,S,N,A,-,N,,,,,,,,,,N,3,0,2,2,A,-,08,22107,,F,D,C,A,A,H,-,A,D,0,,,Y,,Y,,A,01,0,1,1,0,0,0,0,0,2,"- ","- ",37.014409999999998,-122.03422999999999,"SANTA CRUZ",UNINCORPORATED,-122.03425276999999,37.014476610000003
90503153,2017,2017-07-18,9720,2017-07-10,0820,021215,,1,1,9,4400,0,1,3,,2,020,"SR-1 N/B","CAPITOLA AVE",100.00,N,N,A,-,Y,,,1,,,,,,N,Y,3,0,1,1,A,-,08,22107,,N,E,I,A,A,H,-,A,D,0,,,,,Y,,A,01,0,1,0,0,0,0,0,0,0,"- ","- ",36.983600000000003,-121.95238000000001,"SANTA CRUZ",UNINCORPORATED,-121.95239008999999,36.983713139999999
90503446,2017,2017-07-19,9720,2017-07-08,1715,021227,,6,2,9,4400,0,2,4,,1,024,"CAPITOLA RD","CHANTICLEER AVE",0.00,,Y,A,-,N,,,,,,,,,,Y,3,0,1,2,A,-,12,21453,A,N,A,C,A,A,H,-,A,A,0,,,,,Y,,A,01,0,1,0,0,0,0,0,0,0,"- ","- ",36.979559999999999,-121.98764,"SANTA CRUZ",UNINCORPORATED,-121.98061994,36.975590080000003
90503968,2017,2017-07-19,9720,2017-07-07,1708,021477,,5,2,9,4400,0,3,5,,2,300,"CARLTON RD",SR-152,2640.00,S,N,A,-,N,,,,,,,,,,Y,3,0,1,1,A,-,08,22107,,N,E,I,A,A,H,-,A,D,0,,,,,Y,,A,08,0,1,0,0,0,0,0,0,0,"- ","- ",36.95111,-121.72159000000001,"SANTA CRUZ",UNINCORPORATED,-121.72123611000001,36.950813490000002
90504299,2017,2017-07-19,9720,2017-07-07,1250,021806,,5,1,9,4400,0,1,3,,1,017,"SR-17 S/B","PASATIEMPO DR",6336.00,N,N,A,-,Y,,,17,,,,,,S,Y,4,0,1,4,A,-,03,22350,,N,C,C,A,A,H,-,A,D,0,,,,,Y,,A,01,0,0,1,0,0,0,0,0,0,"- ","- ",37.004359999999998,-122.02064,"SANTA CRUZ",UNINCORPORATED,-122.02062814999999,37.00436131
90504438,2017,2017-07-20,9720,2017-07-14,1215,021806,,5,1,9,4400,0,1,3,,2,020,"SR-1 N/B","RIO DEL MAR BLVD",2640.00,N,N,A,-,Y,,,1,,,,,,N,Y,4,0,1,2,A,-,03,22350,,N,C,C,A,A,H,-,A,D,0,,,,,Y,,A,01,0,0,1,0,0,0,0,0,0,"- ","- ",36.974960000000003,-121.89884000000001,"SANTA CRUZ",UNINCORPORATED,-121.89883859,36.974928599999998
90505082,2017,2017-07-20,9720,2017-07-12,1230,021248,,3,1,9,4400,0,3,5,,2,300,"DAY VALLEY RD","VALENCIA RD",190.00,E,N,A,-,N,,,,,,,,,,Y,4,0,1,2,A,-,05,21650,,N,D,C,A,A,H,-,A,D,0,,,,,Y,,A,01,0,0,1,0,0,0,0,0,0,"- ","- ",36.995690000000003,-121.86508000000001,"SANTA CRUZ",UNINCORPORATED,-121.86484702,36.995403510000003
90505377,2017,2017-07-21,9720,2017-07-15,0013,021183,,6,3,9,4400,0,2,4,,1,021,"SOQUEL DR","41ST AVE",39.00,E,N,A,-,N,,,,,,,,,,Y,3,0,1,1,A,-,03,22350,,N,F,A,A,A,H,-,C,D,0,,,Y,,Y,Y,C,02,0,1,0,0,0,0,0,0,1,"- ","- ",36.987520000000004,-121.96453,"SANTA CRUZ",UNINCORPORATED,-121.9648502,36.98742524
90505747,2017,2017-11-08,9720,2017-07-14,0209,021028,,5,3,9,4400,0,1,3,,2,020,"SR-1 S/B","STATE PARD DR",951.00,N,N,A,-,Y,,,1,,,,,,S,Y,2,0,2,2,A,-,01,23152,A,N,C,E,A,A,D,-,D,D,0,,,,Y,Y,Y,D,22,1,1,0,0,0,0,0,0,0,"- ","- ",36.979349999999997,-121.91329,"SANTA CRUZ",UNINCORPORATED,-121.91326529,36.979397249999998
90505899,2017,2017-07-21,9720,2017-07-20,0834,021702,,4,1,9,4400,0,2,4,,1,032,"GREEN VALLEY ROAD","HATHAWAY AVE",0.00,,Y,A,-,N,,,,,,,,,,Y,4,0,3,2,A,-,09,21802,A,N,D,C,A,A,H,-,A,D,0,,,,,Y,,A,01,0,0,3,0,0,0,0,0,0,"- ","- ",36.966999999999999,-121.765,"SANTA CRUZ",UNINCORPORATED,-121.7650099,36.96697005
90506869,2017,2017-07-24,9720,2017-07-16,1725,021333,,7,2,9,4400,0,1,3,,1,035,"RIVERSIDE DR","INDUSTRIAL RD",20.00,E,N,A,-,Y,,,,,,,,,,Y,4,0,1,2,A,-,03,22350,,F,C,C,A,A,H,-,A,A,0,,,,,Y,,A,07,0,0,1,0,0,0,0,0,0,"- ","- ",36.898800000000001,-121.76705,"SANTA CRUZ",UNINCORPORATED,-121.76696862999999,36.89888629