CASE_ID,ACCIDENT_YEAR,PROC_DATE,JURIS,COLLISION_DATE,COLLISION_TIME,OFFICER_ID,REPORTING_DISTRICT,DAY_OF_WEEK,CHP_SHIFT,POPULATION,CNTY_CITY_LOC,SPECIAL_COND,BEAT_TYPE,CHP_BEAT_TYPE,CITY_DIVISION_LAPD,CHP_BEAT_CLASS,BEAT_NUMBER,PRIMARY_RD,SECONDARY_RD,DISTANCE,DIRECTION,INTERSECTION,WEATHER_1,WEATHER_2,STATE_HWY_IND,CALTRANS_COUNTY,CALTRANS_DISTRICT,STATE_ROUTE,ROUTE_SUFFIX,POSTMILE_PREFIX,POSTMILE,LOCATION_TYPE,RAMP_INTERSECTION,SIDE_OF_HWY,TOW_AWAY,COLLISION_SEVERITY,NUMBER_KILLED,NUMBER_INJURED,PARTY_COUNT,PRIMARY_COLL_FACTOR,PCF_CODE_OF_VIOL,PCF_VIOL_CATEGORY,PCF_VIOLATION,PCF_VIOL_SUBSECTION,HIT_AND_RUN,TYPE_OF_COLLISION,MVIW,PED_ACTION,ROAD_SURFACE,ROAD_COND_1,ROAD_COND_2,LIGHTING,CONTROL_DEVICE,CHP_ROAD_TYPE,PEDESTRIAN_ACCIDENT,BICYCLE_ACCIDENT,MOTORCYCLE_ACCIDENT,TRUCK_ACCIDENT,NOT_PRIVATE_PROPERTY,ALCOHOL_INVOLVED,STWD_VEHTYPE_AT_FAULT,CHP_VEHTYPE_AT_FAULT,COUNT_SEVERE_INJ,COUNT_VISIBLE_INJ,COUNT_COMPLAINT_PAIN,COUNT_PED_KILLED,COUNT_PED_INJURED,COUNT_BICYCLIST_KILLED,COUNT_BICYCLIST_INJURED,COUNT_MC_KILLED,COUNT_MC_INJURED,PRIMARY_RAMP,SECONDARY_RAMP,LATITUDE,LONGITUDE,COUNTY,CITY,POINT_X,POINT_Y
91505124,2021,2021-06-24,9720,2021-06-12,1930,022564,,6,2,9,4400,0,3,5,,2,300,"ARROYO DR.","MARKS AVE",0.00,,Y,A,-,N,,,,,,,,,,N,2,0,1,2,A,-,12,22450,A,N,D,C,A,A,H,-,A,D,0,,,Y,,Y,,C,02,1,0,0,0,0,0,0,0,1,"- ","- ",36.964309692382812,-121.76255798339844,"SANTA CRUZ",UNINCORPORATED,-121.76262664794922,36.964340209960938
91505138,2021,2021-06-24,9720,2021-06-13,0318,022125,,7,3,9,4400,0,1,3,,1,034,SR-152,"GAFFEY RD",207.00,E,N,A,-,Y,,,152,,,,,,,Y,4,0,2,1,A,-,08,22107,,N,F,A,A,A,H,-,C,D,0,,,,,Y,,A,01,0,0,2,0,0,0,0,0,0,"- ","- ",36.980899810791016,-121.71810150146484,"SANTA CRUZ",UNINCORPORATED,-121.71800231933594,36.980949401855469
91505192,2021,2021-06-24,9720,2021-06-16,1735,022162,,3,2,9,4400,0,1,3,,2,020,"SR-1 S/B","41ST AVENUE",3000.00,N,N,A,-,Y,,,1,,,,,,S,Y,3,0,1,2,A,-,07,21658,A,N,F,A,A,A,H,-,A,D,0,,,Y,,Y,,A,01,0,1,0,0,0,0,0,0,1,"- ","- ",36.983978271484375,-121.97470092773438,"SANTA CRUZ",UNINCORPORATED,-121.97466278076172,36.984134674072266
9150590,2020,2020-10-12,4401,2020-08-04,1452,525,4401,2,5,3,4401,0,0,0,,0,,"CAPITOLA RD","41ST AV",15.00,N,N,A,-,N,,,,,,,,,,N,3,0,1,2,A,-,09,21800,A,N,H,G,A,A,H,-,A,A,0,,Y,,,Y,,A,01,0,1,0,0,0,0,1,0,0,"- ","- ",,,"SANTA CRUZ",CAPITOLA,-121.96499633789062,36.973720550537109
91506756,2021,2021-06-25,9720,2021-06-18,1725,022329,,5,2,9,4400,0,3,5,,2,200,"EATON ST","5TH AVE",24.00,E,N,A,-,N,,,,,,,,,,N,4,0,1,2,A,-,03,22350,,N,C,C,A,A,H,-,A,D,0,,,,,Y,Y,A,01,0,0,1,0,0,0,0,0,0,"- ","- ",36.967830657958984,-121.99952697753906,"SANTA CRUZ",UNINCORPORATED,-121.99951934814453,36.967784881591797
91507736,2021,2021-06-28,9720,2021-06-20,0828,014931,,7,1,9,4400,0,3,5,,2,300,"CALABASAS RD","BOWKER RD",0.00,,Y,B,-,N,,,,,,,,,,N,3,0,1,2,A,-,09,21800,A,N,D,G,A,A,H,-,A,A,0,,Y,,,Y,,A,08,0,1,0,0,0,0,1,0,0,"- ","- ",36.942150115966797,-121.79038238525391,"SANTA CRUZ",UNINCORPORATED,-121.79041290283203,36.942184448242188
91507849,2021,2021-06-28,9720,2021-06-19,1525,022564,,6,2,9,4400,0,1,3,,2,020,"N/B SR-1","41 ST. AVE",2112.00,N,N,A,-,Y,,,1,,,,,,,N,4,0,1,2,A,-,03,22350,,N,C,C,A,A,H,-,A,D,0,,,,,Y,,A,08,0,0,1,0,0,0,0,0,0,"- ","- ",36.983989715576172,-121.97328186035156,"SANTA CRUZ",UNINCORPORATED,-121.97328186035156,36.983974456787109
91509661,2021,2021-06-30,9720,2021-06-20,0001,022471,,7,3,9,4400,0,1,3,,1,035,SR-129,"SR-1 S/B",128.00,E,N,A,-,Y,,,129,,,,,,,Y,2,0,2,2,A,-,01,23152,F,N,A,C,A,A,H,-,C,D,0,,,,,Y,,A,01,2,0,0,0,0,0,0,0,0,"- ","- ",36.894359588623047,-121.77390289306641,"SANTA CRUZ",UNINCORPORATED,-121.77391815185547,36.8944091796875
91509894,2021,2021-06-30,9720,2021-06-23,1316,020012,,3,1,9,4400,0,1,3,,2,020,"SR-1 N/B","RIO DEL MAR BLVD",3696.00,N,N,A,-,Y,,,1,,,,,,N,N,3,0,1,1,A,-,03,22350,,N,F,A,A,A,H,-,A,D,0,,,Y,,Y,,O,05,0,1,0,0,0,0,0,0,1,"- ","- ",36.974971771240234,-121.89864349365234,"SANTA CRUZ",UNINCORPORATED,-121.89863586425781,36.974937438964844
91510044,2021,2021-06-30,9720,2021-06-24,1740,021053,,4,2,9,4400,0,3,5,,2,300,"WEBB ROAD","ALGEN LANE",300.00,S,N,A,-,N,,,,,,,,,,Y,3,0,1,1,A,-,01,23152,A,N,E,I,A,A,H,-,A,D,0,,,,,Y,Y,A,01,0,1,0,0,0,0,0,0,0,"- ","- ",36.969799041748047,-121.72660827636719,"SANTA CRUZ",UNINCORPORATED,-121.72690582275391,36.971965789794922
91510222,2021,2021-06-30,9720,2021-06-28,1600,021053,,1,2,9,4400,0,3,5,,2,300,"SAN ANDREAS ROAD","DAIRY ROAD",200.00,E,N,A,-,N,,,,,,,,,,N,3,0,1,1,A,-,01,23152,A,N,E,I,A,A,H,-,A,D,0,,,,,Y,Y,A,07,0,1,0,0,0,0,0,0,0,"- ","- ",36.887901306152344,-121.80570220947266,"SANTA CRUZ",UNINCORPORATED,-121.80601501464844,36.887928009033203
91510895,2021,2021-07-01,9720,2021-06-20,1545,022290,,7,2,9,4400,0,1,3,,2,020,"SR-1 N/B FROM 41ST AVE","41ST AVE",225.00,N,N,A,-,Y,,,1,,,,R,,N,Y,2,0,4,1,A,-,01,23152,A,N,E,I,A,A,H,-,A,D,0,,,,,Y,Y,A,01,1,3,0,0,0,0,0,0,0,"- ","- ",36.983169555664062,-121.96543121337891,"SANTA CRUZ",UNINCORPORATED,-121.96543121337891,36.983169555664062
91510905,2021,2021-07-01,9720,2021-06-23,1225,021321,,3,1,9,4400,0,3,5,,2,100,"ALBA RD",SR-9,686.00,W,N,A,-,N,,,,,,,,,,Y,3,0,2,2,C,-,18,,,N,C,C,A,A,H,-,A,D,0,,,,Y,Y,,-,"- ",0,1,1,0,0,0,0,0,0,"- ","- ",37.093299865722656,-122.09754180908203,"SANTA CRUZ",UNINCORPORATED,-122.09740447998047,37.093196868896484
91512688,2021,2021-07-05,9720,2021-06-22,0210,022349,,2,3,9,4400,0,3,5,,2,200,"LAUREL GLEN RD","AURORA RD",56.00,W,N,A,-,N,,,,,,,,,,N,3,0,1,1,A,-,08,22107,,N,E,I,A,B,H,-,D,D,0,,,,,Y,,D,22,0,1,0,0,0,0,0,0,0,"- ","- ",37.051708221435547,-121.95397186279297,"SANTA CRUZ",UNINCORPORATED,-121.95301055908203,37.050403594970703
91512875,2021,2021-07-05,9720,2021-06-29,0234,022400,,2,3,9,4400,0,2,4,,1,016,"GRAHAM HILL ROAD","LOCKWOOD LANE",330.00,N,N,A,-,N,,,,,,,,,,Y,3,0,1,1,A,-,08,22107,,N,E,I,A,A,H,-,C,D,0,,,,,Y,Y,A,07,0,1,0,0,0,0,0,0,0,"- ","- ",37.037761688232422,-122.04286956787109,"SANTA CRUZ",UNINCORPORATED,-122.04283142089844,37.037673950195312
91512939,2021,2021-07-05,9720,2021-06-25,1457,021540,,5,2,9,4400,0,2,4,,1,021,"SOQUEL DR","APTOS ST",280.00,E,N,A,-,N,,,,,,,,,,N,4,0,1,2,A,-,08,22107,,N,G,B,E,A,H,-,A,D,0,Y,,,,Y,,A,08,0,0,1,0,1,0,0,0,0,"- ","- ",36.975589752197266,-121.89739990234375,"SANTA CRUZ",UNINCORPORATED,-121.8975830078125,36.975608825683594
91512954,2021,2021-07-05,9720,2021-07-01,0630,020012,,4,1,9,4400,0,3,5,,2,300,"CARLTON ROAD","LAKEVIEW ROAD",528.00,N,N,B,-,N,,,,,,,,,,Y,4,0,1,1,A,-,08,22107,,N,F,A,A,B,H,-,A,D,0,,,,,Y,,A,01,0,0,1,0,0,0,0,0,0,"- ","- ",36.947818756103516,-121.71981048583984,"SANTA CRUZ",UNINCORPORATED,-121.71886444091797,36.947250366210938
91513353,2021,2021-07-06,9720,2021-07-02,0035,022162,,5,3,9,4400,0,1,3,,1,017,"SB SR-17","VINE HILL ROAD",455.00,S,N,B,-,Y,,,17,,,,,,,Y,3,0,1,1,A,-,08,22107,,N,E,I,A,A,H,-,D,D,0,,,,,Y,,A,08,0,1,0,0,0,0,0,0,0,"- ","- ",37.076511383056641,-121.98586273193359,"SANTA CRUZ",UNINCORPORATED,-121.98582458496094,37.076404571533203
91513963,2021,2021-07-12,9720,2021-03-04,2227,022400,,4,3,9,4400,0,1,3,,1,014,"SR-9 N/B","SEQUOIA RD",0.00,,Y,A,-,Y,,,9,,,,,,N,Y,1,1,1,1,A,-,01,23152,A,N,E,I,A,A,H,-,D,D,0,,,,,Y,Y,A,07,0,0,1,0,0,0,0,0,0,"- ","- ",37.151950836181641,-122.13490295410156,"SANTA CRUZ",UNINCORPORATED,-122.13489532470703,37.151943206787109
91516102,2020,2022-02-01,9720,2020-12-21,2330,021806,,1,3,9,4400,0,1,3,,1,010,"SR-1 N/B","COAST RD",614.00,N,N,A,-,Y,,,1,,,,,,N,Y,1,1,0,2,D,-,00,,,F,G,B,D,A,H,-,D,D,0,Y,,,,Y,,-,"- ",0,0,0,1,0,0,0,0,0,"- ","- ",36.962211608886719,-122.08033752441406,"SANTA CRUZ",UNINCORPORATED,-122.08033752441406,36.962215423583984
91516168,2021,2021-07-08,9720,2021-07-06,1330,021717,,2,1,9,4400,0,2,4,,1,023,"41 ST AVE.","COURT DR.",231.00,W,N,A,-,N,,,,,,,,,,N,3,0,1,2,A,-,08,22107,,N,H,G,A,A,H,-,A,D,0,,Y,,,Y,,L,04,0,1,0,0,0,0,1,0,0,"- ","- ",36.961250305175781,-121.96492767333984,"SANTA CRUZ",UNINCORPORATED,-121.964893,36.961294000000002
91516825,2021,2021-07-09,9720,2021-06-28,1830,022140,,1,2,9,4400,0,1,3,,2,030,"SR-1 N/B","MAR MONTE AVE",2640.00,S,N,A,-,Y,,,1,,,,,,N,Y,4,0,1,1,C,-,18,,,N,H,H,A,A,H,-,A,D,0,,,,,Y,,-,"- ",0,0,1,0,0,0,0,0,0,"- ","- ",36.944240570068359,-121.84346771240234,"SANTA CRUZ",UNINCORPORATED,-121.84346008300781,36.944259643554688
91517365,2021,2021-07-12,9720,2021-06-30,1555,022545,,3,2,9,4400,0,1,3,,2,020,"S/B SR-1","SOQUEL DR",1637.00,S,N,A,-,Y,,,1,,,,,,,Y,4,0,1,1,C,-,18,,,N,E,I,A,A,H,-,A,D,0,,,,,Y,,-,"- ",0,0,1,0,0,0,0,0,0,"- ","- ",36.985408782958984,-121.98088073730469,"SANTA CRUZ",UNINCORPORATED,-121.98081970214844,36.98565673828125
91521389,2021,2021-07-15,9720,2021-07-02,1520,022140,,5,2,9,4400,0,3,5,,2,200,"PARK AVENUE","UPPER SEARS CIRCLE",145.00,S,N,A,-,N,,,,,,,,,,Y,2,0,2,1,A,-,01,23152,A,N,E,I,A,A,H,-,A,D,0,,,,,Y,Y,A,01,1,1,0,0,0,0,0,0,0,"- ","- ",36.988048553466797,-121.93598175048828,"SANTA CRUZ",UNINCORPORATED,-121.93627166748047,36.987251281738281
91521710,2021,2021-07-16,9720,2021-07-03,1828,022545,,6,2,9,4400,0,2,4,,1,016,"GRAHAM HILL RD","QUARRY RD",1531.00,N,N,A,-,N,,,,,,,,,,Y,4,0,1,1,A,-,08,22107,,N,E,I,A,A,H,-,A,D,0,,,,,Y,Y,A,08,0,0,1,0,0,0,0,0,0,"- ","- ",37.0435791015625,-122.05246734619141,"SANTA CRUZ",UNINCORPORATED,,
91521885,2021,2021-07-16,9720,2021-07-06,1538,021540,,2,2,9,4400,0,1,3,,1,017,"SR-17 S/B","GLENWOOD DR",1584.00,S,N,A,-,Y,,,17,,,,,,S,Y,4,0,1,1,A,-,01,23152,A,N,E,J,A,A,H,-,A,D,0,,,,,Y,Y,A,01,0,0,1,0,0,0,0,0,0,"- ","- ",37.116199493408203,-121.97592163085938,"SANTA CRUZ",UNINCORPORATED,-121.97577667236328,37.116218566894531
91522131,2021,2021-07-16,9720,2021-07-07,1820,021053,,3,2,9,4400,0,1,3,,1,034,SR-152,"FALLOWFIELD LN",1000.00,E,N,A,-,Y,,,152,,,,,,,Y,2,0,1,1,A,-,08,22107,,M,E,I,A,A,H,-,A,D,0,,,,,Y,,D,22,1,0,0,0,0,0,0,0,0,"- ","- ",36.964900970458984,-121.72100067138672,"SANTA CRUZ",UNINCORPORATED,-121.72107696533203,36.964878082275391
91522356,2021,2021-07-16,9720,2021-07-08,1346,022290,,4,1,9,4400,0,3,5,,2,300,"CARLTON RD","THOMPSON RD",5.00,W,N,A,-,N,,,,,,,,,,Y,4,0,2,2,A,-,05,21752,D,N,C,C,A,A,H,-,A,A,0,,,Y,,Y,,C,02,0,0,2,0,0,0,0,0,1,"- ","- ",36.928699493408203,-121.70610809326172,"SANTA CRUZ",UNINCORPORATED,-121.7066650390625,36.938285827636719
91522360,2021,2021-07-16,9720,2021-07-06,1540,021833,,2,2,9,4400,0,1,3,,1,015,"S/B SR-9","GLEN ARBOR RD",528.00,N,N,A,-,Y,,,9,,,,,,,N,2,0,1,1,A,-,08,22107,,N,E,I,A,A,H,-,A,D,0,,,,,Y,,A,01,1,0,0,0,0,0,0,0,0,"- ","- ",37.077911376953125,-122.08342742919922,"SANTA CRUZ",UNINCORPORATED,-122.08344268798828,37.077938079833984
91522439,2021,2021-07-16,9720,2021-07-07,1635,021806,,3,2,9,4400,0,1,3,,1,017,"S/B SR-17","GRANITE CREEK RD. O/C",1056.00,S,N,A,-,Y,,,,,,,,,,N,3,0,1,2,A,-,16,24002,A,F,E,J,A,A,H,-,A,A,0,,,,,Y,,-,99,0,1,0,0,0,0,0,0,0,"- ","- ",37.057449340820312,-122.00665283203125,"SANTA CRUZ",UNINCORPORATED,-122.00581359863281,37.058601379394531
91522661,2021,2021-07-19,9720,2021-07-09,1350,021321,,5,1,9,4400,0,1,3,,2,020,"STATE ROUTE 1 N/B","PARK AVENUE",300.00,N,N,A,-,Y,,,1,,,,,,N,N,4,0,1,2,A,-,03,22350,,N,C,C,A,A,H,-,A,D,0,,,,,Y,,A,01,0,0,1,0,0,0,0,0,0,"- ","- ",36.984039306640625,-121.94152069091797,"SANTA CRUZ",UNINCORPORATED,-121.94152069091797,36.984085083007812
91522693,2021,2021-07-19,9720,2021-07-14,0805,021717,,3,1,9,4400,0,2,4,,1,016,"GRAHAM HILL RD","MEYER RD",1056.00,N,N,A,-,N,,,,,,,,,,Y,3,0,1,2,C,-,18,,,N,C,C,A,A,H,-,A,D,0,,,,,Y,,-,"- ",0,1,0,0,0,0,0,0,0,"- ","- ",37.021011352539062,-122.03656005859375,"SANTA CRUZ",UNINCORPORATED,-122.03670501708984,37.021484375
91522694,2021,2021-07-19,9720,2021-07-13,1702,021918,,2,2,9,4400,0,1,3,,2,020,"S/B SR-1","BAY AVE",200.00,S,N,A,-,Y,,,1,,,,,,,N,3,0,1,2,A,-,03,22350,,N,C,C,A,A,H,-,A,D,0,,,,,Y,,D,22,0,1,0,0,0,0,0,0,0,"- ","- ",36.982929229736328,-121.95958709716797,"SANTA CRUZ",UNINCORPORATED,-121.9595947265625,36.982948303222656
91525521,2021,2021-07-21,9720,2021-07-12,0007,022511,,1,3,9,4400,0,1,3,,1,034,SR-152,"RED HAWK PL.",2112.00,E,N,A,-,Y,,,152,,,,,,,Y,3,0,1,1,A,-,01,23152,A,N,E,I,A,A,H,-,D,D,0,,,,,Y,Y,A,01,0,1,0,0,0,0,0,0,0,"- ","- ",36.975780487060547,-121.71507263183594,"SANTA CRUZ",UNINCORPORATED,-121.71498870849609,36.975841522216797
91525532,2021,2021-07-21,9720,2021-07-13,1155,021806,,2,1,9,4400,0,1,3,,2,020,"N/B SR-1","STATE PARK DR. O/C",100.00,N,N,A,-,Y,,,1,,,,,,,N,3,0,1,2,A,-,03,22350,,N,C,C,A,A,H,-,A,D,0,,,,,Y,,A,01,0,1,0,0,0,0,0,0,0,"- ","- ",36.978328704833984,-121.91089630126953,"SANTA CRUZ",UNINCORPORATED,-121.910888671875,36.978355407714844
91525605,2021,2021-07-21,9720,2021-07-17,2500,022458,,6,4,9,4400,0,1,3,,1,012,"SR-236 W/B","HAZEL AVE",25.00,W,N,A,-,Y,,,,,,,,,,N,2,0,1,2,A,-,08,22107,,F,G,B,F,A,H,-,C,D,0,Y,,,,Y,Y,-,99,1,0,0,0,1,0,0,0,0,"- ","- ",37.125389099121094,-122.12796020507812,"SANTA CRUZ",UNINCORPORATED,-122.12751007080078,37.125179290771484
91528154,2021,2021-07-26,9720,2021-07-23,1150,021714,,5,1,9,4400,0,1,3,,1,017,"SR-17 S/B","PASATIEMPO DR",528.00,N,N,A,-,Y,,,17,,,,,,S,Y,4,0,1,2,A,-,03,22350,,N,C,C,A,A,H,-,A,D,0,,,,,Y,,A,07,0,0,1,0,0,0,0,0,0,"- ","- ",37.004570007324219,-122.020751953125,"SANTA CRUZ",UNINCORPORATED,-122.02065277099609,37.004581451416016
91529583,2021,2021-07-27,9720,2021-07-23,2140,022511,,5,2,9,4400,0,3,5,,2,100,"FELTON EMPIRE RD","KRAZY ARCE LN.",107.00,W,N,A,-,N,,,,,,,,,,Y,2,0,1,1,A,-,03,22350,,N,F,A,A,A,H,-,D,D,0,,,Y,,Y,,C,02,1,0,0,0,0,0,0,0,1,"- ","- ",37.052829742431641,-122.09364318847656,"SANTA CRUZ",UNINCORPORATED,-122.09356689453125,37.052818298339844
91529642,2021,2021-07-27,9720,2021-07-24,2028,022290,,6,2,9,4400,0,3,5,,2,200,"HAPPY VALLEY RD","BRANCIFORTE DR",500.00,N,N,A,-,N,,,,,,,,,,N,3,0,1,1,A,-,08,22107,,N,E,I,A,A,H,-,D,D,0,,,Y,,Y,,C,02,0,1,0,0,0,0,0,0,1,"- ","- ",37.028049468994141,-121.98564147949219,"SANTA CRUZ",UNINCORPORATED,-121.98574829101562,37.028060913085938
91529748,2021,2021-07-27,9720,2021-07-20,1438,022542,,2,2,9,4400,0,1,3,,1,010,SR-1,"COAST ROAD",80.00,S,N,A,-,Y,,,1,,,,,,,N,3,0,1,2,A,-,08,22107,,N,H,G,A,A,H,-,A,D,0,,Y,Y,,Y,,L,04,0,1,0,0,0,0,1,0,0,"- ","- ",36.982578277587891,-122.14315032958984,"SANTA CRUZ",UNINCORPORATED,-122.14316558837891,36.982555389404297
91530015,2021,2021-07-27,9720,2021-07-15,1905,022329,,4,2,9,4400,0,3,5,,2,100,SR-35,"BLACK RD",70.00,S,N,A,-,Y,,,35,,,,,,,Y,3,0,1,1,A,-,01,23152,F,N,E,8,A,A,H,-,A,D,0,,,,,Y,,A,01,0,1,0,0,0,0,0,0,0,"- ","- ",37.20526123046875,-122.04808044433594,"SANTA CRUZ",UNINCORPORATED,-122.04805755615234,37.205295562744141
91531472,2021,2021-08-12,9720,2021-03-25,1632,021833,,4,2,5,4402,0,1,3,,2,020,"SR-1 S/B","MORRISSEY BLVD",1056.00,N,N,A,-,Y,,,1,,,,,,S,Y,1,1,3,4,A,-,03,22350,,N,C,C,A,A,H,-,A,D,0,,,,,Y,,D,22,1,0,2,0,0,0,0,0,0,"- ","- ",36.988338470458984,-122.00846099853516,"SANTA CRUZ","SANTA CRUZ",-122.00846099853516,36.988388061523438
91534227,2021,2021-08-02,9720,2021-07-23,1240,021714,,5,1,9,4400,0,1,3,,1,017,"SR-17 S/B","MT. HERMON RD.",1056.00,N,N,A,-,Y,,,17,,,,,,S,N,4,0,2,3,A,-,03,22350,,N,C,C,A,A,H,-,A,D,0,,,,,Y,,A,01,0,0,2,0,0,0,0,0,0,"- ","- ",37.048538208007812,-122.01245880126953,"SANTA CRUZ",UNINCORPORATED,-122.01230621337891,37.048427581787109
91534251,2021,2021-08-02,9720,2021-07-28,0005,014931,,3,3,9,4400,0,2,4,,1,032,"GREEN VALLEY RD","WHEELOCK WAY",528.00,E,N,A,-,N,,,,,,,,,,Y,2,0,2,1,A,-,08,22107,,F,E,I,A,A,H,-,D,D,0,,,,,Y,,A,01,1,0,1,0,0,0,0,0,0,"- ","- ",36.978649139404297,-121.77578735351562,"SANTA CRUZ",UNINCORPORATED,-121.77593994140625,36.979000091552734
91534277,2021,2021-08-02,9720,2021-07-25,1412,022545,,7,2,9,4400,0,1,3,,1,034,"SR-152 (E LAKE AVE)","DELANEY AVE",388.00,W,N,A,-,Y,,,152,,,,,,,Y,4,0,5,2,A,-,09,21801,A,N,A,C,A,A,H,-,A,D,0,,,,,Y,,A,07,0,0,5,0,0,0,0,0,0,"- ","- ",36.952449798583984,-121.73104858398438,"SANTA CRUZ",UNINCORPORATED,-121.73101806640625,36.952419281005859
91534318,2021,2021-08-02,9720,2021-07-21,1815,022329,,3,2,9,4400,0,3,5,,2,300,"GREEN VALLEY RD","KLASSEN LN",30.00,W,N,A,-,N,,,,,,,,,,N,4,0,1,2,A,-,01,23152,A,M,C,C,A,A,H,-,A,D,0,,,,,Y,Y,A,08,0,0,1,0,0,0,0,0,0,"- ","- ",36.957420349121094,-121.76490783691406,"SANTA CRUZ",UNINCORPORATED,-121.76496887207031,36.960918426513672
91534739,2021,2021-08-02,9720,2021-07-29,1240,015170,,4,1,9,4400,0,1,3,,1,015,SR-9,"GLEN ARBOR RD (LOWER)",1584.00,N,N,A,-,Y,,,,,,,,,,Y,4,0,1,1,A,-,08,22107,,N,E,I,A,A,H,-,A,D,0,,,,,Y,,A,01,0,0,1,0,0,0,0,0,0,"- ","- ",37.3343505859375,-121.87338256835938,"SANTA CRUZ",UNINCORPORATED,-122.08319854736328,37.078235626220703
91534810,2021,2021-08-02,9720,2021-07-29,2200,022471,,4,3,9,4400,0,3,5,,2,100,"FELTON EMPIRE RD","KRAZY ACRE LN",100.00,W,N,A,-,N,,,,,,,,,,Y,4,0,1,1,A,-,08,22107,,N,E,I,A,A,H,-,D,D,0,,,,,Y,,A,01,0,0,1,0,0,0,0,0,0,"- ","- ",37.052639007568359,-122.09342193603516,"SANTA CRUZ",UNINCORPORATED,-122.09354400634766,37.052806854248047
91534848,2021,2021-08-02,9720,2021-07-30,1215,020012,,5,1,9,4400,0,1,3,,2,030,"SR-1 N/B","FREEDOM BLVD",528.00,S,N,A,-,Y,,,1,,,,,,N,Y,4,0,1,2,A,-,03,22350,,N,C,C,A,A,H,-,A,D,0,,,,,Y,,A,01,0,0,1,0,0,0,0,0,0,"- ","- ",36.967441558837891,-121.86927795410156,"SANTA CRUZ",UNINCORPORATED,-121.86933135986328,36.967384338378906
91535768,2021,2021-08-03,9720,2021-07-25,1530,022542,,7,2,9,4400,0,2,4,,1,021,"SOQUEL DR","CARRIKER LN",50.00,E,N,B,-,N,,,,,,,,,,Y,3,0,2,2,A,-,09,21804,A,N,D,C,A,A,H,-,A,D,0,,,,,Y,,A,07,0,2,0,0,0,0,0,0,0,"- ","- ",36.987220764160156,-121.96784973144531,"SANTA CRUZ",UNINCORPORATED,-121.96793365478516,36.987247467041016
91536507,2021,2021-08-04,9720,2021-07-26,1955,022329,,1,2,9,4400,0,1,3,,1,010,"SR-1 N/B","CANYON RD",7.00,S,N,B,-,Y,,,1,,,,,,N,Y,4,0,1,2,A,-,05,21460,A,N,D,C,A,A,H,-,B,D,0,,,,,Y,,A,01,0,0,1,0,0,0,0,0,0,"- ","- ",37.095699310302734,-122.27716827392578,"SANTA CRUZ",UNINCORPORATED,-122.27717590332031,37.095695495605469
9153748,2020,2020-11-25,4403,2020-09-10,1552,335,108,4,5,4,4403,0,0,0,,0,001,"LAKE AV","CARR ST",0.00,,Y,A,-,Y,SCR,5,152,-,T,3.119,I,5,W,N,4,0,1,2,A,-,10,21950,A,N,G,B,B,A,H,-,A,A,0,Y,,,,Y,,D,22,0,0,1,0,1,0,0,0,0,"- ","- ",,,"SANTA CRUZ",WATSONVILLE,-121.75581359863281,36.913505554199219
91538124,2021,2021-08-05,9720,2021-07-21,1744,021860,,3,2,9,4400,0,3,5,,2,100,"EAST ZAYANTE ROAD","GRAHAM HILL ROAD",1056.00,N,N,A,-,N,,,,,,,,,,Y,2,0,1,2,A,-,09,21804,A,N,A,C,A,A,H,-,A,D,0,,,Y,,Y,,A,08,1,0,0,0,0,0,0,0,1,"- ","- ",37.051681518554688,-122.06340789794922,"SANTA CRUZ",UNINCORPORATED,-122.06337738037109,37.051883697509766
91539630,2021,2021-08-09,9720,2021-07-29,1358,022545,,4,1,9,4400,0,3,5,,2,200,"APTOS CREEK RD","APTOS VILLAGE WY",528.00,N,N,A,-,N,,,,,,,,,,Y,4,0,1,1,A,-,01,23152,F,N,E,I,A,A,H,-,A,D,0,,,,,Y,,A,01,0,0,1,0,0,0,0,0,0,"- ","- ",36.979709625244141,-121.90249633789062,"SANTA CRUZ",UNINCORPORATED,-121.90256500244141,36.979408264160156
91539648,2021,2021-08-09,9720,2021-08-01,1300,021321,,7,1,9,4400,0,1,3,,1,034,"STATE ROUTE 152","BELLA VISTA LANE",1450.00,W,N,A,-,Y,,,152,,,,,,,Y,2,0,1,1,A,-,03,22350,,N,E,I,A,A,H,-,A,D,0,,,Y,,Y,,C,02,1,0,0,0,0,0,0,0,1,"- ","- ",36.990261077880859,-121.71636962890625,"SANTA CRUZ",UNINCORPORATED,-121.71630859375,36.990314483642578
91540467,2021,2021-08-09,9720,2021-07-03,1610,022329,,6,2,9,4400,0,3,5,,2,300,"CASSERLY RD","MT. MADONNA",566.00,S,N,A,-,N,,,,,,,,,,Y,2,0,1,1,A,-,01,23152,A,N,E,I,A,A,H,-,A,D,0,,,,,Y,Y,A,01,1,0,0,0,0,0,0,0,0,"- ","- ",36.974849700927734,-121.74250793457031,"SANTA CRUZ",UNINCORPORATED,-121.74234008789062,36.974330902099609