CASE_ID,ACCIDENT_YEAR,PROC_DATE,JURIS,COLLISION_DATE,COLLISION_TIME,OFFICER_ID,REPORTING_DISTRICT,DAY_OF_WEEK,CHP_SHIFT,POPULATION,CNTY_CITY_LOC,SPECIAL_COND,BEAT_TYPE,CHP_BEAT_TYPE,CITY_DIVISION_LAPD,CHP_BEAT_CLASS,BEAT_NUMBER,PRIMARY_RD,SECONDARY_RD,DISTANCE,DIRECTION,INTERSECTION,WEATHER_1,WEATHER_2,STATE_HWY_IND,CALTRANS_COUNTY,CALTRANS_DISTRICT,STATE_ROUTE,ROUTE_SUFFIX,POSTMILE_PREFIX,POSTMILE,LOCATION_TYPE,RAMP_INTERSECTION,SIDE_OF_HWY,TOW_AWAY,COLLISION_SEVERITY,NUMBER_KILLED,NUMBER_INJURED,PARTY_COUNT,PRIMARY_COLL_FACTOR,PCF_CODE_OF_VIOL,PCF_VIOL_CATEGORY,PCF_VIOLATION,PCF_VIOL_SUBSECTION,HIT_AND_RUN,TYPE_OF_COLLISION,MVIW,PED_ACTION,ROAD_SURFACE,ROAD_COND_1,ROAD_COND_2,LIGHTING,CONTROL_DEVICE,CHP_ROAD_TYPE,PEDESTRIAN_ACCIDENT,BICYCLE_ACCIDENT,MOTORCYCLE_ACCIDENT,TRUCK_ACCIDENT,NOT_PRIVATE_PROPERTY,ALCOHOL_INVOLVED,STWD_VEHTYPE_AT_FAULT,CHP_VEHTYPE_AT_FAULT,COUNT_SEVERE_INJ,COUNT_VISIBLE_INJ,COUNT_COMPLAINT_PAIN,COUNT_PED_KILLED,COUNT_PED_INJURED,COUNT_BICYCLIST_KILLED,COUNT_BICYCLIST_INJURED,COUNT_MC_KILLED,COUNT_MC_INJURED,PRIMARY_RAMP,SECONDARY_RAMP,LATITUDE,LONGITUDE,COUNTY,CITY,POINT_X,POINT_Y
91723582,2022,2022-03-15,9720,2022-03-07,1020,021248,,1,1,9,4400,0,2,4,,1,024,"BROMMER ST","30TH AVE",0.00,,Y,A,-,N,,,,,,,,,,N,3,0,1,2,A,-,10,21950,A,N,G,B,B,A,H,-,A,A,0,Y,,,,Y,,D,22,0,1,0,0,1,0,0,0,0,"- ","- ",36.970188140869141,-121.97316741943359,"SANTA CRUZ",UNINCORPORATED,-121.97325897216797,36.970252990722656
91725735,2021,2022-03-17,9720,2021-11-20,1400,022511,,6,2,9,4400,0,1,3,,1,035,SR-129,"SR-1 N/B",82.00,E,N,A,-,Y,,,129,,,,,,,Y,1,1,2,2,A,-,05,21460,A,N,A,C,A,A,H,-,A,D,0,,,,,Y,,A,01,1,1,0,0,0,0,0,0,0,"- ","- ",36.894458770751953,-121.77384185791016,"SANTA CRUZ",UNINCORPORATED,-121.77383422851562,36.894435882568359
9172631,2020,2020-11-16,4402,2020-09-11,1752,141,4402,5,5,5,4402,0,0,0,,0,,"SEABRIGHT AV","MURRAY ST",0.00,,Y,A,-,N,,,,,,,,,,N,3,0,1,2,A,-,11,21453,D,N,G,B,B,A,H,-,B,A,0,Y,,,,Y,,N,60,0,1,0,0,1,0,0,0,0,"- ","- ",,,"SANTA CRUZ","SANTA CRUZ",-122.00788879394531,36.967269897460938
91729343,2022,2022-03-22,9720,2022-03-10,0845,021548,,4,1,9,4400,0,2,4,,1,032,"GREEN VALLEY RD.","AMESTI RD.",0.00,,Y,A,-,N,,,,,,,,,,Y,4,0,1,2,A,-,09,21801,A,N,D,C,A,A,H,-,A,D,0,,,,,Y,,A,01,0,0,1,0,0,0,0,0,0,"- ","- ",36.945709228515625,-121.76687622070312,"SANTA CRUZ",UNINCORPORATED,-121.76686859130859,36.945621490478516
91729886,2022,2022-03-23,9720,2022-03-10,0415,022542,,4,3,9,4400,0,2,4,,1,016,"GRAHAM HILL RD","SUMMIT AVE",500.00,S,N,A,-,N,,,,,,,,,,Y,3,0,1,1,A,-,08,22107,,N,E,I,A,A,H,-,D,D,0,,,,,Y,Y,A,01,0,1,0,0,0,0,0,0,0,"- ","- ",37.046638488769531,-122.05767822265625,"SANTA CRUZ",UNINCORPORATED,-122.06144714355469,37.045639038085938
91729891,2022,2022-03-23,9720,2022-03-06,1521,021860,,7,2,9,4400,0,1,3,,1,015,SR-9,"KEYSTONE WAY",2640.00,N,N,A,-,Y,SCR,,9,,,2.215,H,,R,N,2,0,1,1,A,-,08,22107,,N,E,I,A,A,H,-,A,D,0,,,Y,,Y,,C,02,1,0,0,0,0,0,0,0,1,"- ","- ",37.008010864257812,-122.04786682128906,"SANTA CRUZ",UNINCORPORATED,-122.04786682128906,37.007976531982422
91731233,2022,2022-03-24,9720,2022-03-20,1214,021321,,7,1,9,4400,0,1,3,,1,017,"GROVE ST","RT 9",0.00,,Y,A,-,Y,SCR,,9,,,12.545,H,,R,N,2,0,1,1,A,-,17,21200,,N,F,A,A,A,H,-,A,D,0,,Y,,,Y,Y,M,91,1,0,0,0,0,0,1,0,0,"- ","- ",37.117538452148438,-122.1204833984375,"SANTA CRUZ",UNINCORPORATED,-122.12055206298828,37.117534637451172
9173382,2020,2020-11-14,4402,2020-09-04,2131,171,4402,5,5,5,4402,0,0,0,,0,000,"OCEAN ST","PLYMOUTH ST",0.00,,Y,A,-,N,,,,,,,,,,Y,4,0,1,2,A,-,01,23152,A,N,D,C,A,A,H,-,C,A,0,,,,,Y,Y,A,07,0,0,1,0,0,0,0,0,0,"- ","- ",,,"SANTA CRUZ","SANTA CRUZ",-122.02333831787109,36.985191345214844
9173384,2020,2020-11-14,4402,2020-09-24,1832,163,4402,4,5,5,4402,0,0,0,,0,000,"DELAWARE AV","WOODROW AV",0.00,,Y,A,-,N,,,,,,,,,,N,3,0,1,1,A,-,03,22350,,N,E,J,A,A,H,-,B,A,0,,,,,Y,,A,01,0,1,0,0,0,0,0,0,0,"- ","- ",,,"SANTA CRUZ","SANTA CRUZ",-122.03785705566406,36.957050323486328
91735095,2022,2022-03-28,9720,2022-03-16,1100,021548,,3,1,9,4400,0,3,5,,2,200,"GRANITE CREEK RD.","O'LAUGHLIN RD.",528.00,S,N,A,-,N,,,,,,,,,,N,2,0,1,1,A,-,03,22350,,N,H,J,A,A,B,-,A,D,0,,Y,,,Y,,L,04,1,0,0,0,0,0,1,0,0,"- ","- ",37.032039642333984,-121.99640655517578,"SANTA CRUZ",UNINCORPORATED,-121.99635314941406,37.032470703125
91735121,2022,2022-03-29,9720,2022-03-17,2015,022140,,4,2,9,4400,0,3,5,,2,300,"SEASCAPE BLVD","SAN ANDREAS RD",330.00,W,N,A,-,N,,,,,,,,,,Y,4,0,1,1,A,-,01,23152,A,N,E,I,A,A,H,-,D,D,0,,,,,Y,Y,A,07,0,0,1,0,0,0,0,0,0,"- ","- ",36.950698852539062,-121.86517333984375,"SANTA CRUZ",UNINCORPORATED,-121.86505126953125,36.950698852539062
91737543,2022,2022-03-30,9720,2022-03-22,1728,022511,,2,2,9,4400,0,1,3,,1,015,"SR-9 S/B","EXIT RD",2904.00,N,N,A,-,Y,SCR,,9,,,2.260,H,,L,Y,3,0,2,1,A,-,08,22107,,N,F,A,A,A,H,-,A,D,0,,,,,Y,,A,07,0,1,1,0,0,0,0,0,0,"- ","- ",37.008338928222656,-122.04853820800781,"SANTA CRUZ",UNINCORPORATED,-122.04854583740234,37.008331298828125
91738188,2022,2022-03-31,9720,2022-03-25,1806,020012,,5,2,9,4400,0,3,5,,2,300,"WHITE ROAD","YELLOW BRICK RD.",1056.00,E,N,A,-,N,,,,,,,,,,N,2,0,1,1,A,-,03,22350,,N,F,A,A,A,H,-,A,D,0,,,Y,,Y,,-,"- ",1,0,0,0,0,0,0,0,1,"- ","- ",36.968990325927734,-121.83751678466797,"SANTA CRUZ",UNINCORPORATED,-121.8382568359375,36.968910217285156
91738262,2022,2022-03-31,9720,2022-03-23,1650,018171,,3,2,9,4400,0,1,3,,2,020,"SR-1 N/B","RIVER STREET",600.00,S,N,A,-,Y,SCR,,1,,,17.431,H,,R,N,3,0,1,2,A,-,03,22350,,N,C,C,A,A,H,-,A,D,0,,,Y,,Y,,C,02,0,1,0,0,0,0,0,0,1,"- ","- ",36.985118865966797,-122.02770233154297,"SANTA CRUZ",UNINCORPORATED,-122.0277099609375,36.985137939453125
91738291,2022,2022-03-31,9720,2022-03-25,1545,022511,,5,2,9,4400,0,3,5,,2,100,"EMPIRE GRADE","PINE FLAT RD",140.00,S,N,A,-,N,,,,,,,,,,Y,4,0,1,2,A,-,09,21804,A,N,D,C,A,A,H,-,A,D,0,,,Y,,Y,,A,01,0,0,1,0,0,0,0,0,1,"- ","- ",37.078079223632812,-122.13285827636719,"SANTA CRUZ",UNINCORPORATED,-122.13295745849609,37.078109741210938
91738325,2022,2022-03-31,9720,2022-03-26,1846,022511,,6,2,9,4400,0,2,4,,1,024,"BROMMER ST.","30TH AVE.",0.00,,Y,A,-,N,,,,,,,,,,Y,3,0,1,2,A,-,01,23152,A,N,D,C,A,A,H,-,E,A,0,,,,,Y,Y,D,22,0,1,0,0,0,0,0,0,0,"- ","- ",36.970249176025391,-121.97331237792969,"SANTA CRUZ",UNINCORPORATED,-121.97325897216797,36.970252990722656
91740920,2022,2022-04-05,9720,2022-03-26,1435,022471,,6,2,9,4400,0,3,5,,2,200,"TROUT GULCH RD","CATHEDRAL DR",0.00,,Y,A,-,N,,,,,,,,,,N,2,0,1,2,A,-,10,21950,A,N,G,B,B,A,H,-,A,A,0,Y,,,,Y,,A,01,1,0,0,0,1,0,0,0,0,"- ","- ",36.978748321533203,-121.89913940429688,"SANTA CRUZ",UNINCORPORATED,-121.89914703369141,36.978713989257812
91741151,2022,2022-04-05,9720,2022-03-31,1717,022545,,4,2,9,4400,0,2,4,,1,016,"GRAHAM HILL RD","ROARING CAMP RD",0.00,,Y,A,-,N,,,,,,,,,,N,4,0,1,2,A,-,09,21801,A,N,D,C,A,A,H,-,A,A,0,,,,,Y,,A,01,0,0,1,0,0,0,0,0,0,"- ","- ",37.047958374023438,-122.06429290771484,"SANTA CRUZ",UNINCORPORATED,-122.06410217285156,37.047634124755859
91741230,2022,2022-04-11,9720,2022-04-04,0717,014931,,1,1,9,4400,0,3,5,,2,300,"MT MADONNA ROAD","RAMOR OAKS",359.00,N,N,A,-,N,,,,,,,,,,Y,3,0,1,1,A,-,08,22107,,N,E,I,A,A,H,-,A,D,0,,,,,Y,,A,01,0,1,0,0,0,0,0,0,0,"- ","- ",36.980789184570312,-121.7393798828125,"SANTA CRUZ",UNINCORPORATED,-121.739501953125,36.980922698974609
91741960,2022,2022-04-06,9720,2022-03-28,1910,022471,,1,2,9,4400,0,2,4,,1,021,"SOQUEL DR","DOVER DR",15.00,S,N,A,-,N,,,,,,,,,,N,4,0,1,2,A,-,03,22350,,N,C,C,A,A,H,-,B,A,0,,,,,Y,,A,01,0,0,1,0,0,0,0,0,0,"- ","- ",36.987930297851562,-121.97223663330078,"SANTA CRUZ",UNINCORPORATED,-121.97226715087891,36.987926483154297
91743423,2022,2022-04-07,9720,2022-03-27,1410,022140,,7,2,9,4400,0,2,4,,1,023,"17TH AVE","BROMMER ST",80.00,N,N,B,-,N,,,,,,,,,,Y,2,0,1,2,A,-,09,21804,A,N,D,C,A,A,H,-,A,D,0,,,Y,,Y,,A,01,1,0,0,0,0,0,0,0,1,"- ","- ",36.971309661865234,-121.98439788818359,"SANTA CRUZ",UNINCORPORATED,-121.98442840576172,36.971282958984375
91744418,2022,2022-04-08,9720,2022-03-28,1915,022471,,1,2,9,4400,0,2,4,,1,021,"SOQUEL DR","41ST AVE",25.00,N,N,A,-,N,,,,,,,,,,N,4,0,1,3,A,-,03,22350,,N,C,C,A,A,H,-,A,A,0,,,,,Y,,A,01,0,0,1,0,0,0,0,0,0,"- ","- ",36.987308502197266,-121.96524047851562,"SANTA CRUZ",UNINCORPORATED,-121.96489715576172,36.987415313720703
91744498,2022,2022-04-08,9720,2022-03-28,0645,021211,,1,1,9,4400,0,1,3,,1,017,"SR-17 N/B","EL RANCHO DR.",160.00,N,N,B,-,N,,,,,,,,,,Y,4,0,1,1,A,-,03,22350,,N,H,A,A,B,H,-,A,A,0,,,,,Y,,D,22,0,0,1,0,0,0,0,0,0,"- ","- ",37.019329071044922,-122.02732849121094,"SANTA CRUZ",UNINCORPORATED,-122.02768707275391,37.019432067871094
91744801,2022,2022-04-11,9720,2022-03-31,1715,022140,,4,2,9,4400,0,3,5,,2,200,"BEACH DR","APTOS BEACH DR",2640.00,E,N,A,-,N,,,,,,,,,,Y,3,0,1,1,A,-,03,22350,,N,F,A,A,A,B,-,A,D,0,,,Y,,Y,,C,02,0,1,0,0,0,0,0,0,1,"- ","- ",36.963428497314453,-121.89646148681641,"SANTA CRUZ",UNINCORPORATED,-121.90519714355469,36.9691162109375
91744809,2022,2022-04-11,9720,2022-03-31,1545,022140,,4,2,9,4400,0,1,3,,2,020,"SR-1 S/B","MORRISSEY AVE",792.00,N,N,A,-,Y,SCR,,1,,,15.982,H,,L,Y,3,0,2,5,A,-,03,22350,,N,B,C,A,A,H,-,A,D,0,,,,Y,Y,,D,22,0,1,1,0,0,0,0,0,0,"- ","- ",36.988258361816406,-122.00634002685547,"SANTA CRUZ",UNINCORPORATED,-122.00634002685547,36.988311767578125
91745479,2022,2022-04-11,9720,2022-04-01,1600,021304,,5,2,9,4400,0,3,5,,2,200,"EATON ST","LAKE AVE",50.00,W,N,A,-,N,,,,,,,,,,N,3,0,1,1,A,-,03,22350,,N,F,A,A,A,H,-,A,D,0,,Y,,,Y,,L,04,0,1,0,0,0,0,1,0,0,"- ","- ",36.967960357666016,-122.0018310546875,"SANTA CRUZ",UNINCORPORATED,-122.00135040283203,36.967918395996094
91745485,2022,2022-04-11,9720,2022-04-01,2020,022471,,5,2,9,4400,0,2,4,,1,024,"PORTOLA DR","41ST AVE",0.00,,Y,A,-,N,,,,,,,,,,N,3,0,1,2,A,-,01,23152,A,N,G,B,B,A,H,-,C,A,0,Y,,,,Y,Y,A,07,0,1,0,0,1,0,0,0,0,"- ","- ",36.963600158691406,-121.96479797363281,"SANTA CRUZ",UNINCORPORATED,-121.96489715576172,36.963539123535156
91746678,2022,2022-04-12,9720,2022-04-08,1530,022471,,5,2,9,4400,0,3,5,,2,300,"BUENA VISTA DR","LARKIN VALLEY RD",275.00,E,N,A,-,N,,,,,,,,,,Y,4,0,1,1,A,-,08,22107,,N,E,I,A,A,H,-,A,A,0,,,,,Y,,A,07,0,0,1,0,0,0,0,0,0,"- ","- ",36.938320159912109,-121.80718994140625,"SANTA CRUZ",UNINCORPORATED,-121.80709075927734,36.938270568847656
91747472,2022,2022-04-13,9720,2022-04-06,1620,021833,,3,2,9,4400,0,2,4,,1,021,"SOQUEL DR.","THURBER LANE",15.00,E,N,A,-,N,,,,,,,,,,N,4,0,1,2,A,-,03,22350,,N,C,C,A,A,H,-,A,A,0,,,,,Y,,-,"- ",0,0,1,0,0,0,0,0,0,"- ","- ",36.988761901855469,-121.97899627685547,"SANTA CRUZ",UNINCORPORATED,-121.97913360595703,36.988742828369141
9174869,2020,2020-12-18,4401,2020-10-08,1600,526,4401,4,5,3,4401,0,0,0,,0,,"BAY AV","HILL ST",0.00,,Y,A,-,N,,,,,,,,,,N,4,0,1,2,A,-,03,22350,,N,D,C,A,A,H,-,A,A,0,,,,,Y,,A,01,0,0,1,0,0,0,0,0,0,"- ","- ",,,"SANTA CRUZ",CAPITOLA,-121.95551300048828,36.981098175048828
91750373,2022,2022-04-18,9720,2022-04-09,0155,022293,,6,3,9,4400,0,2,4,,1,016,"GRAHAM HILL RD","SUMMIT AVE",2376.00,S,N,B,-,N,,,,,,,,,,Y,3,0,1,1,A,-,01,23152,A,N,E,I,A,A,H,-,D,D,0,,,,,Y,Y,A,01,0,1,0,0,0,0,0,0,0,"- ","- ",37.043628692626953,-122.05246734619141,"SANTA CRUZ",UNINCORPORATED,-122.0653076171875,37.049388885498047
91750418,2022,2022-04-18,9720,2022-04-09,0859,021860,,6,1,9,4400,0,1,3,,1,015,"NB SR-9","SAN LORENZO WAY",40.00,N,N,A,-,Y,,,,,,,,,,N,4,0,1,1,A,-,01,23152,A,N,E,I,A,A,H,-,A,D,0,,,,,Y,Y,A,01,0,0,1,0,0,0,0,0,0,"- ","- ",37.057758331298828,-122.97647094726562,"SANTA CRUZ",UNINCORPORATED,-122.07649993896484,37.057659149169922
91751549,2022,2022-04-19,9720,2022-04-14,0800,021714,,4,1,9,4400,0,1,3,,2,020,"SR-1 NB","41ST AVE",528.00,S,N,B,-,Y,,,,,,,,,,Y,4,0,1,2,A,-,03,22350,,N,C,C,A,A,H,-,A,D,0,,,,,Y,,A,01,0,0,1,0,0,0,0,0,0,"- ","- ",36.983348846435547,-121.96208190917969,"SANTA CRUZ",UNINCORPORATED,-121.96205902099609,36.982822418212891
91752590,2022,2022-04-20,9720,2022-04-14,1355,018171,,4,1,9,4400,0,1,3,,2,020,"SR-1 N/B","41ST AVE",1700.00,N,N,B,-,Y,SCR,,1,,,13.932,H,,R,N,4,0,2,1,A,-,03,22350,,N,E,I,A,B,H,-,A,D,0,,,,,Y,,A,01,0,0,2,0,0,0,0,0,0,"- ","- ",36.983150482177734,-121.97006988525391,"SANTA CRUZ",UNINCORPORATED,-121.97005462646484,36.983230590820312
91752802,2022,2022-06-08,9720,2022-04-12,1430,021918,,2,2,9,4400,0,1,3,,1,015,"SR -9","MOUNTAIN ST.",0.00,,Y,A,-,Y,SCR,,9,,,12.867,H,,R,N,2,0,1,2,A,-,09,21802,A,N,D,G,A,A,H,-,A,D,0,,Y,,,Y,,A,01,1,0,0,0,0,0,1,0,0,"- ","- ",37.123291015625,-122.12151336669922,"SANTA CRUZ",UNINCORPORATED,-122.12162017822266,37.123268127441406
91752825,2022,2022-04-20,9720,2022-04-15,1600,021304,,5,2,9,4400,0,2,4,,1,032,"GREEN VALLEY RD","AIRPORT BLVD",60.00,E,N,A,-,N,,,,,,,,,,Y,4,0,1,2,A,-,06,21755,A,N,B,C,A,A,H,-,A,A,0,,,,,Y,,E,22,0,0,1,0,0,0,0,0,0,"- ","- ",36.941169738769531,-121.76941680908203,"SANTA CRUZ",UNINCORPORATED,-121.76938629150391,36.941207885742188
91753703,2022,2022-04-21,9720,2022-04-16,1525,022458,,6,2,9,4400,0,1,3,,2,020,"S/B SR-1 TO FREEDOM BLVD.","FREEDOM BOULEVARD",10.00,N,N,B,-,Y,,,,,,,,,,N,4,0,1,2,A,-,03,22350,,N,C,C,A,A,H,-,A,A,0,,,Y,,Y,,A,01,0,0,1,0,0,0,0,0,1,"- ","- ",36.970111846923828,-121.87389373779297,"SANTA CRUZ",UNINCORPORATED,-121.87389373779297,36.970111846923828
91754848,2022,2022-04-22,9720,2022-04-13,1745,022044,,3,2,9,4400,0,1,3,,2,020,"SR-1 S/B","STATE PARK DR.",4224.00,N,N,A,-,Y,SCR,,1,,,11.333,H,,L,Y,2,0,1,2,A,-,07,21658,A,N,B,C,A,A,H,-,A,D,0,,,Y,,Y,,A,01,1,0,0,0,0,0,0,0,1,"- ","- ",36.982799530029297,-121.92333984375,"SANTA CRUZ",UNINCORPORATED,-121.92337799072266,36.982631683349609
91755771,2022,2022-04-25,9720,2022-04-23,1015,021717,,6,1,9,4400,0,2,4,,1,032,"GREEN VALLEY RD","THICKET LN",45.00,E,N,A,-,N,,,,,,,,,,Y,4,0,1,2,A,-,03,22350,,N,C,C,A,A,H,-,A,D,0,,,,,Y,,A,01,0,0,1,0,0,0,0,0,0,"- ","- ",36.939128875732422,-121.77043151855469,"SANTA CRUZ",UNINCORPORATED,-121.77040100097656,36.939113616943359
91757121,2022,2022-04-26,9720,2022-04-17,1920,021477,,7,2,9,4400,0,2,4,,1,022,"SOQUEL SAN JOSE RD.","SUMMIT RD.",1056.00,S,N,A,-,N,,,,,,,,,,Y,2,0,1,1,A,-,01,23152,A,N,E,I,A,A,H,-,A,D,0,,,,,Y,Y,A,01,1,0,0,0,0,0,0,0,0,"- ","- ",37.118259429931641,-121.9268798828125,"SANTA CRUZ",UNINCORPORATED,-121.92876434326172,37.118209838867188
91759348,2022,2022-04-28,9720,2022-04-27,1901,020012,,3,2,9,4400,0,1,3,,1,017,SR-17,"GLENWOOD DRIVE",0.00,,Y,A,-,Y,SCR,,17,,,10.639,H,,R,Y,3,0,2,2,A,-,09,21802,A,N,D,C,A,A,H,-,A,A,0,,,,,Y,,A,07,0,2,0,0,0,0,0,0,0,"- ","- ",37.119850158691406,-121.97602844238281,"SANTA CRUZ",UNINCORPORATED,-121.97596740722656,37.119857788085938
91761729,2022,2022-05-02,9720,2022-04-25,0800,021717,,1,1,9,4400,0,1,3,,1,017,"SR-17 S/B TO LA MADRONA DR","LA MADRONA DR.",30.00,E,N,A,-,Y,SCR,,17,,,2.196,H,,L,Y,3,0,2,2,A,-,03,22350,,N,H,2,A,A,H,-,A,D,0,,,,Y,Y,,F,26,0,1,1,0,0,0,0,0,0,"- ","- ",37.019229888916016,-122.02799224853516,"SANTA CRUZ",UNINCORPORATED,-122.02790832519531,37.019214630126953
91761733,2022,2022-05-02,9720,2022-04-22,2200,021714,,5,3,9,4400,0,2,4,,1,031,"FREEDOM BLVD.","ERTA LN",181.00,E,N,A,-,N,,,,,,,,,,Y,4,0,1,1,A,-,08,22107,,M,E,I,A,A,H,-,D,D,0,,,,,Y,Y,A,01,0,0,1,0,0,0,0,0,0,"- ","- ",36.954940795898438,-121.79898834228516,"SANTA CRUZ",UNINCORPORATED,-121.80178833007812,36.95751953125
91763350,2022,2022-05-03,9720,2022-04-24,0330,022293,,7,3,9,4400,0,2,4,,1,021,"SOQUEL DRIVE","PERIMETER ROAD",380.00,S,N,A,-,N,,,,,,,,,,Y,3,0,1,1,A,-,01,23152,A,N,E,I,A,A,H,-,C,D,0,,,,,Y,Y,A,01,0,1,0,0,0,0,0,0,0,"- ","- ",36.989059448242188,-121.92801666259766,"SANTA CRUZ",UNINCORPORATED,-121.92794036865234,36.989177703857422
91763661,2022,2022-05-03,9720,2022-04-24,1400,021248,,7,2,9,4400,0,1,3,,2,020,"SR-1 N/B","STATE PARD DR",1320.00,N,N,A,-,Y,SCR,,1,,,10.818,H,,R,N,4,0,2,2,A,-,03,22350,,N,C,C,A,A,H,-,A,D,0,,,,,Y,,A,07,0,0,2,0,0,0,0,0,0,"- ","- ",36.980289459228516,-121.91462707519531,"SANTA CRUZ",UNINCORPORATED,-121.91461944580078,36.980304718017578
91764323,2022,2022-05-04,9720,2022-05-01,0820,021321,,7,1,9,4400,0,3,5,,2,100,"LOMPICO RD","LAKE BOULEVARD",247.00,S,N,A,-,N,,,,,,,,,,Y,2,0,1,1,A,-,08,22107,,N,E,I,A,A,H,-,A,D,0,,,,,Y,,A,07,1,0,0,0,0,0,0,0,0,"- ","- ",37.095050811767578,-122.04215240478516,"SANTA CRUZ",UNINCORPORATED,-122.05290985107422,37.092315673828125
91764631,2022,2022-05-04,9720,2022-04-22,0735,022545,,5,1,9,4400,0,1,3,,1,035,SR-129,"SR-1 N/B ON/OFF RAMP",0.00,,Y,B,C,Y,SCR,,129,,L,0.120,H,,R,Y,4,0,1,2,A,-,09,21802,A,N,D,C,A,B,H,-,A,A,0,,,,,Y,,A,01,0,0,1,0,0,0,0,0,0,"- ","- ",36.8951416015625,-121.77207946777344,"SANTA CRUZ",UNINCORPORATED,-121.77208709716797,36.895149230957031
91765067,2022,2022-05-05,9720,2022-04-27,1050,018171,,3,1,9,4400,0,1,3,,2,030,"SR-1 N/B","LARKIN VALLEY RD",2000.00,S,N,A,-,Y,SCR,,1,,R,7.439,H,,R,N,4,0,1,2,A,-,03,22350,,N,C,C,A,A,H,-,A,D,0,,,,,Y,,A,01,0,0,1,0,0,0,0,0,0,"- ","- ",36.958099365234375,-121.85974884033203,"SANTA CRUZ",UNINCORPORATED,-121.85972595214844,36.958118438720703
91765262,2022,2022-05-05,9720,2022-05-02,1740,021717,,1,2,9,4400,0,3,5,,2,200,"24TH AVE.","ORIOLE LN.",35.00,W,N,A,-,N,,,,,,,,,,Y,4,0,1,2,A,-,09,21804,A,N,D,C,A,A,H,-,A,D,0,,,,,Y,,A,01,0,0,1,0,0,0,0,0,0,"- ","- ",36.964611053466797,-121.98002624511719,"SANTA CRUZ",UNINCORPORATED,-121.9796142578125,36.964557647705078
91765795,2022,2022-05-06,9720,2022-04-26,0850,021248,,2,1,9,4400,0,2,4,,1,022,"SOQUEL SAN JOSE RD","MILLER HILL RD",0.00,,Y,A,-,N,,,,,,,,,,N,4,0,2,2,A,-,09,21802,A,N,D,C,A,A,H,-,A,A,0,,,,,Y,,A,07,0,0,2,0,0,0,0,0,0,"- ","- ",37.112888336181641,-121.94608306884766,"SANTA CRUZ",UNINCORPORATED,-121.94599151611328,37.112857818603516
91767055,2022,2022-05-09,9720,2022-04-29,1035,021714,,5,1,9,4400,0,2,4,,1,021,"SOQUEL DR.","PORTER ST",20.00,E,N,A,-,N,,,,,,,,,,N,4,0,1,2,A,-,07,21658,A,N,B,C,A,A,H,-,A,A,0,,,,,Y,,A,01,0,0,1,0,0,0,0,0,0,"- ","- ",36.988201141357422,-121.95729064941406,"SANTA CRUZ",UNINCORPORATED,-121.95730590820312,36.988140106201172
91767081,2022,2022-05-09,9720,2022-04-29,0715,021304,,5,1,9,4400,0,2,4,,1,032,"HOLOHAN RD","GRIMMER RD",1056.00,N,N,A,-,N,,,,,,,,,,Y,4,0,1,1,A,-,08,22107,,N,E,I,A,A,H,-,A,D,0,,,,,Y,,A,01,0,0,1,0,0,0,0,0,0,"- ","- ",36.93878173828125,-121.75885009765625,"SANTA CRUZ",UNINCORPORATED,-121.75925445556641,36.938808441162109
91767101,2022,2022-05-09,9720,2022-05-01,0220,022162,,7,3,9,4400,0,2,4,,1,024,"E. CLIFF DRIVE","PROSPECT STREET",775.00,N,N,A,-,N,,,,,,,,,,Y,4,0,1,1,A,-,01,23152,,N,E,J,A,A,H,-,C,D,0,,,,,Y,Y,A,07,0,0,1,0,0,0,0,0,0,"- ","- ",36.961811065673828,-121.99668884277344,"SANTA CRUZ",UNINCORPORATED,-121.99300384521484,36.964340209960938
91767103,2022,2022-05-09,9720,2022-05-01,1735,022545,,7,2,9,4400,0,3,5,,2,300,"MAR MONTE AVE","LA SELVA DR",1584.00,S,N,A,-,N,,,,,,,,,,Y,3,0,2,2,A,-,05,21460,A,N,A,C,A,A,H,-,A,D,0,,,,,Y,Y,D,22,0,1,1,0,0,0,0,0,0,"- ","- ",36.944358825683594,-121.85224151611328,"SANTA CRUZ",UNINCORPORATED,-121.85213470458984,36.944503784179688
91767421,2022,2022-05-09,9720,2022-04-29,1040,021714,,5,1,9,4400,0,2,4,,1,021,"SOQUEL DR","COTTON LN",20.00,E,N,A,-,N,,,,,,,,,,N,4,0,1,2,A,-,07,21658,A,F,B,C,A,A,H,-,A,A,0,,,,,Y,,A,01,0,0,1,0,0,0,0,0,0,"- ","- ",36.987689971923828,-121.96366119384766,"SANTA CRUZ",UNINCORPORATED,-121.96368408203125,36.987644195556641