CASE_ID,ACCIDENT_YEAR,PROC_DATE,JURIS,COLLISION_DATE,COLLISION_TIME,OFFICER_ID,REPORTING_DISTRICT,DAY_OF_WEEK,CHP_SHIFT,POPULATION,CNTY_CITY_LOC,SPECIAL_COND,BEAT_TYPE,CHP_BEAT_TYPE,CITY_DIVISION_LAPD,CHP_BEAT_CLASS,BEAT_NUMBER,PRIMARY_RD,SECONDARY_RD,DISTANCE,DIRECTION,INTERSECTION,WEATHER_1,WEATHER_2,STATE_HWY_IND,CALTRANS_COUNTY,CALTRANS_DISTRICT,STATE_ROUTE,ROUTE_SUFFIX,POSTMILE_PREFIX,POSTMILE,LOCATION_TYPE,RAMP_INTERSECTION,SIDE_OF_HWY,TOW_AWAY,COLLISION_SEVERITY,NUMBER_KILLED,NUMBER_INJURED,PARTY_COUNT,PRIMARY_COLL_FACTOR,PCF_CODE_OF_VIOL,PCF_VIOL_CATEGORY,PCF_VIOLATION,PCF_VIOL_SUBSECTION,HIT_AND_RUN,TYPE_OF_COLLISION,MVIW,PED_ACTION,ROAD_SURFACE,ROAD_COND_1,ROAD_COND_2,LIGHTING,CONTROL_DEVICE,CHP_ROAD_TYPE,PEDESTRIAN_ACCIDENT,BICYCLE_ACCIDENT,MOTORCYCLE_ACCIDENT,TRUCK_ACCIDENT,NOT_PRIVATE_PROPERTY,ALCOHOL_INVOLVED,STWD_VEHTYPE_AT_FAULT,CHP_VEHTYPE_AT_FAULT,COUNT_SEVERE_INJ,COUNT_VISIBLE_INJ,COUNT_COMPLAINT_PAIN,COUNT_PED_KILLED,COUNT_PED_INJURED,COUNT_BICYCLIST_KILLED,COUNT_BICYCLIST_INJURED,COUNT_MC_KILLED,COUNT_MC_INJURED,PRIMARY_RAMP,SECONDARY_RAMP,LATITUDE,LONGITUDE,COUNTY,CITY,POINT_X,POINT_Y
92013032,2023,2023-03-08,9720,2023-01-20,2120,022044,,5,2,9,4400,0,1,3,,2,030,"CARLTON RD.","PECKHAM RD.",50.00,S,N,A,-,N,,,,,,,,,,N,3,0,1,2,A,-,11,21954,A,N,G,B,E,A,H,-,D,D,0,Y,,,,Y,,N,60,0,1,0,0,1,0,0,0,0,"- ","- ",36.944129943847656,-121.714599609375,"SANTA CRUZ",UNINCORPORATED,-121.71453094482422,36.944087982177734
92014043,2023,2023-03-09,9720,2023-02-26,2027,019956,,7,2,9,4400,0,1,3,,1,017,"SR-17 N/B","EL RANCHO DR",150.00,S,N,B,C,Y,SCR,,17," "," ",2.146,H,,R,Y,2,0,1,1,A,-,01,23152,A,N,E,I,A,B,H,-,C,D,0,,,,,Y,Y,A,01,1,0,0,0,0,0,0,0,0,"- ","- ",37.018489837646484,-122.02770233154297,"SANTA CRUZ",UNINCORPORATED,-122.02763366699219,37.018497467041016
92014271,2022,2023-03-10,9720,2022-11-27,0200,021717,,7,3,9,4400,0,2,4,,1,032,"AIRPORT BOULEVARD","PAJARO LANE",425.73,E,N,A,-,N,,,,,,,,,,Y,1,1,0,1,A,-,01,23152,A,N,E,I,A,A,H,-,D,D,0,,,,,Y,Y,A,01,0,0,0,0,0,0,0,0,0,"- ","- ",36.941459655761719,-121.77298736572266,"SANTA CRUZ",UNINCORPORATED,-121.77305603027344,36.941505432128906
92014272,2022,2023-03-10,9720,2022-11-20,1627,021860,,7,2,9,4400,0,3,5,,2,100,"MOUNT HERMON ROAD","COVENANT LANE",593.50,S,N,A,-,N,,,,,,,,,,Y,1,1,1,2,A,-,05,21460,A,N,A,C,A,A,H,-,A,D,0,,,,,Y,,A,07,1,0,0,0,0,0,0,0,0,"- ","- ",37.054351806640625,-122.0628662109375,"SANTA CRUZ",UNINCORPORATED,-122.06283569335938,37.054401397705078
92015895,2023,2023-03-13,9720,2023-02-28,1220,015699,,2,1,9,4400,0,2,4,,1,031,"FREEDOM BLVD","LA VIDA DR.",1056.00,N,N,B,C,N,,,,,,,,,,Y,4,0,1,1,A,-,08,22107,,N,E,I,A,B,H,-,A,D,0,,,,,Y,,A,07,0,0,1,0,0,0,0,0,0,"- ","- ",36.982578277587891,-121.82975769042969,"SANTA CRUZ",UNINCORPORATED,-121.82986450195312,36.982711791992188
92017527,2023,2023-03-14,9720,2023-03-03,2220,023166,,5,3,9,4400,0,2,4,,1,024,"E CLIFF DR.","JOHANS BEACH DR",103.00,W,N,A,-,N,,,,,,,,,,Y,2,0,2,2,A,-,01,23152,A,F,C,E,A,A,D,-,C,D,0,,,,,Y,Y,A,01,1,1,0,0,0,0,0,0,0,"- ","- ",36.962959289550781,-121.98906707763672,"SANTA CRUZ",UNINCORPORATED,-121.98903656005859,36.962963104248047
92017649,2023,2023-03-14,9720,2023-03-04,"300 ",022901,,6,3,9,4400,0,3,5,,2,100,"EMPIRE GRADE RD","CAVE GULCH ROAD",2640.00,S,N,A,-,N,,,,,,,,,,Y,4,0,1,1,A,-,08,22107,,N,E,8,A,A,H,-,D,D,0,,,,,Y,,A,01,0,0,1,0,0,0,0,0,0,"- ","- ",37.001480102539062,-122.07103729248047,"SANTA CRUZ",UNINCORPORATED,-122.07052612304688,37.001502990722656
92018401,2023,2023-03-15,9720,2023-03-05,"749 ",021304,,7,1,9,4400,0,1,3,,1,035,SR-129,"LEE ROAD",1056.00,E,N,C,-,Y,SCR,,129," ",L,0.051,H,,R,Y,2,0,2,2,A,-,05,21460,A,N,A,C,A,B,H,-,A,D,0,,,,,Y,,A,01,1,1,0,0,0,0,0,0,0,"- ","- ",36.894630432128906,-121.77333068847656,"SANTA CRUZ",UNINCORPORATED,-121.7733154296875,36.894603729248047
92018408,2023,2023-03-15,9720,2023-03-10,1545,023026,,5,2,9,4400,0,1,3,,1,017,"SR-17 S/B","MT. HERMON RD",200.00,N,N,C,-,Y,SCR,,17," "," ",3.614,H,,L,Y,4,0,1,2,A,-,08,22107,,N,B,C,A,B,H,-,A,D,0,,,,,Y,,A,07,0,0,1,0,0,0,0,0,0,"- ","- ",37.037220001220703,-122.01860809326172,"SANTA CRUZ",UNINCORPORATED,-122.01866912841797,37.037254333496094
92018433,2023,2023-03-15,9720,2023-02-21,1209,015170,,2,1,9,4400,0,1,3,,1,017,SR-17,"GLENWOOD DR",528.00,S,N,A,G,Y,SCR,,17," "," ",10.450,H,,R,Y,3,0,1,1,A,-,08,22107,,N,E,I,A,A,H,-,A,D,0,,,,,Y,,A,01,0,1,0,0,0,0,0,0,0,"- ","- ",37.117378234863281,-121.97543334960938,"SANTA CRUZ",UNINCORPORATED,-121.97533416748047,37.117336273193359
92021459,2023,2023-03-20,9720,2023-03-07,1747,023180,,2,2,9,4400,0,1,3,,2,020,"S/B SR-1","STATE PARD DR",100.00,N,N,A,-,Y,SCR,,1," "," ",10.557,H,,R,N,3,0,1,2,A,-,07,21658,A,N,C,C,A,A,H,-,A,D,0,,,Y,,Y,Y,A,07,0,1,0,0,0,0,0,0,1,"- ","- ",36.97808837890625,-121.91079711914062,"SANTA CRUZ",UNINCORPORATED,-121.91067504882812,36.978244781494141
92022140,2023,2023-03-20,9720,2023-03-08,1000,020977,,3,1,9,4400,0,2,4,,1,021,"SOQUEL DRIVE","THURBER LANE",150.00,N,N,A,-,N,,,,,,,,,,N,4,0,1,2,A,-,08,22107,,N,D,G,A,B,H,-,A,D,0,,Y,,,Y,,A,01,0,0,1,0,0,0,1,0,0,"- ","- ",36.988971710205078,-121.97972869873047,"SANTA CRUZ",UNINCORPORATED,-121.97966766357422,36.988887786865234
92022859,2023,2023-03-20,9720,2023-03-15,"930 ",018171,,3,1,9,4400,0,2,4,,1,024,"BROMMER ST","ODYSSEY CT",10.00,N,N,A,-,N,,,,,,,,,,N,4,0,1,2,A,-,03,22350,,N,C,C,A,A,H,-,A,D,0,,,,,Y,,A,01,0,0,1,0,0,0,0,0,0,"- ","- ",36.972019195556641,-121.99047088623047,"SANTA CRUZ",UNINCORPORATED,-121.99034881591797,36.972049713134766
92025272,2023,2023-03-22,9720,2023-03-13,1445,023146,,1,2,9,4400,0,1,3,,1,015,SR-9,"FALL CREEK RD",333.00,N,N,B,-,Y,SCR,,9," "," ",7.124,H,,R,Y,4,0,1,2,A,-,09,21801,A,N,F,A,A,A,H,-,A,D,0,,,Y,,Y,,A,07,0,0,1,0,0,0,0,0,1,"- ","- ",37.060489654541016,-122.0797119140625,"SANTA CRUZ",UNINCORPORATED,-122.07970428466797,37.060489654541016
92029549,2023,2023-03-27,9720,2023-03-21,1418,019956,,2,2,9,4400,0,1,3,,2,030,"SR-1 S/B","AIRPORT BLVD",2112.00,N,N,B,C,Y,SCR,,1," ",R,3.619,H,,L,N,4,0,2,2,A,-,03,22350,,N,E,I,A,B,H,-,A,D,0,,,,,Y,,D,22,0,0,2,0,0,0,0,0,0,"- ","- ",36.928188323974609,-121.80342864990234,"SANTA CRUZ",UNINCORPORATED,-121.80339050292969,36.928226470947266
92030339,2023,2023-03-28,9720,2023-03-17,"645 ",023214,,5,1,9,4400,0,1,S,,2,900,"SR-1 N/B","RIO DEL MAR BLVD.",320.00,S,N,A,-,Y,SCR,,1," "," ",9.086,H,,R,Y,3,0,1,2,A,-,03,22350,,N,C,C,A,A,H,-,A,D,0,,,,,Y,,A,01,0,1,0,0,0,0,0,0,0,"- ","- ",36.974758148193359,-121.88510894775391,"SANTA CRUZ",UNINCORPORATED,-121.88510131835938,36.974784851074219
92030481,2023,2023-03-28,9720,2023-03-17,1655,018171,,5,2,9,4400,0,2,4,,1,016,"GRAHAM HILL ROAD","SUMMIT AVE",1690.00,S,N,A,-,N,,,,,,,,,,Y,3,0,3,2,A,-,08,22107,,N,A,C,A,A,H,-,A,D,0,,,,,Y,,A,07,0,3,0,0,0,0,0,0,0,"- ","- ",37.043460845947266,-122.05239105224609,"SANTA CRUZ",UNINCORPORATED,-122.06416320800781,37.047760009765625
92035655,2023,2023-04-03,9720,2023-03-23,"810 ",023245,,4,1,9,4400,0,1,3,,2,020,"SR-1 S/B","SOQUEL AVE",1320.00,N,N,A,-,Y,SCR,,1," "," ",15.135,H,,L,Y,4,0,3,3,A,-,03,22350,,N,C,C,A,A,H,-,A,D,0,,,,,Y,,A,01,0,0,3,0,0,0,0,0,0,"- ","- ",36.9876708984375,-121.9910888671875,"SANTA CRUZ",UNINCORPORATED,-121.99107360839844,36.987747192382812
92035693,2023,2023-04-03,9720,2023-03-23,1530,021248,,4,2,9,4400,0,1,3,,1,015,"NEWELL CREEK RD","RANCHO RIO AVE",125.00,N,N,B,-,N,,,,,,,,,,N,3,0,3,1,A,-,08,22107,,N,E,8,A,A,H,-,A,D,0,,,,,Y,,D,22,0,1,2,0,0,0,0,0,0,"- ","- ",37.08837890625,-122.07795715332031,"SANTA CRUZ",UNINCORPORATED,-122.07802581787109,37.088359832763672
92037638,2023,2023-04-05,9720,2023-03-23,2300,023026,,4,3,9,4400,0,1,3,,1,014,"SR-9 S/B","STAPP RD",100.00,N,N,B,-,Y,SCR,,9," "," ",17.848,H,,L,Y,3,0,1,1,A,-,01,23152,A,N,E,J,A,B,H,-,D,D,0,,,,,Y,Y,D,22,0,1,0,0,0,0,0,0,0,"- ","- ",37.189170837402344,-122.14369201660156,"SANTA CRUZ",UNINCORPORATED,-122.14369964599609,37.189163208007812
92039909,2023,2023-04-07,9720,2023-03-27,1601,023103,,1,2,9,4400,0,3,5,,2,300,"CALABASAS ROAD","BOWKER ROAD",0.00,,Y,A,-,N,,,,,,,,,,Y,4,0,1,2,A,-,12,22450,A,N,D,C,A,A,H,-,A,A,0,,,,,Y,,A,07,0,0,1,0,0,0,0,0,0,"- ","- ",36.942169189453125,-121.79046630859375,"SANTA CRUZ",UNINCORPORATED,-121.79041290283203,36.942184448242188
92040173,2023,2023-04-10,9720,2023-04-08,1150,022293,,6,1,9,4400,0,1,3,,1,015,SR-9,"EXIT RD",3960.00,N,N,A,-,Y,SCR,,9," "," ",2.044,H,,R,Y,3,0,1,1,C,-,18,,,N,E,J,A,A,H,-,A,D,0,,,,,Y,,-,"- ",0,1,0,0,0,0,0,0,0,"- ","- ",37.007419586181641,-122.04515838623047,"SANTA CRUZ",UNINCORPORATED,-122.04515075683594,37.007427215576172
92040180,2023,2023-04-10,9720,2023-03-30,1520,021717,,4,2,9,4400,0,2,4,,1,022,"SOQUEL SAN JOSE RD.","ONEIL LN",387.00,S,N,A,-,N,,,,,,,,,,N,4,0,3,2,A,-,04,21703,,N,C,C,A,A,H,-,A,D,0,,,,,Y,,A,01,0,0,3,0,0,0,0,0,0,"- ","- ",36.991710662841797,-121.95729064941406,"SANTA CRUZ",UNINCORPORATED,-121.95726013183594,36.991748809814453
92041735,2023,2023-04-11,9720,2023-03-29,1115,020562,,3,1,9,4400,0,1,3,,1,017,"SR-17 S/B","LA MADRONA DR",132.00,S,N,B,-,Y,SCR,,17," "," ",2.150,H,,L,N,3,0,1,1,A,-,03,22350,,N,E,I,A,B,H,-,A,D,0,,,,,Y,,A,01,0,1,0,0,0,0,0,0,0,"- ","- ",37.018539428710938,-122.02810668945312,"SANTA CRUZ",UNINCORPORATED,-122.02799987792969,37.018539428710938
92041849,2023,2023-04-11,9720,2023-03-31,1915,023146,,5,2,9,4400,0,2,4,,1,023,"41ST AVE","SOQUEL DR",550.00,S,N,A,-,N,,,,,,,,,,Y,4,0,1,2,A,-,09,21801,A,N,A,C,A,A,H,-,A,D,0,,,,,Y,,A,07,0,0,1,0,0,0,0,0,0,"- ","- ",36.985858917236328,-121.96488952636719,"SANTA CRUZ",UNINCORPORATED,-121.96494293212891,36.985889434814453
92044932,2023,2023-04-14,9720,2023-03-23,1055,015699,,4,1,9,4400,0,3,5,,2,300,"CORRALITOS RD","SKYLARK LN",1056.00,N,N,B,-,N,,,,,,,,,,N,3,0,1,1,A,-,08,22107,,N,E,I,A,A,H,-,A,D,0,,,,,Y,,D,22,0,1,0,0,0,0,0,0,0,"- ","- ",36.979610443115234,-121.80612182617188,"SANTA CRUZ",UNINCORPORATED,-121.80603790283203,36.979774475097656
92045136,2023,2023-04-14,9720,2023-04-04,2206,023186,,2,3,9,4400,0,1,3,,1,034,SR-152,"RED HAWK PLACE",1584.00,E,N,A,-,Y,SCR,,152," "," ",5.624,H,,R,Y,3,0,1,1,A,-,01,23152,A,N,E,8,A,A,H,-,D,D,0,,,,,Y,Y,D,22,0,1,0,0,0,0,0,0,0,"- ","- ",36.975658416748047,-121.71485137939453,"SANTA CRUZ",UNINCORPORATED,-121.71487426757812,36.975643157958984
92045908,2023,2023-04-17,9720,2023-04-04,2150,023110,,2,2,9,4400,0,3,5,,2,200,"LAUREL GLEN RD","PEREGRINE LN",50.00,E,N,A,-,N,,,,,,,,,,Y,3,0,1,1,A,-,01,23152,A,N,E,I,A,A,H,-,D,D,0,,,,,Y,Y,A,01,0,1,0,0,0,0,0,0,0,"- ","- ",37.038040161132812,-121.94873046875,"SANTA CRUZ",UNINCORPORATED,-121.94878387451172,37.038169860839844
92047654,2023,2023-04-18,9720,2023-04-06,1525,023245,,4,2,9,4400,0,1,3,,1,034,SR-152,"FALLOWFIELD LANE",1584.00,E,N,B,-,Y,SCR,,152," "," ",4.373,H,,R,Y,3,0,1,1,A,-,08,22107,,N,F,A,A,A,H,-,A,D,0,,,,,Y,,A,01,0,1,0,0,0,0,0,0,0,"- ","- ",36.964069366455078,-121.72090911865234,"SANTA CRUZ",UNINCORPORATED,-121.72101593017578,36.964088439941406
92048785,2023,2023-04-19,9720,2023-04-09,"14  ",022545,,7,3,9,4400,0,1,3,,2,020,"SR-1 N/B TO STATE PARK DR","STATE PARD DR",528.00,S,N,A,-,Y,,,,,,,,,,Y,3,0,1,1,A,-,01,23152,A,N,E,I,A,A,H,-,D,D,0,,,,,Y,Y,-,"- ",0,1,0,0,0,0,0,0,0,"- ","- ",36.977508544921875,-121.90863037109375,"SANTA CRUZ",UNINCORPORATED,-121.90863037109375,36.977508544921875
92048951,2023,2023-04-19,9720,2023-04-10,1627,023166,,1,2,9,4400,0,1,3,,2,020,"SR-1 S/B","PARK AVE",2640.00,S,N,A,-,Y,SCR,,1," "," ",11.658,H,,L,N,4,0,2,3,A,-,03,22350,,N,C,C,A,A,H,-,A,D,0,,,,,Y,,A,07,0,0,2,0,0,0,0,0,0,"- ","- ",36.983451843261719,-121.92915344238281,"SANTA CRUZ",UNINCORPORATED,-121.92915344238281,36.983436584472656
92048960,2023,2023-04-19,9720,2023-04-09,2330,021211,,7,3,9,4400,0,1,3,,1,010,SR-1,"SWANTON RD",1056.00,N,N,A,-,Y,,,,,,,,,,N,4,0,1,1,A,-,03,22350,,N,E,J,A,A,H,-,D,D,0,,,,,Y,,A,01,0,0,1,0,0,0,0,0,0,"- ","- ",37.030570983886719,-122.22032928466797,"SANTA CRUZ",UNINCORPORATED,-122.22011566162109,37.030902862548828
92049746,2023,2023-04-20,9720,2023-04-10,1035,015699,,1,1,9,4400,0,1,3,,2,030,"STATE HIGHWAY 1 (SOUTHBOUND)","BEACH ST",150.00,S,N,A,-,Y,SCR,,1," ",R,0.989,H,,R,Y,4,0,1,2,A,-,03,22350,,N,C,C,A,A,D,-,A,A,0,,,,,Y,,A,01,0,0,1,0,0,0,0,0,0,"- ","- ",36.897811889648438,-121.77638244628906,"SANTA CRUZ",UNINCORPORATED,-121.77617645263672,36.897891998291016
92049895,2023,2023-04-20,9720,2023-04-10,"245 ",022879,,1,3,9,4400,0,1,3,,1,017,"SR-17 N/B","LAUREL RD.",845.00,N,N,A,-,Y,SCR,,17," "," ",9.602,H,,R,N,3,0,1,1,A,-,01,23152,F,N,E,I,A,A,H,-,D,D,0,,,,,Y,,A,01,0,1,0,0,0,0,0,0,0,"- ","- ",37.106410980224609,-121.97566223144531,"SANTA CRUZ",UNINCORPORATED,-121.97565460205078,37.106410980224609
92050441,2023,2023-05-24,9720,2023-04-11,2245,023110,,2,3,9,4400,0,1,3,,2,030,"SR-1 N/B","MAR MONTE",7920.00,S,N,A,-,Y,SCR,,1," ",R,5.306,H,,R,Y,3,0,2,2,A,-,03,22350,,N,C,C,A,A,H,-,D,D,0,,,,,Y,,A,01,0,2,0,0,0,0,0,0,0,"- ","- ",36.938091278076172,-121.83110046386719,"SANTA CRUZ",UNINCORPORATED,-121.83108520507812,36.938125610351562
92051889,2023,2023-04-24,9720,2023-04-12,1240,021211,,3,1,9,4400,0,1,3,,1,014,SR-9,"ROMONA DR.",150.00,S,N,A,-,Y,SCR,,9," "," ",17.503,H,,R,Y,3,0,1,1,A,-,08,22107,,N,E,8,A,A,H,-,A,D,0,,,,,Y,,A,01,0,1,0,0,0,0,0,0,0,"- ","- ",37.185081481933594,-122.14158630371094,"SANTA CRUZ",UNINCORPORATED,-122.14145660400391,37.185138702392578
92051911,2023,2023-04-24,9720,2023-03-28,1330,015699,,2,1,9,4400,0,2,4,,1,024,"BROMMER ST","LIVE OAK AVE",40.00,E,N,B,-,N,,,,,,,,,,N,3,0,2,3,A,-,03,22350,,N,C,C,A,B,H,-,A,D,0,,,,,Y,,A,07,0,1,1,0,0,0,0,0,0,"- ","- ",36.972049713134766,-121.99127960205078,"SANTA CRUZ",UNINCORPORATED,-121.99136352539062,36.972049713134766
92052125,2023,2023-04-24,9720,2023-04-13,1250,020977,,4,1,9,4400,0,2,4,,1,021,"SOQUEL DRIVE","STATE PARK DRIVE",40.00,S,N,A,-,N,,,,,,,,,,Y,3,0,1,3,A,-,03,22350,,N,C,C,A,A,H,-,A,A,0,,,,,Y,,A,01,0,1,0,0,0,0,0,0,0,"- ","- ",36.979690551757812,-121.90815734863281,"SANTA CRUZ",UNINCORPORATED,-121.90836334228516,36.979766845703125
92053070,2023,2023-04-25,9720,2023-04-16,1627,022458,,7,2,9,4400,0,1,3,,2,020,"SR-1 N/B","PORTER STREET",1320.00,S,N,A,-,Y,SCR,,1," "," ",12.938,H,,R,N,4,0,2,2,A,-,03,22350,,N,C,C,A,A,H,-,A,D,0,,,,,Y,,A,07,0,0,2,0,0,0,0,0,0,"- ","- ",36.983711242675781,-121.95223999023438,"SANTA CRUZ",UNINCORPORATED,-121.95223999023438,36.983726501464844
92053229,2023,2023-04-26,9720,2023-04-16,1920,022458,,7,2,9,4400,0,1,3,,2,020,"SR-1 N/B","STATE PARK DRIVE",80.00,N,N,A,-,Y,SCR,,1," "," ",10.559,H,,R,Y,4,0,1,2,A,-,03,22350,,N,C,C,A,A,H,-,B,D,0,,,,,Y,,A,01,0,0,1,0,0,0,0,0,0,"- ","- ",36.978279113769531,-121.91069030761719,"SANTA CRUZ",UNINCORPORATED,-121.91070556640625,36.978260040283203
92053773,2023,2023-04-26,9720,2023-04-15,"742 ",021714,,6,1,9,4400,0,3,5,,2,100,"EMPIRE GRADE RD","ICE CREAM GRD",528.00,W,N,A,-,N,,,,,,,,,,Y,3,0,1,1,A,-,08,22107,,N,E,8,A,A,H,-,A,D,0,,,,,Y,,-,"- ",0,1,0,0,0,0,0,0,0,"- ","- ",37.059131622314453,-122.12438201904297,"SANTA CRUZ",UNINCORPORATED,,
92053793,2023,2023-04-26,9720,2023-04-15,2256,023245,,6,3,9,4400,0,3,5,,2,300,"LAKEVIEW RD","CRESTWOOD DRIVE",1056.00,S,N,B,-,N,,,,,,,,,,Y,3,0,2,1,A,-,01,23152,A,N,E,I,A,A,H,-,D,D,0,,,,,Y,Y,A,01,0,2,0,0,0,0,0,0,0,"- ","- ",36.9263916015625,-121.73342132568359,"SANTA CRUZ",UNINCORPORATED,-121.73291015625,36.925884246826172
92055066,2023,2023-04-27,9720,2023-04-16,1335,020977,,7,1,9,4400,0,3,5,,2,300,"CORRALITOS RD","VARNI RD",0.00,,Y,A,-,N,,,,,,,,,,Y,4,0,1,2,A,-,09,21802,A,N,D,C,A,A,H,-,A,A,0,,,,,Y,,A,01,0,0,1,0,0,0,0,0,0,"- ","- ",36.967151641845703,-121.80725860595703,"SANTA CRUZ",UNINCORPORATED,-121.80734252929688,36.966949462890625
92055082,2023,2023-04-27,9720,2023-03-30,1210,015699,,4,1,9,4400,0,2,4,,1,031,"FREEDOM BLVD","DAY VALLEY RD.",200.00,N,N,B,-,N,,,,,,,,,,Y,4,0,3,2,A,-,03,22350,,N,C,C,A,A,H,-,A,D,0,,,,,Y,,A,01,0,0,3,0,0,0,0,0,0,"- ","- ",36.987808227539062,-121.83859252929688,"SANTA CRUZ",UNINCORPORATED,-121.83831024169922,36.987808227539062
92057369,2023,2023-05-01,9720,2023-04-19,1602,022907,,3,2,9,4400,0,1,3,,2,020,"SR-1 S/B","MORRISSEY BLVD",1584.00,N,N,A,-,Y,SCR,,1," "," ",16.278,H,,L,Y,4,0,1,2,A,-,03,22350,,N,C,C,A,A,H,-,A,D,0,,,,,Y,,A,07,0,0,1,0,0,0,0,0,0,"- ","- ",36.988418579101562,-122.01161956787109,"SANTA CRUZ",UNINCORPORATED,-122.01161193847656,36.988502502441406
92061084,2023,2023-05-04,9720,2023-04-21,1735,022907,,5,2,9,4400,0,1,3,,1,017,"SR-17 N/B","VINE HILL RD",68.00,N,N,A,-,Y,SCR,,17," "," ",7.683,H,,R,Y,3,0,2,2,A,-,09,21802,A,N,C,C,A,A,H,-,A,D,0,,,,,Y,,A,08,0,1,1,0,0,0,0,0,0,"- ","- ",37.079109191894531,-121.97917938232422,"SANTA CRUZ",UNINCORPORATED,-121.97923278808594,37.079151153564453
92061141,2023,2023-05-04,9720,2023-04-22,1530,022901,,6,2,9,4400,0,2,4,,1,024,"EAST CLIFF DRIVE","24TH AVENUE",0.00,,Y,A,-,N,,,,,,,,,,Y,3,0,1,2,A,-,06,21755,,N,D,C,A,A,H,-,A,D,0,,,Y,,Y,,C,02,0,1,0,0,0,0,0,0,1,"- ","- ",36.959629058837891,-121.98210906982422,"SANTA CRUZ",UNINCORPORATED,-121.98203277587891,36.959598541259766
92061157,2023,2023-05-04,9720,2023-04-23,1600,023214,,7,2,9,4400,0,2,4,,1,021,"SOQUEL DR.","S RODEO GULCH RD.",0.00,,Y,A,-,N,,,,,,,,,,Y,3,0,2,2,A,-,09,21801,A,N,D,C,A,A,H,-,A,A,0,,,,,Y,,A,01,0,2,0,0,0,0,0,0,0,"- ","- ",36.987571716308594,-121.96959686279297,"SANTA CRUZ",UNINCORPORATED,-121.96955871582031,36.987606048583984
92063164,2023,2023-05-08,9720,2023-04-15,2325,022976,,6,3,9,4400,0,1,3,,1,015,SR-9,"OLD BIG TREES ROAD",5280.00,S,N,A,-,Y,SCR,,9," "," ",3.863,H,,R,N,4,0,1,1,A,-,01,23152,A,M,E,8,A,A,H,-,D,D,0,,,,,Y,Y,A,01,0,0,1,0,0,0,0,0,0,"- ","- ",37.024021148681641,-122.06076812744141,"SANTA CRUZ",UNINCORPORATED,-122.06074523925781,37.023994445800781
92063168,2023,2023-05-08,9720,2023-04-26,2013,022879,,3,2,9,4400,0,2,4,,1,021,"SOQUEL DR.","COMMERCIAL CROSSING",154.00,E,N,A,-,N,,,,,,,,,,N,3,0,1,1,C,-,18,,,N,F,A,A,A,H,-,C,D,0,,Y,,,Y,,-,"- ",0,1,0,0,0,0,1,0,0,"- ","- ",36.988780975341797,-121.98235321044922,"SANTA CRUZ",UNINCORPORATED,-121.98243713378906,36.988826751708984
92063394,2023,2023-05-08,9720,2023-04-26,"700 ",023103,,3,1,9,4400,0,1,3,,2,030,"NORTHBOUND SR-1","MAR MONTE AVE",2112.00,S,N,A,-,Y,SCR,,1," ",R,6.378,H,,R,Y,3,0,1,2,A,-,07,21658,A,N,B,C,A,A,H,-,A,D,0,,,Y,,Y,,A,07,0,1,0,0,0,0,0,0,1,"- ","- ",36.946670532226562,-121.84706115722656,"SANTA CRUZ",UNINCORPORATED,-121.84702301025391,36.946701049804688
92065797,2023,2023-06-21,9720,2023-04-27,2114,021304,,4,2,9,4400,0,1,3,,1,035,SR-129,"CARLTON RD",0.00,,Y,A,-,Y,SCR,,129," "," ",3.268,H,,R,Y,3,0,6,2,A,-,09,21802,A,N,D,C,A,A,H,-,D,A,0,,,,,Y,,A,07,0,1,5,0,0,0,0,0,0,"- ","- ",36.924388885498047,-121.69921112060547,"SANTA CRUZ",UNINCORPORATED,-121.69921112060547,36.924308776855469
92065951,2023,2023-05-10,9720,2023-04-29,1739,023146,,6,2,9,4400,0,2,4,,1,016,"GRAHAM HILL RD","EAST ZAYANTE RD",320.00,W,N,A,-,N,,,,,,,,,,Y,4,0,2,2,A,-,03,22350,,N,C,C,A,A,H,-,A,D,0,,,,,Y,,A,01,0,0,2,0,0,0,0,0,0,"- ","- ",37.050361633300781,-122.06684112548828,"SANTA CRUZ",UNINCORPORATED,-122.06671905517578,37.050338745117188
92066544,2023,2023-05-11,9720,2023-04-29,2123,023245,,6,2,9,4400,0,3,5,,2,100,"E. ZAYANTE ROAD","OLYMPIA STATION ROAD",2270.00,S,N,A,-,N,,,,,,,,,,Y,4,0,1,5,A,-,01,23152,A,M,D,E,A,A,H,-,C,D,0,,,,,Y,Y,D,22,0,0,1,0,0,0,0,0,0,"- ","- ",37.067619323730469,-122.05721282958984,"SANTA CRUZ",UNINCORPORATED,-122.05720520019531,37.067863464355469