CASE_ID,ACCIDENT_YEAR,PROC_DATE,JURIS,COLLISION_DATE,COLLISION_TIME,OFFICER_ID,REPORTING_DISTRICT,DAY_OF_WEEK,CHP_SHIFT,POPULATION,CNTY_CITY_LOC,SPECIAL_COND,BEAT_TYPE,CHP_BEAT_TYPE,CITY_DIVISION_LAPD,CHP_BEAT_CLASS,BEAT_NUMBER,PRIMARY_RD,SECONDARY_RD,DISTANCE,DIRECTION,INTERSECTION,WEATHER_1,WEATHER_2,STATE_HWY_IND,CALTRANS_COUNTY,CALTRANS_DISTRICT,STATE_ROUTE,ROUTE_SUFFIX,POSTMILE_PREFIX,POSTMILE,LOCATION_TYPE,RAMP_INTERSECTION,SIDE_OF_HWY,TOW_AWAY,COLLISION_SEVERITY,NUMBER_KILLED,NUMBER_INJURED,PARTY_COUNT,PRIMARY_COLL_FACTOR,PCF_CODE_OF_VIOL,PCF_VIOL_CATEGORY,PCF_VIOLATION,PCF_VIOL_SUBSECTION,HIT_AND_RUN,TYPE_OF_COLLISION,MVIW,PED_ACTION,ROAD_SURFACE,ROAD_COND_1,ROAD_COND_2,LIGHTING,CONTROL_DEVICE,CHP_ROAD_TYPE,PEDESTRIAN_ACCIDENT,BICYCLE_ACCIDENT,MOTORCYCLE_ACCIDENT,TRUCK_ACCIDENT,NOT_PRIVATE_PROPERTY,ALCOHOL_INVOLVED,STWD_VEHTYPE_AT_FAULT,CHP_VEHTYPE_AT_FAULT,COUNT_SEVERE_INJ,COUNT_VISIBLE_INJ,COUNT_COMPLAINT_PAIN,COUNT_PED_KILLED,COUNT_PED_INJURED,COUNT_BICYCLIST_KILLED,COUNT_BICYCLIST_INJURED,COUNT_MC_KILLED,COUNT_MC_INJURED,PRIMARY_RAMP,SECONDARY_RAMP,LATITUDE,LONGITUDE,COUNTY,CITY,POINT_X,POINT_Y
92103499,2023,2023-07-20,9720,2023-02-16,"640 ",023026,,4,1,9,4400,0,3,5,,2,100,"BOONY DOON RD",SR-1,7920.00,N,N,A,-,N,,,,,,,,,,Y,1,1,0,1,A,-,03,22350,,N,E,I,A,A,H,-,B,D,0,,,,,Y,,A,01,0,0,0,0,0,0,0,0,0,"- ","- ",37.017791748046875,-122.16763305664062,"SANTA CRUZ",UNINCORPORATED,-122.16855621337891,37.017002105712891
92104065,2023,2023-06-28,9720,2023-06-19,2343,020977,,1,3,9,4400,0,2,4,,1,032,"GREEN VALLEY ROAD","MESA VERDE DR",36.00,N,N,A,-,N,,,,,,,,,,Y,3,0,1,1,A,-,01,23152,A,N,E,8,A,A,H,-,C,A,0,,,,,Y,Y,A,01,0,1,0,0,0,0,0,0,0,"- ","- ",36.96942138671875,-121.76509094238281,"SANTA CRUZ",UNINCORPORATED,-121.76521301269531,36.96929931640625
92104072,2023,2023-06-28,9720,2023-06-20,1225,015170,,2,1,9,4400,0,2,4,,1,016,"GRAHAM HILL RD","MICHAEL'S LANE",50.00,S,N,A,-,N,,,,,,,,,,N,4,0,1,2,A,-,03,22350,,N,C,C,A,A,H,-,A,D,0,,,,,Y,,A,07,0,0,1,0,0,0,0,0,0,"- ","- ",36.998611450195312,-122.02957153320312,"SANTA CRUZ",UNINCORPORATED,-122.02945709228516,36.998512268066406
92104531,2023,2023-06-28,9720,2023-06-19,1648,022044,,1,2,9,4400,0,1,3,,1,012,SR-236,SR-9,5280.00,S,N,A,-,Y,SCR,,236," "," ",17.092,H,,R,Y,4,0,1,1,A,-,01,23152,A,N,F,A,A,A,H,-,A,D,0,,,,,Y,Y,A,01,0,0,1,0,0,0,0,0,0,"- ","- ",37.204788208007812,-122.15786743164062,"SANTA CRUZ",UNINCORPORATED,-122.15790557861328,37.204811096191406
92109300,2023,2023-07-04,9720,2023-06-26,1830,023245,,1,2,9,4400,0,2,4,,1,024,"CAPITOLA RD","30TH AVENUE",0.00,,Y,A,-,N,,,,,,,,,,N,4,0,1,2,A,-,10,21950,A,N,G,A,B,A,H,-,A,A,0,Y,,,,Y,,A,08,0,0,1,0,1,0,0,0,0,"- ","- ",36.973739624023438,-121.97334289550781,"SANTA CRUZ",UNINCORPORATED,-121.97322082519531,36.97369384765625
92109665,2023,2023-07-05,9720,2023-06-23,1900,023166,,5,2,9,4400,0,3,5,,2,200,"WEBSTER ST.","16TH AVE",339.00,W,N,A,-,N,,,,,,,,,,Y,4,0,1,4,A,-,08,22107,,N,A,E,A,A,H,-,A,D,0,,,,,Y,,A,01,0,0,1,0,0,0,0,0,0,"- ","- ",36.979839324951172,-121.98433685302734,"SANTA CRUZ",UNINCORPORATED,-121.98422241210938,36.979774475097656
92109704,2023,2023-07-05,9720,2023-06-25,2124,023166,,7,2,9,4400,0,1,3,,1,034,"SR-152 (E LAKE AVE)","DELANEY AVE",2640.00,W,N,A,-,Y,SCR,,152," "," ",2.974,H,,R,N,2,0,1,1,A,-,08,22107,,N,F,A,A,A,H,-,D,D,0,,,Y,,Y,,C,02,1,0,0,0,0,0,0,0,1,"- ","- ",36.948001861572266,-121.73503875732422,"SANTA CRUZ",UNINCORPORATED,-121.73504638671875,36.948001861572266
92109794,2023,2023-07-05,9720,2023-06-30,1700,018650,,5,2,9,4400,0,2,4,,1,021,"SOQUEL DR","N RODEO GULCH ROAD",50.00,W,N,A,-,N,,,,,,,,,,Y,3,0,2,2,A,-,04,21703,,N,C,C,A,A,H,-,A,A,0,,,,,Y,,A,01,0,1,1,0,0,0,0,0,0,"- ","- ",36.987659454345703,-121.96987152099609,"SANTA CRUZ",UNINCORPORATED,-121.9697265625,36.987636566162109
92112576,2023,2024-02-20,9720,2023-06-29,1846,023186,,4,2,9,4400,0,1,3,,1,017,"RT 17","CRESCENT DR",200.00,S,N,A,-,Y,SCR,,17," "," ",6.684,H,,R,Y,1,1,1,2,A,-,08,22107,,N,E,I,A,A,H,-,A,D,0,,,,,Y,,A,07,0,1,0,0,0,0,0,0,0,"- ","- ",37.073310852050781,-121.98963928222656,"SANTA CRUZ",UNINCORPORATED,-121.98963165283203,37.07330322265625
92113707,2023,2023-07-11,9720,2023-06-29,1640,021833,,4,2,9,4400,0,1,3,,1,010,"SR-1 S/B","COAST ROAD",1056.00,N,N,A,-,Y,SCR,,1," "," ",22.165,H,,L,N,2,0,1,1,A,-,03,22350,,N,F,A,A,A,H,-,A,D,0,,Y,,,Y,,L,04,1,0,0,0,0,0,1,0,0,"- ","- ",36.961639404296875,-122.09602355957031,"SANTA CRUZ",UNINCORPORATED,-122.09599304199219,36.961715698242188
92114864,2023,2023-07-12,9720,2023-06-13,1402,023245,,2,2,9,4400,0,1,3,,1,015,SR-9,"GLENGARRY RD",7392.00,S,N,A,-,Y,SCR,,9," "," ",3.359,H,,R,Y,3,0,1,2,A,-,06,21760,C,N,C,G,A,A,D,-,A,A,0,,Y,,,Y,,A,08,0,1,0,0,0,0,1,0,0,"- ","- ",37.017250061035156,-122.06311798095703,"SANTA CRUZ",UNINCORPORATED,-122.06312561035156,37.017250061035156
92114898,2023,2023-07-12,9720,2023-06-29,1715,021304,,4,2,9,4400,0,1,3,,1,035,SR-129,"LAKEVIEW RD",0.00,,Y,A,-,Y,SCR,,129," "," ",1.419,H,,R,Y,4,0,1,2,A,-,08,22107,,N,B,C,A,A,H,-,A,D,0,,,,Y,Y,,G,25,0,0,1,0,0,0,0,0,0,"- ","- ",36.916721343994141,-121.73130035400391,"SANTA CRUZ",UNINCORPORATED,-121.73134613037109,36.916896820068359
92114908,2023,2023-07-12,9720,2023-07-02,1730,023245,,7,2,9,4400,0,1,3,,2,020,"SR-1 S/B TO 41ST AVENUE","41ST AVENUE",25.00,N,N,B,-,Y,,,,,,,,,,N,4,0,1,2,A,-,03,22350,,F,C,C,A,A,H,-,A,A,0,,,,,Y,,D,22,0,0,1,0,0,0,0,0,0,"- ","- ",36.981670379638672,-121.96510314941406,"SANTA CRUZ",UNINCORPORATED,-121.96510314941406,36.981670379638672
92115068,2023,2023-07-12,9720,2023-07-04,2350,023026,,2,3,9,4400,0,3,5,,2,100,"CROWS NEST DR","EAST HILTON DR",100.00,N,N,A,-,N,,,,,,,,,,N,4,0,1,2,A,-,01,23152,A,M,A,E,A,A,H,-,C,D,0,,,,,Y,Y,A,01,0,0,1,0,0,0,0,0,0,"- ","- ",37.146778106689453,-122.15090179443359,"SANTA CRUZ",UNINCORPORATED,-122.15077972412109,37.146793365478516
92115099,2023,2023-07-12,9720,2023-07-01,1225,023103,,6,1,9,4400,0,3,5,,2,100,"EMPIRE GRADE","CAVE GULCH",1056.00,S,N,A,-,N,,,,,,,,,,N,2,0,1,1,C,-,18,,,N,F,A,A,A,A,-,A,D,0,,Y,,,Y,,-,"- ",1,0,0,0,0,0,1,0,0,"- ","- ",37.005111694335938,-122.07366943359375,"SANTA CRUZ",UNINCORPORATED,-122.07346343994141,37.004573822021484
92115245,2023,2023-07-12,9720,2023-07-11,"703 ",021211,,2,1,9,4400,0,1,3,,1,034,SR-129,"LAKEVIEW RD",0.00,,Y,B,-,Y,SCR,,129," "," ",1.415,H,,R,Y,4,0,2,1,A,-,08,22107,,N,E,I,A,A,H,-,A,D,0,,,,,Y,,A,01,0,0,2,0,0,0,0,0,0,"- ","- ",36.916648864746094,-121.73136901855469,"SANTA CRUZ",UNINCORPORATED,-121.73143005371094,36.916881561279297
9211647,2020,2021-02-25,4403,2020-12-15,0124,358,2-24,2,5,4,4403,0,0,0,,0,002,"BEACH ST","LEE RD",1115.00,N,N,A,-,N,,,,,,,,,,Y,1,1,0,2,A,-,11,21956,A,N,G,B,E,A,H,-,C,D,0,Y,,,,Y,,N,60,0,0,0,1,0,0,0,0,0,"- ","- ",,,"SANTA CRUZ",WATSONVILLE,-121.77677917480469,36.898391723632812
9211714,2021,2021-03-11,4403,2021-01-19,1834,281,5-27,2,5,4,4403,0,0,0,,0,005,"AIRPORT BL","FREEDOM BL",425.00,W,N,A,-,N,,,,,,,,,,N,1,1,0,2,A,-,11,21954,A,N,G,B,D,A,H,-,C,D,0,Y,,,,Y,,N,60,0,0,0,1,0,0,0,0,0,"- ","- ",,,"SANTA CRUZ",WATSONVILLE,-121.77857971191406,36.937309265136719
9211743,2021,2021-11-29,4402,2021-02-18,1643,165,4402,4,5,5,4402,0,0,0,,0,000,RT-1,"FAIR AV",0.00,,Y,A,-,Y,SCR,5,1,-,-,19.471,I,5,N,Y,1,1,1,2,A,-,03,22350,,N,D,C,A,A,H,-,A,A,0,,,Y,,Y,,C,02,0,0,1,0,0,0,0,1,0,"- ","- ",,,"SANTA CRUZ","SANTA CRUZ",-122.04654693603516,36.961597442626953
92118895,2023,2023-07-17,9720,2023-07-10,1210,022399,,1,1,9,4400,0,2,4,,1,021,"SOQUEL DR","41ST AVE",210.00,N,N,A,-,N,,,,,,,,,,N,4,0,2,2,A,-,03,22350,,M,C,C,A,A,H,-,A,A,0,,,,,Y,,-,99,0,0,2,0,0,0,0,0,0,"- ","- ",36.987281799316406,-121.96571350097656,"SANTA CRUZ",UNINCORPORATED,-121.96427917480469,36.987529754638672
92119022,2023,2023-07-17,9720,2023-07-11,1620,023245,,2,2,9,4400,0,1,3,,1,012,"SR-236 (BIG BASIN WAY)","ACORN DR",260.00,S,N,A,-,Y,SCR,,236," "," ",1.878,H,,R,N,3,0,1,2,A,-,05,21460,A,N,B,2,A,A,H,-,A,D,0,,,,,Y,,A,01,0,1,0,0,0,0,0,0,0,"- ","- ",37.138771057128906,-122.14762878417969,"SANTA CRUZ",UNINCORPORATED,-122.14765167236328,37.138755798339844
92119695,2023,2023-07-18,9720,2023-07-12,"127 ",021717,,3,3,9,4400,0,2,4,,1,032,"HOLOHAN RD","LAKEN DR",1584.00,W,N,A,-,N,,,,,,,,,,Y,3,0,2,2,A,-,01,23152,A,N,C,C,A,A,D,-,D,A,0,,,,,Y,Y,A,01,0,1,1,0,0,0,0,0,0,"- ","- ",36.937488555908203,-121.74994659423828,"SANTA CRUZ",UNINCORPORATED,-121.75048065185547,36.937679290771484
92120626,2023,2023-07-19,9720,2023-07-13,1632,023245,,4,2,9,4400,0,2,4,,1,021,"SOQUEL DR","ROBERTSON ST",0.00,,Y,A,-,N,,,,,,,,,,N,3,0,1,2,A,-,12,22450,A,N,D,G,A,A,H,-,A,A,0,,Y,,,Y,,L,04,0,1,0,0,0,0,1,0,0,"- ","- ",36.9876708984375,-121.96050262451172,"SANTA CRUZ",UNINCORPORATED,-121.9605712890625,36.987758636474609
92124021,2023,2023-07-24,9720,2023-07-02,1917,022044,,7,2,9,4400,0,1,3,,1,017,"SR-17 S/B","GLENWOOD CUTOFF",200.00,S,N,A,-,Y,SCR,,17," "," ",8.994,H,,L,N,3,0,1,1,A,-,01,23152,A,N,E,I,A,A,H,-,A,D,0,,,,,Y,Y,A,01,0,1,0,0,0,0,0,0,0,"- ","- ",37.09906005859375,-121.97586059570312,"SANTA CRUZ",UNINCORPORATED,-121.97592163085938,37.099025726318359
92124286,2023,2023-07-24,9720,2023-07-14,2500,022458,,5,4,9,4400,0,1,3,,1,010,SR-1,"UPPER SWANTON ROAD",5280.00,S,N,A,-,Y,SCR,,1," "," ",34.249,H,,R,Y,2,0,1,1,A,-,21,22106,,N,E,I,A,A,H,-,A,D,0,,,,,Y,,A,01,1,0,0,0,0,0,0,0,0,"- ","- ",37.071521759033203,-122.25891876220703,"SANTA CRUZ",UNINCORPORATED,-122.25873565673828,37.071613311767578
92124297,2023,2023-07-24,9720,2023-07-13,"105 ",022879,,4,3,9,4400,0,3,5,,2,100,"EMPIRE GRADE RD.","HELLER RD.",1400.00,N,N,A,-,N,,,,,,,,,,Y,3,0,1,1,A,-,01,23152,A,N,E,8,A,A,H,-,D,D,0,,,,,Y,Y,A,01,0,1,0,0,0,0,0,0,0,"- ","- ",36.991668701171875,-122.06945037841797,"SANTA CRUZ",UNINCORPORATED,-122.06948089599609,36.991645812988281
92124692,2023,2023-07-24,9720,2023-07-16,1718,022140,,7,2,9,4400,0,1,3,,1,010,SR-1,"LAGUNA RD",3168.00,N,N,B,-,Y,SCR,,1," "," ",26.570,H,,R,Y,3,0,4,3,A,-,09,21801,A,N,D,C,A,A,H,-,A,D,0,,,,,Y,,A,01,0,3,1,0,0,0,0,0,0,"- ","- ",36.991420745849609,-122.16490936279297,"SANTA CRUZ",UNINCORPORATED,-122.16490936279297,36.991424560546875
92125135,2023,2023-07-25,9720,2023-07-14,"30  ",020977,,5,3,9,4400,0,1,3,,1,015,"RT 9","LORENZO AVE",89.00,S,N,A,-,Y,SCR,,9," "," ",12.180,H,,R,Y,3,0,1,1,A,-,01,23152,A,N,E,I,A,A,H,-,D,D,0,,,,,Y,Y,A,01,0,1,0,0,0,0,0,0,0,"- ","- ",37.113090515136719,-122.11763000488281,"SANTA CRUZ",UNINCORPORATED,-122.11760711669922,37.113151550292969
92125211,2023,2023-07-25,9720,2023-07-16,"320 ",023026,,7,3,9,4400,0,2,4,,1,031,"FREEDOM BLVD","BUENA VISTA AVE",200.00,N,N,A,-,N,,,,,,,,,,Y,3,0,1,1,A,-,01,23152,A,M,E,I,A,A,H,-,D,D,0,,,,,Y,Y,A,01,0,1,0,0,0,0,0,0,0,"- ","- ",36.941341400146484,-121.78273010253906,"SANTA CRUZ",UNINCORPORATED,-121.78195190429688,36.940692901611328
92125327,2023,2023-07-25,9720,2023-07-19,1645,022293,,3,2,9,4400,0,3,5,,2,100,"SUMMIT DRIVE","844 SUMMIT DRIVE",189.00,N,N,A,-,N,,,,,,,,,,N,2,0,2,1,A,-,03,22350,,N,F,A,A,A,H,-,A,D,0,,,Y,,Y,,C,06,1,1,0,0,0,0,0,0,2,"- ","- ",37.091030120849609,-122.13803100585938,"SANTA CRUZ",UNINCORPORATED,-121.83211517333984,37.089687347412109
92125748,2023,2023-07-25,9720,2023-07-14,1730,021304,,5,2,9,4400,0,1,3,,1,035,SR-129,"CARLTON ROAD",0.00,,Y,A,-,Y,SCR,,129," "," ",3.269,H,,R,Y,2,0,2,2,A,-,09,21802,A,N,D,C,A,A,H,-,A,A,0,,,,Y,Y,,A,01,1,0,1,0,0,0,0,0,0,"- ","- ",36.924339294433594,-121.69918823242188,"SANTA CRUZ",UNINCORPORATED,-121.69918823242188,36.924308776855469
92126442,2023,2023-07-26,9720,2023-07-18,1715,023331,,2,2,9,4400,0,3,5,,2,200,"SUMNER AVE","DRY CREEK RD",25.00,W,N,A,-,N,,,,,,,,,,Y,4,0,1,1,A,-,08,22107,,N,E,I,A,A,H,-,A,D,0,,,,,Y,,A,01,0,0,1,0,0,0,0,0,0,"- ","- ",36.963340759277344,-121.88787841796875,"SANTA CRUZ",UNINCORPORATED,-121.88837432861328,36.963565826416016
92126900,2023,2023-07-26,9720,2023-07-17,1816,023311,,1,2,9,4400,0,2,4,,1,024,"CAPITOLA RD","15TH AVE",0.00,,Y,A,-,N,,,,,,,,,,Y,3,0,5,2,A,-,01,23152,A,N,C,C,A,A,H,-,A,A,0,,,,,Y,Y,A,07,0,2,3,0,0,0,0,0,0,"- ","- ",36.976539611816406,-121.98526000976562,"SANTA CRUZ",UNINCORPORATED,-121.98524475097656,36.97650146484375
92127391,2023,2023-07-27,9720,2023-07-19,1041,023316,,3,1,9,4400,0,1,3,,1,017,"S/B SR-17 FROM MT HERMON RD","MT HERMON RD",528.00,S,N,A,-,Y,,,,,,,,,,Y,3,0,1,1,C,-,18,,,N,H,H,A,A,H,-,A,D,0,,,,,Y,,-,"- ",0,1,0,0,0,0,0,0,0,"- ","- ",,,"SANTA CRUZ",UNINCORPORATED,-122.02165222167969,37.035060882568359
9212753,2020,2021-03-12,4403,2020-12-23,1157,335,2-23,3,5,4,4403,0,0,0,,0,002,"MAIN ST","PENNSYLVANIA DR",0.00,,Y,A,-,Y,SCR,5,152,-,T,1.906,I,5,E,N,3,0,1,2,A,-,10,21950,A,N,G,B,B,A,H,-,A,A,0,Y,,,,Y,,D,22,0,1,0,0,1,0,0,0,0,"- ","- ",,,"SANTA CRUZ",WATSONVILLE,-121.77182769775391,36.916568756103516
9212757,2020,2021-03-12,4403,2020-12-31,0813,358,3-14,4,5,4,4403,0,0,0,,0,003,"LAKE AV","LINCOLN ST",33.00,E,N,A,-,Y,SCR,5,152,-,-,0.400,H,-,W,Y,4,0,2,3,-,-,"- ",,,N,C,C,A,A,H,-,A,A,0,,,,,Y,,A,01,0,0,2,0,0,0,0,0,0,"- ","- ",,,"SANTA CRUZ",WATSONVILLE,-121.7535400390625,36.9151611328125
9213064,2021,2021-02-09,4403,2021-01-19,1458,6683,2-23,2,5,4,4403,0,0,0,,0,002,"MAIN ST","RODRIGUEZ ST",530.00,N,N,A,-,Y,SCR,5,152,-,T,2.440,H,-,W,Y,4,0,1,2,A,-,03,22350,,N,C,C,A,A,H,-,A,D,0,,,,,Y,,A,07,0,0,1,0,0,0,0,0,0,"- ","- ",,,"SANTA CRUZ",WATSONVILLE,-121.76254272460938,36.915172576904297
92131524,2023,2023-07-31,9720,2023-07-16,1150,021940,,7,1,9,4400,0,2,4,,1,022,"SOQUEL SAN JOSE RD","HOOVER RD.",200.00,N,N,A,-,N,,,,,,,,,,N,3,0,1,1,A,-,03,22350,,N,F,A,A,A,H,-,A,D,0,,,Y,,Y,,C,02,0,1,0,0,0,0,0,0,1,"- ","- ",37.055950164794922,-121.941650390625,"SANTA CRUZ",UNINCORPORATED,-121.94122314453125,37.055793762207031
92132099,2023,2023-07-31,9720,2023-03-26,2141,022976,,7,2,9,4400,0,1,3,,1,015,SR-9,"FILLMORE AVENUE",150.00,N,N,A,-,Y,SCR,,9," "," ",9.625,H,,R,N,1,1,0,2,D,-,00,,,F,G,B,D,A,H,-,C,D,0,Y,,,,Y,,-,"- ",0,0,0,1,0,0,0,0,0,"- ","- ",37.089431762695312,-122.09201049804688,"SANTA CRUZ",UNINCORPORATED,-122.09200286865234,37.089405059814453
92132773,2023,2023-08-01,9720,2023-07-20,"954 ",015170,,4,1,9,4400,0,1,3,,1,017,SR-17,"GLENWOOD DR",0.00,,Y,A,-,N,,,,,,,,,,Y,3,0,2,2,A,-,09,21802,A,N,D,C,A,A,H,-,A,A,0,,,,,Y,,A,01,0,2,0,0,0,0,0,0,0,"- ","- ",37.119850158691406,-121.97602844238281,"SANTA CRUZ",UNINCORPORATED,-121.97604370117188,37.119960784912109
92133174,2023,2023-08-01,9720,2023-07-23,1530,022293,,7,2,9,4400,0,1,3,,1,017,"N/B SR-17","SPANISH OAKS ROAD",125.00,N,N,A,-,Y,SCR,,17," "," ",10.083,H,,R,Y,4,0,1,3,A,-,07,21658,A,N,C,C,A,A,H,-,A,D,0,,,,,Y,,A,01,0,0,1,0,0,0,0,0,0,"- ","- ",37.112651824951172,-121.97548675537109,"SANTA CRUZ",UNINCORPORATED,-121.97548675537109,37.112648010253906
92133205,2023,2023-08-01,9720,2023-07-27,2150,021717,,4,2,9,4400,0,3,5,,2,100,"BONNY DOON RD","BRISA DEL MAR",463.00,E,N,A,-,N,,,,,,,,,,Y,3,0,1,1,A,-,08,22107,,N,E,I,A,A,H,-,D,D,0,,,,,Y,,A,07,0,1,0,0,0,0,0,0,0,"- ","- ",37.041458129882812,-122.15100860595703,"SANTA CRUZ",UNINCORPORATED,-122.15103149414062,37.041191101074219
92133953,2023,2023-08-02,9720,2023-07-21,1628,023311,,5,2,9,4400,0,3,5,,2,200,"PARK AVE","SR-1 S/B",35.00,S,N,A,-,Y,SCR,,1," "," ",12.105,H,,L,N,4,0,1,2,A,-,21,22106,,N,C,C,A,A,H,-,A,A,0,,,,,Y,,D,22,0,0,1,0,0,0,0,0,0,"- ","- ",36.983730316162109,-121.93717193603516,"SANTA CRUZ",UNINCORPORATED,-121.93717193603516,36.983913421630859
92134469,2023,2023-08-02,9720,2023-07-25,1710,021833,,2,2,9,4400,0,2,4,,1,024,"E. CLIFF DRIVE","33RD AVE",0.00,,Y,A,-,N,,,,,,,,,,N,3,0,1,2,A,-,08,22100,B,N,D,G,A,A,H,-,A,D,0,,Y,,,Y,,L,04,0,1,0,0,0,0,1,0,0,"- ","- ",36.955890655517578,-121.97176361083984,"SANTA CRUZ",UNINCORPORATED,-121.97176361083984,36.955879211425781
92135469,2023,2023-08-03,9720,2023-07-20,1700,022044,,4,2,9,4400,0,1,3,,1,015,SR-9,SR-236,5280.00,N,N,A,-,Y,SCR,,9," "," ",22.124,H,,R,Y,3,0,1,2,A,-,05,21460,A,N,C,2,A,A,H,-,A,D,0,,,Y,,Y,,C,02,0,1,0,0,0,0,0,0,1,"- ","- ",37.225360870361328,-122.15126037597656,"SANTA CRUZ",UNINCORPORATED,-122.15126037597656,37.225337982177734
92135513,2023,2023-08-03,9720,2023-07-23,1745,022140,,7,2,9,4400,0,1,3,,1,014,SR-9,"BEEKHUIS RD",20.00,S,N,A,-,Y,SCR,,9," "," ",23.295,H,,R,Y,3,0,1,1,A,-,03,22350,,N,F,A,A,A,H,-,A,D,0,,,Y,,Y,,C,02,0,1,0,0,0,0,0,0,1,"- ","- ",37.235141754150391,-122.14544677734375,"SANTA CRUZ",UNINCORPORATED,-122.14546203613281,37.235141754150391
92136981,2023,2023-08-07,9720,2023-07-16,2105,022349,,7,2,9,4400,0,1,3,,1,034,SR-152,"BELLA VISTA LN",160.00,E,N,A,-,Y,SCR,,152," "," ",8.206,H,,R,Y,2,0,1,1,A,-,01,23152,A,N,E,I,A,A,H,-,D,D,0,,,,,Y,Y,D,22,1,0,0,0,0,0,0,0,0,"- ","- ",36.994621276855469,-121.71826934814453,"SANTA CRUZ",UNINCORPORATED,-121.71810150146484,36.994655609130859
92137012,2023,2023-08-07,9720,2023-07-28,"230 ",021940,,5,3,9,4400,0,1,3,,2,020,"SR-1 N/B TO SR-17 N/B","EMELINE AVE.",950.00,N,N,A,-,Y,SCR,,1," "," ",16.773,H,,R,Y,3,0,1,1,A,-,01,23152,A,N,E,I,A,A,H,-,D,D,0,,,,,Y,Y,A,01,0,1,0,0,0,0,0,0,0,"- ","- ",36.989700317382812,-122.02046966552734,"SANTA CRUZ",UNINCORPORATED,-122.02051544189453,36.989490509033203
92137016,2023,2023-08-07,9720,2023-07-30,1029,023345,,7,1,9,4400,0,1,3,,1,017,SR-17,"PASATIEMPO DR OVERCROSSING",2112.00,S,N,A,-,Y,SCR,,17," "," ",0.236,H,,R,Y,2,0,1,2,A,-,07,21658,A,M,F,A,A,A,H,-,A,D,0,,,Y,,Y,,A,07,1,0,0,0,0,0,0,0,1,"- ","- ",36.992729187011719,-122.01962280273438,"SANTA CRUZ",UNINCORPORATED,-122.01947784423828,36.992664337158203
92137034,2023,2023-08-07,9720,2023-07-31,"918 ",023345,,1,1,9,4400,0,1,3,,1,015,SR-9,"HIHN ST",203.00,N,N,A,-,Y,SCR,,9," "," ",6.266,H,,R,Y,3,0,1,2,A,-,09,21801,A,N,A,C,A,A,H,-,A,D,0,,,,,Y,,D,22,0,1,0,0,0,0,0,0,0,"- ","- ",37.050079345703125,-122.07331085205078,"SANTA CRUZ",UNINCORPORATED,-122.07330322265625,37.050079345703125
92138513,2023,2023-08-08,9720,2023-07-30,2330,022901,,7,3,9,4400,0,3,5,,2,100,"BEAN CREEK ROAD","REDWOOD ROAD",3538.00,N,N,A,-,N,,,,,,,,,,N,3,0,1,1,A,-,01,23152,A,N,E,I,A,A,H,-,D,D,0,,,Y,,Y,Y,C,02,0,1,0,0,0,0,0,0,1,"- ","- ",37.061389923095703,-122.0181884765625,"SANTA CRUZ",UNINCORPORATED,-122.01858520507812,37.060676574707031
92138552,2023,2023-08-08,9720,2023-08-05,"420 ",022879,,6,3,9,4400,0,1,3,,1,010,SR-1,"SWANTON RD.",4646.00,N,N,A,-,Y,SCR,,1," "," ",31.330,H,,R,Y,4,0,1,1,A,-,08,22107,,N,E,I,A,A,H,-,D,D,0,,,,,Y,,A,01,0,0,1,0,0,0,0,0,0,"- ","- ",37.037811279296875,-122.22676849365234,"SANTA CRUZ",UNINCORPORATED,-122.22683715820312,37.037796020507812
9213885,2021,2021-03-08,4403,2021-01-07,1555,381,224,4,5,4,4403,0,0,0,,0,002,"BEACH ST","LEE RD",1034.00,E,N,A,-,N,,,,,,,,,,Y,2,0,1,2,A,-,08,22102,,N,D,C,A,A,H,-,A,D,0,,,Y,,Y,,A,07,1,0,0,0,0,0,0,0,1,"- ","- ",,,"SANTA CRUZ",WATSONVILLE,-121.77587890625,36.899074554443359
92140492,2023,2023-08-10,9720,2023-08-04,2301,022545,,5,3,9,4400,0,3,5,,2,100,"RIVA RIDGE RD","MAJESTIC DR",60.00,S,N,A,-,N,,,,,,,,,,Y,3,0,1,1,A,-,01,23152,A,N,E,I,A,A,H,-,D,D,0,,,,,Y,Y,A,01,0,1,0,0,0,0,0,0,0,"- ","- ",37.140251159667969,-121.99433135986328,"SANTA CRUZ",UNINCORPORATED,-121.99442291259766,37.140541076660156
92143934,2023,2023-08-15,9720,2023-08-03,1508,023331,,4,2,9,4400,0,2,4,,1,021,"SOQUEL DR","SOQUEL AVENUE",33.00,E,N,A,-,N,,,,,,,,,,N,3,0,1,2,A,-,12,21453,A,N,B,C,A,A,H,-,A,A,0,,,,,Y,,A,01,0,1,0,0,0,0,0,0,0,"- ","- ",36.986099243164062,-121.98728942871094,"SANTA CRUZ",UNINCORPORATED,-121.98747253417969,36.986007690429688