CASE_ID,ACCIDENT_YEAR,PROC_DATE,JURIS,COLLISION_DATE,COLLISION_TIME,OFFICER_ID,REPORTING_DISTRICT,DAY_OF_WEEK,CHP_SHIFT,POPULATION,CNTY_CITY_LOC,SPECIAL_COND,BEAT_TYPE,CHP_BEAT_TYPE,CITY_DIVISION_LAPD,CHP_BEAT_CLASS,BEAT_NUMBER,PRIMARY_RD,SECONDARY_RD,DISTANCE,DIRECTION,INTERSECTION,WEATHER_1,WEATHER_2,STATE_HWY_IND,CALTRANS_COUNTY,CALTRANS_DISTRICT,STATE_ROUTE,ROUTE_SUFFIX,POSTMILE_PREFIX,POSTMILE,LOCATION_TYPE,RAMP_INTERSECTION,SIDE_OF_HWY,TOW_AWAY,COLLISION_SEVERITY,NUMBER_KILLED,NUMBER_INJURED,PARTY_COUNT,PRIMARY_COLL_FACTOR,PCF_CODE_OF_VIOL,PCF_VIOL_CATEGORY,PCF_VIOLATION,PCF_VIOL_SUBSECTION,HIT_AND_RUN,TYPE_OF_COLLISION,MVIW,PED_ACTION,ROAD_SURFACE,ROAD_COND_1,ROAD_COND_2,LIGHTING,CONTROL_DEVICE,CHP_ROAD_TYPE,PEDESTRIAN_ACCIDENT,BICYCLE_ACCIDENT,MOTORCYCLE_ACCIDENT,TRUCK_ACCIDENT,NOT_PRIVATE_PROPERTY,ALCOHOL_INVOLVED,STWD_VEHTYPE_AT_FAULT,CHP_VEHTYPE_AT_FAULT,COUNT_SEVERE_INJ,COUNT_VISIBLE_INJ,COUNT_COMPLAINT_PAIN,COUNT_PED_KILLED,COUNT_PED_INJURED,COUNT_BICYCLIST_KILLED,COUNT_BICYCLIST_INJURED,COUNT_MC_KILLED,COUNT_MC_INJURED,PRIMARY_RAMP,SECONDARY_RAMP,LATITUDE,LONGITUDE,COUNTY,CITY,POINT_X,POINT_Y
92286806,2024,2024-01-15,9720,2024-01-06,1100,022901,,6,1,9,4400,0,2,4,,1,016,"GRAHAM HILL ROAD","LOCKEWOOD LANE",150.00,N,N,B,-,N,,,,,,,,,,N,4,0,1,2,A,-,03,22350,,N,C,C,A,A,H,-,A,A,0,,,,,Y,,A,08,0,0,1,0,0,0,0,0,0,"- ","- ",37.037311553955078,-122.04264831542969,"SANTA CRUZ",UNINCORPORATED,-122.04253387451172,37.037242889404297
92286807,2024,2024-01-15,9720,2024-01-07,1348,022901,,7,1,9,4400,0,1,3,,1,015,SR-9,"LORENZO AVE",25.00,N,N,A,-,Y,SCR,,9," "," ",12.238,H,,R,Y,3,0,1,1,A,-,01,23152,A,N,E,I,A,A,H,-,A,D,0,,,,,Y,Y,-,"- ",0,1,0,0,0,0,0,0,0,"- ","- ",37.113548278808594,-122.11840057373047,"SANTA CRUZ",UNINCORPORATED,-122.11837005615234,37.113563537597656
92291084,2024,2024-01-18,9720,2024-01-07,"830 ",022976,,7,1,9,4400,0,1,3,,2,030,"SR-1 N/B","BUENA VISTA DR",25.00,S,N,A,-,Y,SCR,,1," ",R,4.065,H,,R,Y,4,0,1,1,A,-,03,22350,,N,E,I,A,A,H,-,A,D,0,,,,,Y,,A,01,0,0,1,0,0,0,0,0,0,"- ","- ",36.931610107421875,-121.81014251708984,"SANTA CRUZ",UNINCORPORATED,-121.81018829345703,36.931507110595703
92291113,2024,2024-01-19,9720,2024-01-10,1210,023447,,3,1,9,4400,0,3,5,,2,200,"RODRIGUEZ ST","BURR CT",0.00,,Y,B,C,N,,,,,,,,,,Y,4,0,1,2,A,-,09,21802,A,N,D,C,A,B,H,-,A,A,0,,,,,Y,,A,07,0,0,1,0,0,0,0,0,0,"- ","- ",36.98236083984375,-121.98246765136719,"SANTA CRUZ",UNINCORPORATED,-121.98246002197266,36.982376098632812
92293704,2023,2024-01-22,9720,2023-12-11,1140,023516,,1,1,9,4400,0,1,3,,1,015,SR-9,"PARK WAY",190.00,N,N,A,-,Y,SCR,,9," "," ",8.840,H,,R,N,4,0,1,2,A,-,00,2818,,N,B,C,A,A,D,-,A,A,0,,,,,Y,,D,22,0,0,1,0,0,0,0,0,0,"- ","- ",37.081668853759766,-122.08515167236328,"SANTA CRUZ",UNINCORPORATED,-122.08516693115234,37.081653594970703
92294776,2023,2024-01-23,9720,2023-12-30,1800,022976,,6,2,9,4400,0,1,3,,1,035,SR-129,"SR-1 N/B",0.00,,Y,A,-,Y,SCR,,129," ",L,0.119,H,,R,Y,4,0,2,2,A,-,09,21801,A,N,D,C,A,A,H,-,C,D,0,,,,,Y,,A,01,0,0,2,0,0,0,0,0,0,"- ","- ",36.895221710205078,-121.77217864990234,"SANTA CRUZ",UNINCORPORATED,-121.77210235595703,36.8951416015625
92295337,2024,2024-01-23,9720,2024-01-16,2045,023573,,2,2,9,4400,0,1,3,,1,017,"SR-17 S/B","MOUNT HERMON RD",2640.00,N,N,C,-,Y,,,,,,,,,,Y,3,0,1,1,A,-,03,22350,,N,E,I,A,B,H,-,D,D,0,,,,,Y,,A,01,0,1,0,0,0,0,0,0,0,"- ","- ",37.024711608886719,-122.0013427734375,"SANTA CRUZ",UNINCORPORATED,-122.0164794921875,37.041389465332031
92297353,2024,2024-05-02,9720,2024-01-17,1615,021211,,3,2,9,4400,0,3,5,,2,300,"SAN ANDREAS RD","DAIRY RD",2112.00,N,N,B,-,N,,,,,,,,,,Y,4,0,2,2,A,-,09,21801,A,N,A,C,A,A,H,-,A,D,0,,,,,Y,,A,07,0,0,2,0,0,0,0,0,0,"- ","- ",36.892421722412109,-121.81105041503906,"SANTA CRUZ",UNINCORPORATED,-121.81120300292969,36.892642974853516
92301289,2024,2024-01-30,9720,2024-01-21,1005,022901,,7,1,9,4400,0,1,3,,1,017,"SR-17 S/B","MOUNT HERMON ROAD",1320.00,S,N,B,C,Y,SCR,,17," "," ",2.869,H,,L,Y,3,0,1,1,A,-,03,22350,,N,E,I,A,B,H,-,A,D,0,,,,,Y,,A,01,0,1,0,0,0,0,0,0,0,"- ","- ",37.028129577636719,-122.02424621582031,"SANTA CRUZ",UNINCORPORATED,-122.02418518066406,37.028083801269531
92301326,2024,2024-01-31,9720,2024-01-18,2053,023507,,4,2,9,4400,0,2,4,,1,024,"E CLIFF DRIVE","15TH AVENUE",60.00,W,N,A,-,N,,,,,,,,,,Y,2,0,1,1,A,-,01,23152,A,N,E,8,A,A,H,-,C,D,0,,,,,Y,Y,A,01,1,0,0,0,0,0,0,0,0,"- ","- ",36.963630676269531,-121.9912109375,"SANTA CRUZ",UNINCORPORATED,-121.99103546142578,36.963573455810547
92301976,2024,2024-01-31,9720,2024-01-12,1943,023345,,5,2,9,4400,0,3,5,,2,300,"W BEACH ST","PANABAKER RD",565.00,E,N,A,-,N,,,,,,,,,,Y,3,0,2,1,A,-,01,23152,A,N,E,I,A,A,H,-,D,D,0,,,,,Y,Y,A,01,0,1,1,0,0,0,0,0,0,"- ","- ",36.891071319580078,-121.78677368164062,"SANTA CRUZ",UNINCORPORATED,-121.78673553466797,36.891025543212891
92303329,2024,2024-02-01,9720,2024-01-20,1905,023345,,6,2,9,4400,0,1,3,,1,017,"SR-17 N/B","MT HERMON RD OVERCROSS",163.00,N,N,C,-,Y,SCR,,17," "," ",3.459,H,,R,Y,3,0,1,1,A,-,01,23152,A,N,E,8,A,B,H,-,C,D,0,,,,,Y,Y,A,01,0,1,0,0,0,0,0,0,0,"- ","- ",37.035888671875,-122.02088165283203,"SANTA CRUZ",UNINCORPORATED,-122.02082824707031,37.035846710205078
92303358,2024,2024-02-02,9720,2024-01-22,1315,023516,,1,1,9,4400,0,1,3,,1,017,"SR-17 S/B","SUMMIT RD",325.00,S,N,B,-,Y,SCL,,17," "," ",0.049,H,,L,Y,4,0,1,1,A,-,03,22350,,N,E,I,A,B,H,-,A,D,0,,,,,Y,,A,01,0,0,1,0,0,0,0,0,0,"- ","- ",37.144741058349609,-121.984619140625,"SANTA CRUZ",UNINCORPORATED,-121.98466491699219,37.144741058349609
92303371,2024,2024-02-02,9720,2024-01-24,"844 ",023516,,3,1,9,4400,0,1,3,,2,020,"SR-1 N/B","PARK AVE",200.00,S,N,C,-,Y,SCR,,1," "," ",11.992,H,,R,N,4,0,1,3,A,-,03,22350,,N,C,C,A,B,H,-,A,D,0,,,,,Y,,A,01,0,0,1,0,0,0,0,0,0,"- ","- ",36.984081268310547,-121.93506622314453,"SANTA CRUZ",UNINCORPORATED,-121.93507385253906,36.984062194824219
92304325,2024,2024-02-02,9720,2024-01-24,"936 ",023447,,3,1,9,4400,0,1,3,,1,017,"SR-17 S/B","SUMMIT RD",250.00,S,N,B,C,Y,SCL,,17," "," ",0.052,H,,L,Y,4,0,1,1,A,-,03,22350,,N,E,I,A,B,H,-,A,D,0,,,,,Y,,D,22,0,0,1,0,0,0,0,0,0,"- ","- ",37.144771575927734,-121.98464202880859,"SANTA CRUZ",UNINCORPORATED,-121.98466491699219,37.144771575927734
92305929,2024,2024-02-05,9720,2024-01-25,1533,023214,,4,2,9,4400,0,2,4,,1,016,"GRAHAM HILL RD.",SR-9,0.00,,Y,A,-,N,,,,,,,,,,N,4,0,1,2,A,-,08,22107,,N,B,C,A,A,H,-,A,A,0,,,,Y,Y,,G,25,0,0,1,0,0,0,0,0,0,"- ","- ",37.053009033203125,-122.07317352294922,"SANTA CRUZ",UNINCORPORATED,-122.07325744628906,37.053081512451172
92307082,2024,2024-02-06,9720,2024-02-04,"834 ",018569,,7,1,9,4400,0,1,3,,2,020,"SOUTHBOUND SR-1","STATE PARK DRIVE OVERCROSSING",1584.00,S,N,B,C,Y,SCR,,1," "," ",10.231,H,,R,N,4,0,1,1,A,-,03,22350,,N,E,I,A,B,H,-,A,D,0,,,,,Y,,A,01,0,0,1,0,0,0,0,0,0,"- ","- ",36.975631713867188,-121.90567016601562,"SANTA CRUZ",UNINCORPORATED,-121.90562438964844,36.975738525390625
92307998,2024,2024-02-07,9720,2024-01-27,2117,022545,,6,2,9,4400,0,1,3,,2,020,"SR-1 N/B","OCEAN ST",528.00,S,N,A,-,Y,SCR,,1," "," ",17.143,H,,R,N,4,0,1,2,A,-,05,21651,A,F,C,2,A,A,H,-,C,D,0,,,,,Y,,-,99,0,0,1,0,0,0,0,0,0,"- ","- ",36.987888336181641,-122.0235595703125,"SANTA CRUZ",UNINCORPORATED,-122.02360534667969,36.987911224365234
92308219,2024,2024-02-07,9720,2024-01-29,1440,023610,,1,2,9,4400,0,2,4,,1,024,"EL DORADO AVE","FREYA PI",62.00,S,N,A,-,N,,,,,,,,,,N,3,0,2,2,A,-,08,22107,,N,C,E,A,A,H,-,A,D,0,,,,,Y,,A,08,0,2,0,0,0,0,0,0,0,"- ","- ",36.975589752197266,-121.98822021484375,"SANTA CRUZ",UNINCORPORATED,-121.98817443847656,36.975543975830078
92309621,2024,2024-02-08,9720,2024-01-27,1530,023387,,6,2,9,4400,0,2,4,,1,022,"SOQUEL SAN JOSE RD","HOOVER RD",4752.00,N,N,B,-,N,,,,,,,,,,N,4,0,1,2,A,-,03,22350,,M,B,E,A,A,H,-,A,D,0,,,,,Y,,A,07,0,0,1,0,0,0,0,0,0,"- ","- ",37.069580078125,-121.93852233886719,"SANTA CRUZ",UNINCORPORATED,-121.94000244140625,37.067623138427734
92309642,2024,2024-02-08,9720,2024-01-28,1750,022545,,7,2,9,4400,0,1,3,,1,010,SR-1,"COAST RD",80.00,N,N,A,-,Y,SCR,,1," "," ",21.801,H,,R,N,3,0,1,2,A,-,08,22107,,N,H,6,A,A,H,-,B,D,0,,Y,Y,,Y,,C,02,0,1,0,0,0,0,1,0,0,"- ","- ",36.96160888671875,-122.08953094482422,"SANTA CRUZ",UNINCORPORATED,-122.08955383300781,36.961723327636719
9231027,2021,2021-03-29,4403,2021-02-01,0509,418,5-25,1,5,4,4403,0,0,0,,0,005,"GREEN VALLEY RD","GREEN MEADOW DR",100.00,E,N,-,-,N,,,,,,,,,,Y,4,0,1,2,A,-,08,22100,A,N,B,C,A,A,H,-,C,A,0,,,,,Y,,A,01,0,0,1,0,0,0,0,0,0,"- ","- ",,,"SANTA CRUZ",WATSONVILLE,-121.78445434570312,36.917064666748047
92312990,2024,2024-02-13,9720,2024-02-01,1500,023610,,4,2,9,4400,0,1,3,,2,020,"SR-1 N/B","SOQUEL DR",2112.00,S,N,B,-,Y,SCR,,1," "," ",14.472,H,,R,N,3,0,1,2,A,-,04,21703,,N,C,C,A,B,D,-,A,D,0,,,,,Y,,D,22,0,1,0,0,0,0,0,0,0,"- ","- ",36.985500335693359,-121.97943115234375,"SANTA CRUZ",UNINCORPORATED,-121.97943878173828,36.985485076904297
92313218,2024,2024-02-13,9720,2024-02-02,1330,023618,,5,1,9,4400,0,3,5,,2,100,"KINGS HIGHWAY","ROBIN HOOD LN",3168.00,W,N,B,C,N,,,,,,,,,,N,3,0,1,1,A,-,21,22106,,N,E,I,A,B,H,-,A,D,0,,,,,Y,,D,23,0,1,0,0,0,0,0,0,0,"- ","- ",37.157489776611328,-122.15789031982422,"SANTA CRUZ",UNINCORPORATED,-122.16185760498047,37.156318664550781
92314282,2024,2024-02-14,9720,2024-02-07,1645,019956,,3,2,9,4400,0,1,3,,2,020,"SR-1 S/B","SOQUEL DR",528.00,N,N,B,-,Y,SCR,,1," "," ",14.981,H,,L,Y,3,0,3,2,A,-,03,22350,,N,C,C,A,B,H,-,A,D,0,,,,,Y,,A,01,0,1,2,0,0,0,0,0,0,"- ","- ",36.987388610839844,-121.98838043212891,"SANTA CRUZ",UNINCORPORATED,-121.98837280273438,36.987434387207031
92314289,2024,2024-02-14,9720,2024-02-04,2000,023146,,7,2,9,4400,0,1,3,,1,014,SR-9,"STAPP RD",200.00,N,N,B,C,Y,SCR,,9," "," ",17.998,H,,R,Y,4,0,2,1,A,-,03,22350,,N,E,I,A,B,H,-,D,D,0,,,,,Y,,A,01,0,0,2,0,0,0,0,0,0,"- ","- ",37.190780639648438,-122.14454650878906,"SANTA CRUZ",UNINCORPORATED,-122.14451599121094,37.190803527832031
92314327,2024,2024-02-15,9720,2024-02-03,2143,022907,,6,2,9,4400,0,1,3,,2,030,"SR-1 N/B","FREEDOM BLVD",1056.00,S,N,B,C,Y,SCR,,1," "," ",8.084,H,,R,Y,3,0,2,2,A,-,03,22350,,N,C,C,A,B,H,-,C,D,0,,,,,Y,,A,01,0,2,0,0,0,0,0,0,0,"- ","- ",36.9676513671875,-121.86955261230469,"SANTA CRUZ",UNINCORPORATED,-121.86958312988281,36.967628479003906
92318210,2024,2024-02-20,9720,2024-01-29,"630 ",023636,,1,1,9,4400,0,1,3,,1,035,SR-129,"VANONI ROAD",1584.00,W,N,A,-,Y,SCR,,129," "," ",6.609,H,,R,Y,2,0,2,2,A,-,01,23152,A,F,A,C,A,A,H,-,D,D,0,,,,,Y,Y,A,01,2,0,0,0,0,0,0,0,0,"- ","- ",36.906009674072266,-121.64949035644531,"SANTA CRUZ",UNINCORPORATED,-121.64950561523438,36.905994415283203
92318634,2024,2024-02-20,9720,2024-02-08,1410,023618,,4,2,9,4400,0,2,4,,1,021,"SOQUEL DR","PARK AVE",0.00,,Y,B,-,N,,,,,,,,,,Y,3,0,1,2,A,-,09,21453,C,N,A,C,A,A,H,-,A,A,0,,,,,Y,,D,22,0,1,0,0,0,0,0,0,0,"- ","- ",36.989021301269531,-121.93578338623047,"SANTA CRUZ",UNINCORPORATED,-121.93574523925781,36.989109039306641
92318662,2024,2024-02-20,9720,2024-02-09,1905,023166,,5,2,9,4400,0,1,3,,1,015,SR-9,"LOWER SR-236",111.00,N,N,A,-,N,,,,,,,,,,N,3,0,1,2,A,-,03,22350,,F,G,B,D,A,H,-,C,D,0,Y,,,,Y,,-,99,0,1,0,0,1,0,0,0,0,"- ","- ",37.125789642333984,-122.12245178222656,"SANTA CRUZ",UNINCORPORATED,-122.12244415283203,37.12579345703125
92318668,2024,2024-02-20,9720,2024-02-11,2150,023166,,7,2,9,4400,0,2,4,,1,016,"GRAHAM HILL RD",SR-9,69.00,E,N,A,-,N,,,,,,,,,,N,2,0,1,2,A,-,03,22350,,F,G,B,D,A,H,-,C,A,0,Y,,,,Y,,-,99,1,0,0,0,1,0,0,0,0,"- ","- ",37.053028106689453,-122.07295989990234,"SANTA CRUZ",UNINCORPORATED,-122.07305908203125,37.052978515625
92319398,2024,2024-02-21,9720,2024-02-17,2102,022545,,6,2,9,4400,0,1,3,,2,020,"SR-1 S/B","STATE PARD DR",2640.00,S,N,C,-,Y,SCR,,1," "," ",10.002,H,,L,Y,4,0,1,1,A,-,08,22107,,N,E,I,A,B,H,-,D,D,0,,,,,Y,,A,01,0,0,1,0,0,0,0,0,0,"- ","- ",36.975078582763672,-121.90170288085938,"SANTA CRUZ",UNINCORPORATED,-121.90170288085938,36.975048065185547
92322767,2024,2024-02-26,9720,2024-02-14,1032,023611,,3,1,9,4400,0,1,3,,2,020,"SR-1 N/B","STATE PARK DRIVE",528.00,S,N,B,-,Y,SCR,,1," "," ",10.525,H,,R,N,4,0,1,3,A,-,03,22350,,N,C,C,A,B,H,-,A,D,0,,,,,Y,,A,07,0,0,1,0,0,0,0,0,0,"- ","- ",36.977958679199219,-121.91020202636719,"SANTA CRUZ",UNINCORPORATED,-121.91017913818359,36.977981567382812
92322894,2024,2024-02-26,9720,2024-02-17,1325,023618,,6,1,9,4400,0,1,3,,1,017,"SR-17 S/B","LA MADRONA DR.",353.00,N,N,B,C,Y,SCR,,17," "," ",2.222,H,,L,Y,3,0,1,1,A,-,03,22350,,N,E,I,A,B,H,-,A,D,0,,,,,Y,,A,01,0,1,0,0,0,0,0,0,0,"- ","- ",37.019611358642578,-122.02787017822266,"SANTA CRUZ",UNINCORPORATED,-122.02778625488281,37.019584655761719
92323059,2024,2024-02-26,9720,2024-02-10,1912,022976,,6,2,9,4400,0,1,3,,1,035,SR-129,"ROGGE LANE",3696.00,E,N,A,-,Y,SCR,,129," "," ",7.958,H,,R,N,3,0,2,1,A,-,01,23152,A,N,E,I,A,A,H,-,D,D,0,,,,,Y,Y,A,01,0,2,0,0,0,0,0,0,0,"- ","- ",36.911911010742188,-121.62995147705078,"SANTA CRUZ",UNINCORPORATED,-121.62996673583984,36.911918640136719
92323072,2024,2024-02-26,9720,2024-02-10,1557,023331,,6,2,9,4400,0,3,5,,2,100,"GUSHEE ST","PLATEAU DR",0.00,,Y,A,-,N,,,,,,,,,,N,4,0,1,2,A,-,09,21802,A,N,D,C,A,A,H,-,A,D,0,,,Y,,Y,,C,02,0,0,1,0,0,0,0,0,1,"- ","- ",37.049129486083984,-122.07424163818359,"SANTA CRUZ",UNINCORPORATED,-122.07416534423828,37.049095153808594
92323333,2024,2024-02-26,9720,2024-02-17,1232,023657,,6,1,9,4400,0,2,4,,1,032,"GREEN VALLEY RD","AMESTI RD",498.00,S,N,B,C,Y,,,,,,,,,,Y,4,0,2,2,A,-,09,21804,A,N,D,C,A,B,H,-,A,D,0,,,,,Y,,A,07,0,0,2,0,0,0,0,0,0,"- ","- ",36.944351196289062,-121.76757049560547,"SANTA CRUZ",UNINCORPORATED,-121.767578125,36.944374084472656
92323376,2024,2024-02-26,9720,2024-02-17,2250,023146,,6,3,9,4400,0,1,3,,1,017,"SR-17 S/B","LA MADRONA DR",30.00,S,N,B,C,Y,SCR,,17," "," ",2.156,H,,L,Y,4,0,1,1,A,-,03,22350,,N,E,8,A,B,H,-,C,D,0,,,,,Y,,A,01,0,0,1,0,0,0,0,0,0,"- ","- ",37.018630981445312,-122.02793121337891,"SANTA CRUZ",UNINCORPORATED,-122.02799987792969,37.018630981445312
92324039,2024,2024-02-27,9720,2024-02-14,"710 ",023636,,3,1,9,4400,0,1,3,,2,030,"N/B SR-1","MAR MONTE AVENUE",10560.00,S,N,C,-,Y,SCR,,1," ",R,4.664,H,,R,Y,3,0,3,3,A,-,07,21658,A,N,C,C,A,B,H,-,A,D,0,,,,,Y,,A,01,0,2,1,0,0,0,0,0,0,"- ","- ",36.934520721435547,-121.82042694091797,"SANTA CRUZ",UNINCORPORATED,-121.82040405273438,36.934577941894531
92325467,2024,2024-02-28,9720,2024-02-20,"710 ",023610,,2,1,9,4400,0,3,5,,2,300,"CALABASAS RD","BARBARA WAY",0.00,,Y,A,-,N,,,,,,,,,,N,4,0,1,2,A,-,12,22450,A,N,H,G,A,A,H,-,A,A,0,,Y,,,Y,,L,04,0,0,1,0,0,0,1,0,0,"- ","- ",36.942878723144531,-121.7919921875,"SANTA CRUZ",UNINCORPORATED,-121.79208374023438,36.942939758300781
92325484,2024,2024-02-28,9720,2024-02-24,1901,022545,,6,2,9,4400,0,3,5,,2,100,"BONNY DOON RD",SR-1,1584.00,E,N,A,-,N,,,,,,,,,,Y,3,0,2,1,A,-,03,22350,,N,F,A,A,A,H,-,D,D,0,,,,,Y,,A,07,0,2,0,0,0,0,0,0,0,"- ","- ",37.005138397216797,-122.17577362060547,"SANTA CRUZ",UNINCORPORATED,-122.17688751220703,37.004173278808594
92329407,2024,2024-03-04,9720,2024-02-24,1345,023618,,6,1,9,4400,0,2,4,,1,024,"E CLIFF DRIVE","15TH AVE",0.00,,Y,A,-,N,,,,,,,,,,N,3,0,1,2,A,-,08,22107,,N,B,C,A,A,H,-,A,D,0,,,,,Y,Y,D,22,0,1,0,0,0,0,0,0,0,"- ","- ",36.963470458984375,-121.99085235595703,"SANTA CRUZ",UNINCORPORATED,-121.99085235595703,36.963504791259766
92329437,2024,2024-03-04,9720,2024-02-24,1700,023657,,6,2,9,4400,0,1,3,,1,012,SR-236,"1ST ST",6.00,S,N,A,-,Y,SCR,,236," "," ",1.128,H,,R,N,4,0,1,2,A,-,08,22107,,F,G,B,E,A,H,-,A,D,0,Y,,,,Y,,-,99,0,0,1,0,1,0,0,0,0,"- ","- ",37.133731842041016,-122.13897705078125,"SANTA CRUZ",UNINCORPORATED,-122.13901519775391,37.133708953857422
92331603,2024,2024-03-06,9720,2024-02-25,1250,023618,,7,1,9,4400,0,3,5,,2,300,"BUENA VISTA DR","SOUTH DR",243.00,N,N,A,-,N,,,,,,,,,,Y,3,0,1,1,A,-,01,23152,A,N,E,I,A,A,H,-,A,D,0,,,,,Y,Y,A,01,0,1,0,0,0,0,0,0,0,"- ","- ",36.939689636230469,-121.78896331787109,"SANTA CRUZ",UNINCORPORATED,-121.78978729248047,36.939620971679688
92332745,2024,2024-03-07,9720,2024-02-27,1640,023636,,2,2,9,4400,0,2,4,,1,016,"GRAHAM HILL RD","SIMS ROAD",300.00,S,N,A,-,N,,,,,,,,,,Y,4,0,1,6,A,-,04,21703,,F,C,C,A,A,H,-,A,D,0,,,,,Y,,A,01,0,0,1,0,0,0,0,0,0,"- ","- ",37.006900787353516,-122.03414154052734,"SANTA CRUZ",UNINCORPORATED,-122.03417205810547,37.010955810546875
92333348,2024,2024-03-08,9720,2024-03-01,"755 ",023387,,5,1,9,4400,0,3,5,,2,200,"CENTER AVE","SANTA CLARA AVE",30.00,N,N,B,-,N,,,,,,,,,,N,4,0,1,1,A,-,08,22107,,N,E,I,A,B,H,-,A,A,0,,,,,Y,,A,07,0,0,1,0,0,0,0,0,0,"- ","- ",36.974540710449219,-121.90882110595703,"SANTA CRUZ",UNINCORPORATED,-121.90901184082031,36.974479675292969
92336000,2024,2024-03-12,9720,2024-03-05,1330,023507,,2,1,9,4400,0,3,5,,2,100,"LAKEVIEW DR",SR-9,200.00,W,N,B,C,N,,,,,,,,,,Y,3,0,1,1,A,-,08,22107,,N,E,I,A,B,H,-,A,D,0,,,,,Y,,A,07,0,1,0,0,0,0,0,0,0,"- ","- ",37.038360595703125,-122.06831359863281,"SANTA CRUZ",UNINCORPORATED,-122.06754302978516,37.037933349609375
92336479,2024,2024-03-12,9720,2024-03-02,1400,023573,,6,2,9,4400,0,1,3,,1,013,"110 HERON LANE","QUAIL RIDGE RD",50.00,S,N,C,-,N,,,,,,,,,,N,3,0,1,1,A,-,08,22107,,N,E,8,A,B,H,-,A,D,0,,,,,Y,,A,01,0,1,0,0,0,0,0,0,0,"- ","- ",37.109569549560547,-121.92233276367188,"SANTA CRUZ",UNINCORPORATED,-121.91966247558594,37.109897613525391
92336939,2024,2024-03-13,9720,2024-03-06,1519,023610,,3,2,9,4400,0,3,5,,2,200,"GLEN CANYON RD","GLEN CANYON CT.",184.00,S,N,B,C,N,,,,,,,,,,Y,4,0,1,1,A,-,01,23152,G,N,E,I,A,B,H,-,A,D,0,,,,,Y,Y,A,01,0,0,1,0,0,0,0,0,0,"- ","- ",37.007568359375,-122.00942993164062,"SANTA CRUZ",UNINCORPORATED,-122.00945281982422,37.007511138916016
92337248,2024,2024-03-13,9720,2024-02-07,2330,023316,,3,3,9,4400,0,1,3,,2,020,"SR-1 N/B FROM SOQUEL DR W/B","SOQUEL DR",75.00,W,N,B,-,Y,,,,,,,,,,N,4,0,1,1,A,-,03,22350,,M,E,8,A,B,H,-,C,D,0,,,,,Y,Y,A,07,0,0,1,0,0,0,0,0,0,"- ","- ",36.987819671630859,-121.9857177734375,"SANTA CRUZ",UNINCORPORATED,-121.9857177734375,36.987819671630859
92337369,2024,2024-05-09,9720,2024-03-01,1043,023657,,5,1,9,4400,0,2,4,,1,021,"SOQUEL DR","COMMERCIAL CROSSING",10.00,W,N,B,-,Y,,,,,,,,,,N,4,0,1,2,A,-,07,21658,A,N,B,C,A,B,H,-,A,A,0,,,,,Y,,A,07,0,0,1,0,0,0,0,0,0,"- ","- ",36.988548278808594,-121.98309326171875,"SANTA CRUZ",UNINCORPORATED,-121.98294830322266,36.9886474609375
92340528,2024,2024-03-18,9720,2024-03-06,1243,023610,,3,1,9,4400,0,2,4,,1,023,"7TH AVE","EDDY LN",118.00,S,N,A,-,N,,,,,,,,,,N,4,0,1,2,A,-,09,21804,A,N,D,G,A,A,H,-,A,D,0,,Y,,,Y,,A,01,0,0,1,0,0,0,1,0,0,"- ","- ",36.975681304931641,-121.99403381347656,"SANTA CRUZ",UNINCORPORATED,-121.99394989013672,36.975654602050781
92340533,2024,2024-03-18,9720,2024-03-07,1500,023387,,4,2,9,4400,0,1,3,,1,015,SR-9,"MILL ST",100.00,N,N,B,-,Y,SCR,,9," "," ",9.660,H,,R,N,4,0,1,3,A,-,03,22350,,M,C,C,A,A,H,-,A,D,0,,,,,Y,,A,01,0,0,1,0,0,0,0,0,0,"- ","- ",37.089370727539062,-122.09259796142578,"SANTA CRUZ",UNINCORPORATED,-122.09259033203125,37.089405059814453
92341538,2024,2024-03-19,9720,2024-03-08,1747,023657,,5,2,9,4400,0,2,4,,1,022,"SOQUEL SAN JOSE RD","HESTER CREEK RD",581.00,N,N,A,-,N,,,,,,,,,,Y,3,0,1,1,A,-,08,22107,,N,E,9,A,A,H,-,A,D,0,,,,,Y,,A,07,0,1,0,0,0,0,0,0,0,"- ","- ",37.082168579101562,-121.94777679443359,"SANTA CRUZ",UNINCORPORATED,-121.94754028320312,37.081962585449219
92342707,2024,2024-03-20,9720,2024-03-12,1250,023636,,2,1,9,4400,0,1,3,,1,017,"SR-17 N/B","PASATIEMPO DR",2640.00,S,N,B,-,Y,SCR,,17," "," ",0.387,H,,R,Y,3,0,1,1,A,-,03,22350,,N,E,8,A,B,H,-,A,D,0,,,,,Y,,A,01,0,1,0,0,0,0,0,0,0,"- ","- ",36.994800567626953,-122.01911163330078,"SANTA CRUZ",UNINCORPORATED,-122.01905822753906,36.994808197021484