CASE_ID,ACCIDENT_YEAR,PROC_DATE,JURIS,COLLISION_DATE,COLLISION_TIME,OFFICER_ID,REPORTING_DISTRICT,DAY_OF_WEEK,CHP_SHIFT,POPULATION,CNTY_CITY_LOC,SPECIAL_COND,BEAT_TYPE,CHP_BEAT_TYPE,CITY_DIVISION_LAPD,CHP_BEAT_CLASS,BEAT_NUMBER,PRIMARY_RD,SECONDARY_RD,DISTANCE,DIRECTION,INTERSECTION,WEATHER_1,WEATHER_2,STATE_HWY_IND,CALTRANS_COUNTY,CALTRANS_DISTRICT,STATE_ROUTE,ROUTE_SUFFIX,POSTMILE_PREFIX,POSTMILE,LOCATION_TYPE,RAMP_INTERSECTION,SIDE_OF_HWY,TOW_AWAY,COLLISION_SEVERITY,NUMBER_KILLED,NUMBER_INJURED,PARTY_COUNT,PRIMARY_COLL_FACTOR,PCF_CODE_OF_VIOL,PCF_VIOL_CATEGORY,PCF_VIOLATION,PCF_VIOL_SUBSECTION,HIT_AND_RUN,TYPE_OF_COLLISION,MVIW,PED_ACTION,ROAD_SURFACE,ROAD_COND_1,ROAD_COND_2,LIGHTING,CONTROL_DEVICE,CHP_ROAD_TYPE,PEDESTRIAN_ACCIDENT,BICYCLE_ACCIDENT,MOTORCYCLE_ACCIDENT,TRUCK_ACCIDENT,NOT_PRIVATE_PROPERTY,ALCOHOL_INVOLVED,STWD_VEHTYPE_AT_FAULT,CHP_VEHTYPE_AT_FAULT,COUNT_SEVERE_INJ,COUNT_VISIBLE_INJ,COUNT_COMPLAINT_PAIN,COUNT_PED_KILLED,COUNT_PED_INJURED,COUNT_BICYCLIST_KILLED,COUNT_BICYCLIST_INJURED,COUNT_MC_KILLED,COUNT_MC_INJURED,PRIMARY_RAMP,SECONDARY_RAMP,LATITUDE,LONGITUDE,COUNTY,CITY,POINT_X,POINT_Y
92376062,2024,2024-04-26,9720,2024-04-17,1615,023721,,3,2,9,4400,0,3,5,,2,200,"SPRECKELS DR","SEACLIFF DR",100.00,N,N,A,-,N,,,,,,,,,,N,3,0,1,2,A,-,05,21460,A,M,B,C,A,A,H,-,A,D,0,,,,,Y,,-,"- ",0,1,0,0,0,0,0,0,0,"- ","- ",36.974891662597656,-121.9027099609375,"SANTA CRUZ",UNINCORPORATED,-121.9027099609375,36.974925994873047
92376379,2024,2024-04-29,9720,2024-04-21,1250,022907,,7,1,9,4400,0,1,3,,2,020,"SR-1 N/B","STATE PARK DRIVE",1584.00,S,N,A,-,Y,SCR,,1," "," ",10.202,H,,R,N,4,0,1,2,A,-,03,22350,,N,C,C,A,A,H,-,A,D,0,,,,,Y,,A,07,0,0,1,0,0,0,0,0,0,"- ","- ",36.975570678710938,-121.90514373779297,"SANTA CRUZ",UNINCORPORATED,-121.90512847900391,36.975597381591797
92377253,2024,2024-04-29,9720,2024-04-18,"825 ",022140,,4,1,9,4400,0,1,3,,2,020,"SR-1 S/B","SOQUEL DR",1214.00,N,N,A,-,Y,SCR,,1," "," ",15.108,H,,L,Y,4,0,2,2,A,-,03,22350,,N,C,C,A,A,H,-,A,D,0,,,,Y,Y,,F,26,0,0,2,0,0,0,0,0,0,"- ","- ",36.987621307373047,-121.99060821533203,"SANTA CRUZ",UNINCORPORATED,-121.9906005859375,36.987693786621094
92377878,2024,2024-04-30,9720,2024-04-20,"136 ",023103,,6,3,9,4400,0,1,3,,1,017,"SR-17 S/B","LA MADRONA DR",10.00,S,N,A,-,Y,SCR,,17," "," ",2.175,H,,L,Y,3,0,1,1,A,-,03,22350,,N,E,I,A,B,H,-,C,D,0,,,,,Y,,A,01,0,1,0,0,0,0,0,0,0,"- ","- ",37.018909454345703,-122.02789306640625,"SANTA CRUZ",UNINCORPORATED,-122.02797698974609,37.0189208984375
92378964,2024,2024-05-01,9720,2024-04-24,1201,023610,,3,1,9,4400,0,3,5,,2,300,"CARLTON RD",SR-129,1056.00,W,N,B,-,N,,,,,,,,,,Y,3,0,2,1,C,-,18,,,N,F,I,A,A,H,-,A,D,0,,,,,Y,,-,"- ",0,2,0,0,0,0,0,0,0,"- ","- ",36.927051544189453,-121.70298004150391,"SANTA CRUZ",UNINCORPORATED,-121.69921112060547,36.924331665039062
92379580,2024,2024-05-01,9720,2024-04-23,"411 ",022545,,2,3,9,4400,0,1,3,,2,020,"SR-1 N/B","PARK AVE",30.00,S,N,A,-,Y,SCR,,1," "," ",12.090,H,,R,Y,3,0,1,2,A,-,01,23152,A,N,C,C,A,A,D,-,D,D,0,,,,Y,Y,Y,A,01,0,1,0,0,0,0,0,0,0,"- ","- ",36.984088897705078,-121.93685150146484,"SANTA CRUZ",UNINCORPORATED,-121.93685150146484,36.98406982421875
92379856,2024,2024-05-01,9720,2024-04-25,1435,019956,,4,2,9,4400,0,2,4,,1,016,"GRAHAM HILL RD","NEPENTHE DR",100.00,S,N,B,-,N,,,,,,,,,,N,4,0,1,2,A,-,03,22350,,N,C,C,A,A,H,-,A,D,0,,,,,Y,,D,22,0,0,1,0,0,0,0,0,0,"- ","- ",37.014339447021484,-122.03427124023438,"SANTA CRUZ",UNINCORPORATED,-122.03423309326172,37.014366149902344
92379861,2024,2024-05-01,9720,2024-04-25,1547,019956,,4,2,9,4400,0,1,3,,1,017,"SR-17 N/B","LAUREL RD",300.00,N,N,B,-,Y,SCR,,17," "," ",9.498,H,,R,N,2,0,1,1,C,-,18,,,N,F,A,A,A,B,-,A,D,0,,,Y,,Y,,-,"- ",1,0,0,0,0,0,0,0,1,"- ","- ",37.105171203613281,-121.97471618652344,"SANTA CRUZ",UNINCORPORATED,-121.97476196289062,37.105171203613281
92380747,2024,2024-05-02,9720,2024-04-26,1719,023214,,5,2,9,4400,0,3,5,,2,100,"BEAR CREEK RD.","SKYLINE BLVD.",0.00,,Y,A,-,N,,,,,,,,,,Y,3,0,1,2,A,-,05,21460,,N,D,C,A,A,H,-,A,D,0,,,,,Y,,A,07,0,1,0,0,0,0,0,0,0,"- ","- ",37.166801452636719,-122.02607727050781,"SANTA CRUZ",UNINCORPORATED,-122.02619171142578,37.166824340820312
92380756,2024,2024-05-02,9720,2024-05-01,"925 ",021717,,3,1,9,4400,0,2,4,,1,021,"SOQUEL DR","SOUTH RODEO GULCH RD",0.00,,Y,A,-,N,,,,,,,,,,N,3,0,1,2,A,-,12,21453,A,N,D,C,A,A,H,-,A,A,0,,Y,,,Y,,M,91,0,1,0,0,0,0,1,0,0,"- ","- ",36.987491607666016,-121.96958923339844,"SANTA CRUZ",UNINCORPORATED,-121.96955871582031,36.987606048583984
92380835,2024,2024-05-03,9720,2024-04-20,1335,023331,,6,1,9,4400,0,2,4,,1,021,"SOQUEL DR","PRATHER LANE",131.00,E,N,A,-,N,,,,,,,,,,Y,4,0,1,2,A,-,21,22106,,N,H,C,A,A,H,-,A,D,0,,,,,Y,,A,01,0,0,1,0,0,0,0,0,0,"- ","- ",36.988418579101562,-121.97643280029297,"SANTA CRUZ",UNINCORPORATED,-121.97646331787109,36.988349914550781
92381853,2024,2024-05-06,9720,2024-04-28,1150,023146,,7,1,9,4400,0,3,5,,2,100,"EAST ZAYANTE RD","EAST CREEK RD",600.00,N,N,A,-,N,,,,,,,,,,Y,3,0,1,1,A,-,08,22107,,N,E,8,A,A,H,-,A,D,0,,,,,Y,,A,01,0,1,0,0,0,0,0,0,0,"- ","- ",37.101089477539062,-122.03318023681641,"SANTA CRUZ",UNINCORPORATED,-122.03667449951172,37.099479675292969
92386185,2024,2024-05-09,9720,2024-05-09,"916 ",021211,,4,1,9,4400,0,1,3,,1,017,"SR-17 N/B","MOUNT HERMON RD.",100.00,S,N,A,-,Y,SCR,,17," "," ",3.357,H,,R,N,4,0,1,2,A,-,07,21658,A,F,B,C,A,A,H,-,A,D,0,,,,,Y,,-,99,0,0,1,0,0,0,0,0,0,"- ","- ",37.034679412841797,-122.02192687988281,"SANTA CRUZ",UNINCORPORATED,-122.02193450927734,37.034679412841797
92386245,2024,2024-05-09,9720,2024-04-28,1320,023146,,7,1,9,4400,0,3,5,,2,100,"EMPIRE GRADE RD","PATRICK RD",200.00,N,N,A,-,N,,,,,,,,,,N,2,0,1,1,A,-,08,22107,,N,E,8,A,A,H,-,A,D,0,,,Y,,Y,,C,02,1,0,0,0,0,0,0,0,1,"- ","- ",37.098960876464844,-122.14317321777344,"SANTA CRUZ",UNINCORPORATED,-122.14323425292969,37.098953247070312
92387489,2024,2024-05-13,9720,2024-05-03,1215,023573,,5,1,9,4400,0,3,5,,2,300,"CORRALITOS RD","SKYLARK LN",528.00,S,N,A,-,N,,,,,,,,,,Y,3,0,1,2,A,-,08,22107,,N,D,C,A,A,H,-,A,D,0,,,,,Y,,D,22,0,1,0,0,0,0,0,0,0,"- ","- ",36.975959777832031,-121.80634307861328,"SANTA CRUZ",UNINCORPORATED,-121.80638122558594,36.975433349609375
92387638,2024,2024-05-13,9720,2024-05-02,"910 ",023387,,4,1,9,4400,0,3,5,,2,300,"BUENA VISTA DR","CALABASAS RD",35.00,S,N,A,-,N,,,,,,,,,,N,4,0,1,2,A,-,03,22350,,N,C,C,A,A,H,-,A,A,0,,,,,Y,,D,22,0,0,1,0,0,0,0,0,0,"- ","- ",36.940868377685547,-121.78787231445312,"SANTA CRUZ",UNINCORPORATED,-121.78783416748047,36.940948486328125
92387640,2024,2024-05-13,9720,2024-05-02,1920,023387,,4,2,9,4400,0,1,3,,1,035,"SR-129 W/B","MURPHY RD",4224.00,E,N,A,-,Y,SCR,,129," "," ",5.609,H,,L,N,3,0,1,1,A,-,08,22107,,N,F,A,A,A,H,-,A,D,0,,,,,Y,,A,01,0,1,0,0,0,0,0,0,0,"- ","- ",36.914821624755859,-121.661376953125,"SANTA CRUZ",UNINCORPORATED,-121.66136169433594,36.914764404296875
92389237,2024,2024-05-14,9720,2024-05-06,1550,023721,,1,2,9,4400,0,2,4,,1,024,"PORTOLA DR","CORCORAN AVE",0.00,,Y,A,-,N,,,,,,,,,,N,3,0,1,2,A,-,10,21950,A,N,G,B,B,A,H,-,A,A,0,Y,,,,Y,,A,01,0,1,0,0,1,0,0,0,0,"- ","- ",36.962741851806641,-121.98175048828125,"SANTA CRUZ",UNINCORPORATED,-121.98185729980469,36.962738037109375
92389420,2024,2024-05-14,9720,2024-05-09,"836 ",023245,,4,1,9,4400,0,1,3,,2,020,"SR-1 N/B","BAY AVE",1056.00,S,N,A,-,Y,SCR,,1," "," ",12.975,H,,R,Y,3,0,1,2,A,-,03,22350,,N,C,C,A,A,D,-,A,D,0,,,,,Y,,A,01,0,1,0,0,0,0,0,0,0,"- ","- ",36.983638763427734,-121.95291137695312,"SANTA CRUZ",UNINCORPORATED,-121.95291137695312,36.983665466308594
92389751,2024,2024-05-14,9720,2024-04-30,"918 ",023618,,2,1,9,4400,0,3,5,,2,200,"RODRIGUEZ ST","PAUL MINNIE AVE",5.00,W,N,A,-,N,,,,,,,,,,N,3,0,1,3,A,-,10,21950,A,N,G,B,B,A,H,-,A,A,0,Y,,,,Y,,A,07,0,1,0,0,1,0,0,0,0,"- ","- ",36.981960296630859,-121.98519897460938,"SANTA CRUZ",UNINCORPORATED,-121.98511505126953,36.982025146484375
92391925,2024,2024-05-16,9720,2024-05-04,1045,023573,,6,1,9,4400,0,1,3,,1,034,SR-152,"RED HAWK CANYON RD",528.00,E,N,C,-,Y,SCR,,152," "," ",5.606,H,,R,Y,3,0,1,1,A,-,03,22350,,N,E,I,A,B,H,-,A,D,0,,,,,Y,,D,22,0,1,0,0,0,0,0,0,0,"- ","- ",36.975479125976562,-121.71462249755859,"SANTA CRUZ",UNINCORPORATED,-121.71463775634766,36.975471496582031
9239196,2020,2021-04-19,4404,2020-10-16,1055,5211,4404,5,5,3,4404,0,0,0,,0,NORTH,"SCOTTS VALLEY DR","EL PUEBLO RD",530.00,N,N,A,-,N,,,,,,,,,,N,2,0,1,2,A,-,03,22350,,N,H,G,A,A,H,-,A,D,0,,Y,,,Y,,L,04,1,0,0,0,0,0,1,0,0,"- ","- ",37.056961059570312,-122.01084136962891,"SANTA CRUZ","SCOTTS VALLEY",-122.01134490966797,37.056896209716797
92392085,2024,2024-05-16,9720,2024-05-04,1031,023103,,6,1,9,4400,0,2,4,,1,021,"SOQUEL DRIVE","CHANTICLEER AVE",0.00,,Y,B,C,N,,,,,,,,,,Y,2,0,4,2,A,-,09,21802,B,N,D,2,A,B,H,-,A,A,0,,,,,Y,Y,A,07,3,1,0,0,0,0,0,0,0,"- ","- ",36.988510131835938,-121.97802734375,"SANTA CRUZ",UNINCORPORATED,-121.97798919677734,36.988506317138672
92396529,2024,2024-05-22,9720,2024-05-10,"0   ",023166,,5,3,9,4400,0,1,3,,1,017,"SR-17 S/B","LA MADRONA DR",168.00,S,N,A,-,Y,SCR,,17," "," ",2.148,H,,L,Y,4,0,2,1,A,-,03,22350,,N,E,I,A,A,H,-,C,D,0,,,,,Y,,A,01,0,0,2,0,0,0,0,0,0,"- ","- ",37.018520355224609,-122.02825164794922,"SANTA CRUZ",UNINCORPORATED,-122.02799987792969,37.018520355224609
92397573,2024,2024-05-24,9720,2024-05-13,2300,023636,,1,3,9,4400,0,1,3,,2,030,"SR-1 S/B",SR-129,200.00,S,N,A,-,Y,SCR,,1," ",R,0.678,H,,L,Y,3,0,2,2,C,-,18,,,N,C,C,A,A,H,-,D,D,0,,,,,Y,,-,"- ",0,1,1,0,0,0,0,0,0,"- ","- ",36.893760681152344,-121.77413177490234,"SANTA CRUZ",UNINCORPORATED,-121.77415466308594,36.893756866455078
92397584,2024,2024-05-24,9720,2024-05-11,1920,023316,,6,2,9,4400,0,2,4,,1,022,"SOQUEL SAN JOSE RD","LAUREL GLEN ROAD",2190.00,N,N,A,-,N,,,,,,,,,,Y,3,0,1,1,A,-,01,23152,A,N,E,I,A,A,H,-,A,D,0,,,,,Y,Y,D,22,0,1,0,0,0,0,0,0,0,"- ","- ",37.037879943847656,-121.94467163085938,"SANTA CRUZ",UNINCORPORATED,-121.94461822509766,37.037429809570312
92398459,2024,2024-05-27,9720,2024-05-17,"720 ",022044,,5,1,9,4400,0,1,3,,1,017,"SR-17 S/B","GRANITE CREEK RD",1056.00,N,N,B,-,Y,SCR,,17," "," ",5.758,H,,L,N,4,0,1,2,A,-,07,21658,A,N,B,C,A,A,H,-,A,D,0,,,,,Y,,A,01,0,0,1,0,0,0,0,0,0,"- ","- ",37.064750671386719,-122.0015869140625,"SANTA CRUZ",UNINCORPORATED,-122.00164031982422,37.064815521240234
92398470,2024,2024-05-27,9720,2024-05-16,"630 ",023507,,4,1,9,4400,0,3,5,,2,300,"CARLTON RD","KEER RD",120.00,S,N,B,C,N,,,,,,,,,,Y,4,0,1,1,A,-,03,22350,,N,E,I,A,B,H,-,B,D,0,,,,,Y,,-,"- ",0,0,1,0,0,0,0,0,0,"- ","- ",36.950901031494141,-121.72123718261719,"SANTA CRUZ",UNINCORPORATED,,
92398471,2024,2024-05-27,9720,2024-05-13,"425 ",023186,,1,3,9,4400,0,1,3,,2,030,"SR-1 N/B TO BUENA VISTA DR","BUENA VISTA DR",338.00,S,N,B,-,Y,,,,,,,,,,Y,3,0,1,1,A,-,01,23152,A,N,E,8,A,B,H,-,C,D,0,,,,,Y,Y,A,07,0,1,0,0,0,0,0,0,0,"- ","- ",36.931449890136719,-121.80831909179688,"SANTA CRUZ",UNINCORPORATED,-121.80938720703125,36.931259155273438
92398473,2024,2024-05-27,9720,2024-05-12,1224,023611,,7,1,9,4400,0,1,3,,2,020,"SR-1 N/B","PARK AVE",2640.00,S,N,A,-,Y,SCR,,1," "," ",11.513,H,,R,Y,3,0,1,3,A,-,03,22350,,M,C,C,A,A,D,-,A,D,0,,,,,Y,,A,01,0,1,0,0,0,0,0,0,0,"- ","- ",36.983200073242188,-121.92649841308594,"SANTA CRUZ",UNINCORPORATED,-121.92649078369141,36.983226776123047
92398474,2024,2024-05-27,9720,2024-05-16,1552,023245,,4,2,9,4400,0,2,4,,1,024,"BROMMER ST","CABLE CT",0.00,,Y,B,-,N,,,,,,,,,,N,3,0,1,2,A,-,08,22107,,N,H,G,A,A,H,-,A,D,0,,Y,,,Y,,A,07,0,1,0,0,0,0,1,0,0,"- ","- ",36.972000122070312,-121.99423980712891,"SANTA CRUZ",UNINCORPORATED,,
92398487,2024,2024-05-27,9720,2024-05-08,"450 ",023636,,3,3,9,4400,0,2,4,,1,032,"AIRPORT BLVD","PAJARO LN",686.00,E,N,A,-,N,,,,,,,,,,Y,2,0,1,2,A,-,03,22350,,N,G,B,E,A,H,-,D,D,0,Y,,,,Y,,A,01,1,0,0,0,1,0,0,0,0,"- ","- ",36.94158935546875,-121.77210998535156,"SANTA CRUZ",UNINCORPORATED,-121.77217864990234,36.941600799560547
92398491,2024,2024-05-27,9720,2024-05-05,2500,023331,,7,4,9,4400,0,3,5,,2,100,"EMPIRE GRADE RD","JAMISON CREEK RD",2640.00,S,N,A,-,N,,,,,,,,,,Y,3,0,1,1,A,-,01,23152,A,N,F,A,A,A,H,-,A,D,0,,,,,Y,Y,A,01,0,1,0,0,0,0,0,0,0,"- ","- ",37.133029937744141,-122.169189453125,"SANTA CRUZ",UNINCORPORATED,-122.17915344238281,37.139747619628906
92398549,2024,2024-05-27,9720,2024-05-21,1005,019956,,2,1,9,4400,0,3,5,,2,200,"BYER RD","BYER CT",100.00,W,N,A,-,N,,,,,,,,,,N,4,0,1,2,A,-,21,22106,,N,H,C,A,A,H,-,A,D,0,,,,,Y,,A,07,0,0,1,0,0,0,0,0,0,"- ","- ",36.976211547851562,-121.97801208496094,"SANTA CRUZ",UNINCORPORATED,-121.97791290283203,36.976192474365234
92398951,2024,2024-05-27,9720,2024-05-17,2315,023447,,5,3,9,4400,0,1,3,,1,017,"SR-17 N/B","EL RANCHO",30.00,N,N,B,C,Y,SCR,,17," "," ",2.199,H,,R,N,3,0,3,1,A,-,08,22107,,N,E,I,A,B,H,-,D,D,0,,,,,Y,,A,01,0,3,0,0,0,0,0,0,0,"- ","- ",37.019248962402344,-122.02745819091797,"SANTA CRUZ",UNINCORPORATED,-122.02762603759766,37.019271850585938
92399826,2024,2024-05-28,9720,2024-05-18,1450,023146,,6,2,9,4400,0,3,5,,2,100,"EAST ZAYANTE RD","OLYMPIA STATION RD",2640.00,S,N,A,-,N,,,,,,,,,,Y,3,0,1,1,A,-,03,22350,,N,F,A,A,A,H,-,A,D,0,,,Y,,Y,,C,02,0,1,0,0,0,0,0,0,1,"- ","- ",37.067031860351562,-122.05742645263672,"SANTA CRUZ",UNINCORPORATED,-122.05747222900391,37.066871643066406
92401075,2024,2024-05-29,9720,2024-05-19,1144,023214,,7,1,9,4400,0,3,5,,2,300,"LARKIN VALLEY RD.","RIDGEWAY ST.",119.00,S,N,A,-,N,,,,,,,,,,Y,3,0,2,2,A,-,03,22350,,N,E,8,A,A,H,-,A,D,0,,,,,Y,,A,01,0,2,0,0,0,0,0,0,0,"- ","- ",36.927680969238281,-121.80149841308594,"SANTA CRUZ",UNINCORPORATED,-121.80143737792969,36.927776336669922
92402228,2024,2024-05-30,9720,2024-05-02,2120,022976,,4,2,9,4400,0,1,3,,2,020,"SR-1 S/B","SOQUEL DRIVE",250.00,S,N,A,-,Y,SCR,,1," "," ",14.807,H,,L,N,3,0,1,2,A,-,01,23152,A,N,C,C,A,A,D,-,D,D,0,,,Y,,Y,Y,C,02,0,1,0,0,0,0,0,0,1,"- ","- ",36.986778259277344,-121.9853515625,"SANTA CRUZ",UNINCORPORATED,-121.98534393310547,36.986797332763672
92402624,2024,2024-05-30,9720,2024-05-23,1228,023245,,4,1,9,4400,0,1,3,,1,015,SR-9,"FELTON EMPIRE ROAD",0.00,,Y,A,-,Y,SCR,,9," "," ",6.467,H,,R,N,3,0,1,1,A,-,08,22107,,N,F,A,A,A,H,-,A,A,0,,,Y,,Y,,C,02,0,1,0,0,0,0,0,0,1,"- ","- ",37.053188323974609,-122.07341766357422,"SANTA CRUZ",UNINCORPORATED,-122.07332611083984,37.053207397460938
92404735,2024,2024-06-04,9720,2024-05-23,1803,022545,,4,2,9,4400,0,1,3,,2,020,"SR-1 S/B","41ST AVE",1056.00,N,N,A,-,Y,SCR,,1," "," ",13.898,H,,L,Y,2,0,1,2,A,-,01,23152,A,N,C,2,A,A,D,-,A,D,0,,,,,Y,Y,A,01,1,0,0,0,0,0,0,0,0,"- ","- ",36.982990264892578,-121.96949768066406,"SANTA CRUZ",UNINCORPORATED,-121.96949768066406,36.982982635498047
92405808,2024,2024-06-04,9720,2024-05-25,2340,023322,,6,3,9,4400,0,2,4,,1,022,"SOQUEL SAN JOSE RD","AMAYA RIDGE ROAD",898.00,N,N,A,-,N,,,,,,,,,,Y,4,0,2,1,A,-,08,22107,,N,E,I,A,A,H,-,D,D,0,,,,,Y,,A,07,0,0,2,0,0,0,0,0,0,"- ","- ",37.074588775634766,-121.93875122070312,"SANTA CRUZ",UNINCORPORATED,-121.93825531005859,37.073734283447266
92407143,2024,2024-06-05,9720,2024-05-27,1200,023811,,1,1,9,4400,0,1,3,,2,020,"N/B SR-1","RIO DEL MAR BLVD.",3168.00,N,N,A,-,Y,SCR,,1," "," ",9.757,H,,R,Y,3,0,1,3,A,-,03,22350,,N,C,C,A,A,H,-,A,D,0,,,,,Y,,A,01,0,1,0,0,0,0,0,0,0,"- ","- ",36.974998474121094,-121.89724731445312,"SANTA CRUZ",UNINCORPORATED,-121.89725494384766,36.975025177001953
92411238,2024,2024-06-11,9720,2024-05-30,"830 ",020640,,4,1,9,4400,0,3,5,,2,200,"SOQUEL AVE.","7TH AVE",255.00,E,N,A,-,N,,,,,,,,,,N,3,0,1,2,A,-,09,21801,A,N,H,G,A,A,H,-,A,A,0,,Y,,,Y,,D,22,0,1,0,0,0,0,1,0,0,"- ","- ",36.985530853271484,-121.98889923095703,"SANTA CRUZ",UNINCORPORATED,-121.989013671875,36.985584259033203
92414259,2024,2024-06-13,9720,2024-05-23,1506,023618,,4,2,9,4400,0,1,3,,2,020,"SR-1 S/B","BAY AVE",2640.00,S,N,A,-,Y,SCR,,1," "," ",12.683,H,,L,N,3,0,1,2,A,-,07,21658,A,F,C,C,A,A,D,-,A,D,0,,,Y,,Y,,-,99,0,1,0,0,0,0,0,0,1,"- ","- ",36.983951568603516,-121.94763946533203,"SANTA CRUZ",UNINCORPORATED,-121.94763946533203,36.98394775390625
92414394,2024,2024-06-13,9720,2024-06-01,1610,023636,,6,2,9,4400,0,3,5,,2,200,"SOQUEL AVE","CAPITOLA RD EXTENSION",0.00,,Y,A,-,N,,,,,,,,,,Y,3,0,3,2,A,-,09,21802,A,N,A,C,A,A,H,-,A,A,0,,,,,Y,,A,01,0,2,1,0,0,0,0,0,0,"- ","- ",36.983840942382812,-121.99347686767578,"SANTA CRUZ",UNINCORPORATED,-121.99337768554688,36.983871459960938
92417846,2024,2024-06-18,9720,2024-06-01,1335,023611,,6,1,9,4400,0,2,4,,1,024,"PORTOLA DR","41ST AVE",40.00,E,N,A,-,N,,,,,,,,,,N,4,0,2,2,A,-,21,22106,,N,C,C,A,A,H,-,A,A,0,,,,,Y,,D,22,0,0,2,0,0,0,0,0,0,"- ","- ",36.963699340820312,-121.96460723876953,"SANTA CRUZ",UNINCORPORATED,-121.96478271484375,36.963592529296875
92418786,2024,2024-06-19,9720,2024-06-06,1548,023657,,4,2,9,4400,0,1,3,,2,030,"SR-1 N/B","BUENA VISTA DR",845.00,N,N,A,-,Y,SCR,,1," ",R,4.241,H,,R,Y,4,0,1,2,A,-,03,22350,,N,C,C,A,A,H,-,A,D,0,,,,Y,Y,,A,07,0,0,1,0,0,0,0,0,0,"- ","- ",36.932449340820312,-121.81324768066406,"SANTA CRUZ",UNINCORPORATED,-121.81326293945312,36.932418823242188
92419615,2024,2024-06-20,9720,2024-05-13,"957 ",023657,,1,1,9,4400,0,1,3,,2,030,"SR-1 N/B","BUENA VISTA DR",1901.00,N,N,B,-,Y,SCR,,1," ",R,4.411,H,,R,Y,4,0,1,2,A,-,03,22350,,N,C,C,A,A,H,-,A,D,0,,,,,Y,,A,01,0,0,1,0,0,0,0,0,0,"- ","- ",36.933300018310547,-121.81613159179688,"SANTA CRUZ",UNINCORPORATED,-121.81613922119141,36.933277130126953
9242387,2021,2021-04-05,4403,2021-03-19,1705,358,113,5,5,4,4403,0,0,0,,0,001,"BEACH ST","LINCOLN ST",102.00,W,N,A,-,Y,SCR,5,152,-,T,3.250,H,-,E,Y,4,0,1,3,A,-,01,23152,B,M,C,C,A,A,H,-,A,A,0,,,,,Y,Y,A,01,0,0,1,0,0,0,0,0,0,"- ","- ",,,"SANTA CRUZ",WATSONVILLE,-121.75253295898438,36.913425445556641
92424788,2024,2024-06-27,9720,2024-06-15,1245,023502,,6,1,9,4400,0,1,3,,1,034,SR-152,"RED HAWK LANE",1300.00,W,N,A,-,Y,SCR,,152," "," ",5.005,H,,R,Y,4,0,2,3,A,-,05,21460,A,N,A,C,A,A,H,-,A,D,0,,,,,Y,,D,22,0,0,2,0,0,0,0,0,0,"- ","- ",36.971759796142578,-121.72113037109375,"SANTA CRUZ",UNINCORPORATED,-121.72115325927734,36.971755981445312
92424795,2024,2024-06-27,9720,2024-06-17,"630 ",023166,,1,1,9,4400,0,1,3,,1,034,"SR-152 W/B","RED HAWK PL",0.30,E,N,A,-,Y,SCR,,152," "," ",5.556,H,,L,Y,4,0,1,3,A,-,05,21460,A,N,B,2,A,A,H,-,A,D,0,,,,,Y,,A,01,0,0,1,0,0,0,0,0,0,"- ","- ",36.974971771240234,-121.71501922607422,"SANTA CRUZ",UNINCORPORATED,-121.71500396728516,36.975059509277344
92425323,2024,2024-06-27,9720,2024-06-15,1710,023636,,6,2,9,4400,0,1,3,,2,020,"SR-1 S/B","MORRISSEY BLVD",1584.00,S,N,A,-,Y,SCR,,1," "," ",15.508,H,,L,N,4,0,1,2,A,-,04,21703,,N,C,C,A,A,H,-,A,D,0,,,,,Y,,A,01,0,0,1,0,0,0,0,0,0,"- ","- ",36.988109588623047,-121.99777221679688,"SANTA CRUZ",UNINCORPORATED,-121.99777221679688,36.988132476806641
92428660,2024,2024-07-02,9720,2024-06-22,1401,023245,,6,2,9,4400,0,1,3,,1,010,SR-1,"BONNY DOON RD",2112.00,N,N,A,-,Y,SCR,,1," "," ",28.046,H,,R,Y,4,0,1,2,A,-,09,21801,A,N,B,C,A,A,H,-,A,D,0,,,,,Y,,A,01,0,0,1,0,0,0,0,0,0,"- ","- ",37.005741119384766,-122.18544769287109,"SANTA CRUZ",UNINCORPORATED,-122.18543243408203,37.005752563476562
92428673,2024,2024-07-02,9720,2024-06-25,"748 ",019956,,2,1,9,4400,0,2,4,,1,024,"PORTOLA DR","38TH AVE",10.00,W,N,B,-,N,,,,,,,,,,N,3,0,1,2,A,-,10,21950,A,N,G,B,B,A,H,-,A,A,0,Y,,,,Y,,A,01,0,1,0,0,1,0,0,0,0,"- ","- ",36.963451385498047,-121.96752166748047,"SANTA CRUZ",UNINCORPORATED,-121.96743774414062,36.96343994140625