CASE_ID,ACCIDENT_YEAR,PROC_DATE,JURIS,COLLISION_DATE,COLLISION_TIME,OFFICER_ID,REPORTING_DISTRICT,DAY_OF_WEEK,CHP_SHIFT,POPULATION,CNTY_CITY_LOC,SPECIAL_COND,BEAT_TYPE,CHP_BEAT_TYPE,CITY_DIVISION_LAPD,CHP_BEAT_CLASS,BEAT_NUMBER,PRIMARY_RD,SECONDARY_RD,DISTANCE,DIRECTION,INTERSECTION,WEATHER_1,WEATHER_2,STATE_HWY_IND,CALTRANS_COUNTY,CALTRANS_DISTRICT,STATE_ROUTE,ROUTE_SUFFIX,POSTMILE_PREFIX,POSTMILE,LOCATION_TYPE,RAMP_INTERSECTION,SIDE_OF_HWY,TOW_AWAY,COLLISION_SEVERITY,NUMBER_KILLED,NUMBER_INJURED,PARTY_COUNT,PRIMARY_COLL_FACTOR,PCF_CODE_OF_VIOL,PCF_VIOL_CATEGORY,PCF_VIOLATION,PCF_VIOL_SUBSECTION,HIT_AND_RUN,TYPE_OF_COLLISION,MVIW,PED_ACTION,ROAD_SURFACE,ROAD_COND_1,ROAD_COND_2,LIGHTING,CONTROL_DEVICE,CHP_ROAD_TYPE,PEDESTRIAN_ACCIDENT,BICYCLE_ACCIDENT,MOTORCYCLE_ACCIDENT,TRUCK_ACCIDENT,NOT_PRIVATE_PROPERTY,ALCOHOL_INVOLVED,STWD_VEHTYPE_AT_FAULT,CHP_VEHTYPE_AT_FAULT,COUNT_SEVERE_INJ,COUNT_VISIBLE_INJ,COUNT_COMPLAINT_PAIN,COUNT_PED_KILLED,COUNT_PED_INJURED,COUNT_BICYCLIST_KILLED,COUNT_BICYCLIST_INJURED,COUNT_MC_KILLED,COUNT_MC_INJURED,PRIMARY_RAMP,SECONDARY_RAMP,LATITUDE,LONGITUDE,COUNTY,CITY,POINT_X,POINT_Y
9625370,2023,2023-10-10,4402,2023-08-27,"27  ",148,4402,7,5,5,4402,0,0,0,,0,000,"OCEAN ST","DAKOTA AV",0.00,,Y,A,-,N,,,,,,,,,,N,2,0,1,2,D,-,00,,,F,G,B,B,A,H,-,C,A,0,Y,,,,Y,,-,"- ",1,0,0,0,1,0,0,0,0,"- ","- ",,,"SANTA CRUZ","SANTA CRUZ",-122.02005004882812,36.976825714111328
9625425,2023,2024-01-03,4401,2023-08-24,"840 ",523,4401,4,5,3,4401,0,0,0,,0,,"BAY AV","HILL ST",0.00,,Y,C,-,N,,,,,,,,,,N,3,0,1,2,A,-,10,21950,A,N,D,B,B,B,H,-,-,A,0,Y,,,,Y,,A,08,0,1,0,0,1,0,0,0,0,"- ","- ",,,"SANTA CRUZ",CAPITOLA,-121.95550537109375,36.981098175048828
9625429,2023,2023-09-29,4401,2023-08-11,1510,484,4401,5,5,3,4401,0,0,0,,0,,"MONTEREY AV","PARK AV",35.00,S,N,A,-,N,,,,,,,,,,N,4,0,1,2,A,-,03,22350,,M,C,C,A,A,H,-,A,A,0,,,,,Y,,D,22,0,0,1,0,0,0,0,0,0,"- ","- ",,,"SANTA CRUZ",CAPITOLA,-121.95023345947266,36.975543975830078
9625539,2023,2023-10-03,4401,2023-07-15,"944 ",523,4401,6,5,3,4401,0,0,0,,0,,"WHARF RD","CLIFF DR",159.00,N,N,A,-,N,,,,,,,,,,N,3,0,1,1,A,-,03,22350,,N,F,I,A,A,H,-,A,A,0,,Y,,,Y,,L,04,0,1,0,0,0,0,1,0,0,"- ","- ",,,"SANTA CRUZ",CAPITOLA,-121.95366668701172,36.972091674804688
9626816,2023,2023-10-25,4402,2023-09-26,1320,192,4402,2,5,5,4402,0,0,0,,0,000,"PACIFIC AV","CENTER ST",400.00,N,N,A,-,N,,,,,,,,,,N,3,0,1,1,A,-,08,22107,,N,H,A,A,A,H,-,A,D,0,,Y,,,Y,,M,91,0,1,0,0,0,0,1,0,0,"- ","- ",,,"SANTA CRUZ","SANTA CRUZ",-122.02514600000001,36.965772999999999
9628947,2023,2023-11-29,4403,2023-09-17,"51  ",T0011,4-29,7,5,4,4403,0,0,0,,0,004,"GREEN VALLEY RD","PENNSYLVANIA DR",13.00,N,N,A,-,N,,,,,,,,,,N,3,0,1,2,A,-,01,23153,A,N,A,C,A,A,H,-,D,A,0,,,,,Y,Y,D,22,0,1,0,0,0,0,0,0,0,"- ","- ",,,"SANTA CRUZ",WATSONVILLE,-121.777099609375,36.930362701416016
9629950,2023,2023-12-11,4402,2023-10-04,1237,133,4402,3,5,5,4402,0,0,0,,0,,"SOQUEL AV","SEABRIGHT AV",47.00,W,N,A,-,N,,,,,,,,,,N,2,0,2,1,A,-,08,22107,,N,F,A,A,A,H,-,A,D,0,,Y,,,Y,,L,04,1,1,0,0,0,0,2,0,0,"- ","- ",,,"SANTA CRUZ","SANTA CRUZ",-122.01076507568359,36.979717254638672
9631455,2023,2023-11-04,4402,2023-10-05,1753,196,4402,4,5,5,4402,0,0,0,,0,000,"BEACH ST","PACIFIC AV",0.00,,Y,A,-,N,,,,,,,,,,N,3,0,1,2,A,-,01,21200,5,N,B,G,A,A,H,-,A,D,0,,Y,,,Y,Y,L,04,0,1,0,0,0,0,1,0,0,"- ","- ",,,"SANTA CRUZ","SANTA CRUZ",-122.02403259277344,36.962875366210938
9631525,2023,2024-02-16,4403,2023-11-14,1256,418,316,2,5,4,4403,0,0,0,,0,003,"TUTTLE AV","LAKE AV",120.00,N,N,A,-,Y,SCR,5,152,-,-,1.040,I,6,W,N,4,0,1,2,A,-,09,21804,A,N,D,D,A,A,H,-,A,D,0,,,,,Y,,D,22,0,0,1,0,0,0,0,0,0,"- ","- ",,,"SANTA CRUZ",WATSONVILLE,-121.74697875976562,36.92242431640625
9631531,2023,2023-12-19,4403,2023-11-12,1228,418,2-20,7,5,4,4403,0,0,0,,0,002,"RODRIGUEZ ST","LAKE AV",343.00,S,N,A,-,N,,,,,,,,,,N,3,0,1,2,A,-,10,21954,B,N,G,B,D,A,H,-,A,A,0,Y,,,,Y,,D,22,0,1,0,0,1,0,0,0,0,"- ","- ",,,"SANTA CRUZ",WATSONVILLE,-121.75935363769531,36.909671783447266
9631872,2023,2023-12-12,4403,2023-10-07,1853,384,1-09,6,5,4,4403,0,0,0,,0,001,"MAIN ST","MAPLE AV",8.00,S,N,A,-,N,,,,,,,,,,Y,4,0,1,2,A,-,01,23152,A,N,C,C,A,A,H,-,A,A,0,,,,,Y,,D,22,0,0,1,0,0,0,0,0,0,"- ","- ",,,"SANTA CRUZ",WATSONVILLE,-121.75571441650391,36.909183502197266
9632559,2023,2023-12-16,4402,2023-10-20,1557,186,4402,5,5,5,4402,0,0,0,,0,000,"KING ST","BAY ST",0.00,,Y,A,-,N,,,,,,,,,,N,3,0,1,2,A,-,09,21801,A,N,A,C,A,A,H,-,A,A,0,,,,,Y,,A,08,0,1,0,0,0,0,0,0,0,"- ","- ",,,"SANTA CRUZ","SANTA CRUZ",-122.04307556152344,36.968147277832031
9632560,2023,2024-01-03,4403,2023-11-01,"932 ",418,107,3,5,4,4403,0,0,0,,0,001,"LINCOLN ST","PALM AV",0.00,,Y,A,-,N,,,,,,,,,,Y,4,0,1,2,A,-,09,21800,A,N,D,D,A,A,H,-,A,A,0,,,,,Y,,A,01,0,0,1,0,0,0,0,0,0,"- ","- ",,,"SANTA CRUZ",WATSONVILLE,-121.75623321533203,36.917884826660156
9637573,2023,2024-03-13,4402,2023-11-04,1042,186,4402,6,5,5,4402,0,0,0,,0,000,"MISSION ST","DUFOUR ST",0.00,,Y,A,-,Y,SCR,5,1,-,-,19.240,I,5,N,N,3,0,1,2,A,-,04,21703,,N,C,C,A,A,H,-,A,D,0,,,Y,,Y,,C,02,0,1,0,0,0,0,0,0,1,"- ","- ",,,"SANTA CRUZ","SANTA CRUZ",-122.0428466796875,36.963752746582031
9637844,2023,2023-11-14,4403,2023-09-18,1605,418,224,1,5,4,4403,0,0,0,,0,002,"BEACH ST","LEE RD",680.00,W,N,A,-,N,,,,,,,,,,Y,4,0,1,2,A,-,05,21460,A,N,B,C,A,A,H,-,A,D,0,,,,,Y,,A,07,0,0,1,0,0,0,0,0,0,"- ","- ",,,"SANTA CRUZ",WATSONVILLE,-121.77847290039062,36.897140502929688
9638583,2023,2023-11-17,4403,2023-10-27,1032,417,403,5,5,4,4403,0,0,0,,0,004,"FREEDOM BL","MARIPOSA AV",0.00,,Y,A,-,N,,,,,,,,,,N,4,0,1,2,A,-,09,21801,A,N,D,C,A,A,H,-,A,D,0,,,,,Y,,A,08,0,0,1,0,0,0,0,0,0,"- ","- ",,,"SANTA CRUZ",WATSONVILLE,-121.76698303222656,36.929035186767578
9638737,2023,2024-01-03,4403,2023-11-04,1503,418,401,6,5,4,4403,0,0,0,,0,004,"GREEN VALLEY RD","HI GRADE LN",0.00,,Y,A,-,N,,,,,,,,,,Y,4,0,1,2,A,-,01,23152,A,N,C,C,A,A,H,-,A,D,0,,,,,Y,Y,A,01,0,0,1,0,0,0,0,0,0,"- ","- ",,,"SANTA CRUZ",WATSONVILLE,-121.77075958251953,36.938457489013672
9640174,2023,2024-03-01,4403,2023-11-24,1933,417,2-23,5,5,4,4403,0,0,0,,0,002,"RT 152","GREEN VALLEY RD",283.00,E,N,A,-,Y,SCR,5,152,-,T,1.250,H,-,E,Y,1,1,0,2,A,-,11,21954,A,N,G,B,D,A,H,-,E,D,0,Y,,,,Y,Y,N,60,0,0,0,1,0,0,0,0,0,"- ","- ",,,"SANTA CRUZ",WATSONVILLE,-121.78292083740234,36.918380737304688
9640581,2024,2024-07-31,4403,2024-03-15,1304,417,2-23,5,5,4,4403,0,0,0,,0,002,"MAIN ST","RODRIGUEZ ST",296.00,E,N,A,-,Y,SCR,5,152,-,T,2.400,H,-,E,Y,1,1,0,2,A,-,08,22107,,N,-,G,A,A,H,-,A,D,0,,Y,,,Y,,A,01,0,0,0,0,0,1,0,0,0,"- ","- ",,,"SANTA CRUZ",WATSONVILLE,-121.76326751708984,36.915119171142578
9642957,2023,2023-12-06,4402,2023-10-28,1652,196,4402,6,5,5,4402,0,0,0,,0,000,"SOQUEL AV","MORRISSEY BL",0.00,,Y,A,-,N,,,,,,,,,,N,2,0,1,2,A,-,17,21461,A,N,G,B,B,A,H,-,A,A,0,Y,,,,Y,,N,60,1,0,0,0,1,0,0,0,0,"- ","- ",,,"SANTA CRUZ","SANTA CRUZ",-122.00687408447266,36.981349945068359
9642959,2023,2023-12-06,4404,2023-10-16,1340,5440,4404,1,5,3,4404,0,0,0,,0,00S,"BAJA SOL DR","BAJA SOL CT",193.00,E,N,A,-,N,,,,,,,,,,N,3,0,1,1,C,-,18,,,N,E,I,A,A,H,-,A,D,0,,,,,Y,,-,"- ",0,1,0,0,0,0,0,0,0,"- ","- ",37.038928985595703,-122.03444671630859,"SANTA CRUZ","SCOTTS VALLEY",-122.03525543212891,37.038543701171875
9646911,2023,2024-01-30,4403,2023-12-11,1304,418,4-34,1,5,4,4403,0,0,0,,0,044,"MARIPOSA AV","MARILYN ST",0.00,,Y,A,-,N,,,,,,,,,,Y,4,0,2,2,A,-,12,22450,A,N,D,D,A,A,H,-,A,A,0,,,,,Y,,A,07,0,0,2,0,0,0,0,0,0,"- ","- ",,,"SANTA CRUZ",WATSONVILLE,-121.76913452148438,36.927387237548828
9646992,2023,2024-01-20,4404,2023-11-03,1743,5820,4404,5,5,3,4404,0,0,0,,0,00S,"BEAN CREEK RD","BLUE BONNET LN",0.00,,Y,A,-,N,,,,,,,,,,Y,3,0,1,2,A,-,09,21800,A,N,A,C,A,A,H,-,A,A,0,,,,,Y,,A,01,0,1,0,0,0,0,0,0,0,"- ","- ",37.049919128417969,-122.02455902099609,"SANTA CRUZ","SCOTTS VALLEY",-122.02462005615234,37.049911499023438
9649577,2023,2024-02-20,4402,2023-12-08,2101,196,4402,5,5,5,4402,0,0,0,,0,000,"CHESTNUT ST","TAYLOR ST",66.00,N,N,A,-,N,,,,,,,,,,N,3,0,1,1,A,-,03,22350,,N,F,A,A,A,H,-,C,D,0,,Y,,,Y,,L,04,0,1,0,0,0,0,1,0,0,"- ","- ",,,"SANTA CRUZ","SANTA CRUZ",-122.03032684326172,36.971405029296875
9649578,2023,2024-02-20,4402,2023-12-08,1318,186,4402,5,5,5,4402,0,0,0,,0,000,"BAY DR","ESCALONA DR",630.00,N,N,A,-,N,,,,,,,,,,N,3,0,1,1,A,-,03,22350,,N,A,J,A,A,C,-,A,D,0,,Y,,,Y,,L,04,0,1,0,0,0,0,1,0,0,"- ","- ",,,"SANTA CRUZ","SANTA CRUZ",-122.04740142822266,36.970874786376953
9653597,2023,2024-02-23,4402,2023-12-04,1415,192,4402,1,5,5,4402,0,0,0,,0,000,"MISSION ST","CENTER ST",105.00,W,N,A,-,N,,,,,,,,,,Y,2,0,2,1,A,-,08,22107,,N,E,J,A,A,H,-,A,A,0,,,,,Y,,A,01,1,1,0,0,0,0,0,0,0,"- ","- ",,,"SANTA CRUZ","SANTA CRUZ",-122.02828216552734,36.976894378662109
9654247,2023,2024-02-15,4402,2023-12-20,1718,130,4402,3,5,5,4402,0,0,0,,0,000,BROADWAY,"SEABRIGHT AV",0.00,,Y,B,-,N,,,,,,,,,,N,4,0,2,2,A,-,04,21703,,N,C,C,A,B,H,-,C,A,0,,,,,Y,,A,07,0,0,2,0,0,0,0,0,0,"- ","- ",,,"SANTA CRUZ","SANTA CRUZ",-122.00856018066406,36.975292205810547
9656282,2023,2024-01-30,4402,2023-11-12,1328,192,4402,7,5,5,4402,0,0,0,,0,,"EAST CLIFF DR","MOTT AV",0.00,,Y,A,-,N,,,,,,,,,,N,3,0,2,2,A,-,11,21954,A,N,G,B,D,D,H,-,A,D,0,Y,Y,,,Y,,N,60,0,2,0,0,1,0,1,0,0,"- ","- ",,,"SANTA CRUZ","SANTA CRUZ",-122.00888061523438,36.964511871337891
9656561,2023,2024-02-16,4403,2023-12-27,"648 ",417,1-09,3,5,4,4403,0,0,0,,0,001,"BEACH ST","MAIN ST",0.00,,Y,A,-,Y,SCR,5,152,-,T,2.128,I,5,E,N,4,0,1,2,A,-,12,21453,A,N,D,C,A,A,H,-,A,A,0,,,,,Y,,A,01,0,0,1,0,0,0,0,0,0,"- ","- ",,,"SANTA CRUZ",WATSONVILLE,-121.76786041259766,36.915863037109375
9659040,2023,2024-01-31,4402,2023-12-31,1208,192,4402,7,5,5,4402,0,0,0,,0,000,"PACIFIC AVE","CENTER ST",479.00,E,N,B,-,N,,,,,,,,,,N,3,0,1,1,C,-,18,,,N,F,A,A,B,H,-,A,D,0,,Y,,,Y,,-,"- ",0,1,0,0,0,0,1,0,0,"- ","- ",,,"SANTA CRUZ","SANTA CRUZ",-122.025093,36.965846999999997
9659694,2024,2024-03-30,4402,2024-01-11,1513,186,4402,4,5,5,4402,0,0,0,,0,000,"MARKET ST","GRANT ST",0.00,,Y,A,-,N,,,,,,,,,,N,3,0,1,2,A,-,00,22108,A,N,D,C,A,A,H,-,A,D,0,,,Y,,Y,,A,07,0,1,0,0,0,0,0,0,1,"- ","- ",,,"SANTA CRUZ","SANTA CRUZ",-122.01616668701172,36.984897613525391
9659908,2024,2024-03-27,4402,2024-01-29,1025,192,4402,1,5,5,4402,0,0,0,,0,000,"WATER ST","REED WY",170.00,W,N,A,-,N,,,,,,,,,,Y,3,0,2,2,A,-,09,21804,A,N,D,C,A,A,H,-,A,D,0,,,,,Y,,A,01,0,1,1,0,0,0,0,0,0,"- ","- ",,,"SANTA CRUZ","SANTA CRUZ",-122.01775360107422,36.980758666992188
9660807,2023,2024-01-29,4402,2023-12-01,1332,186,4402,5,5,5,4402,0,0,0,,0,000,"CATHCART ST","PACIFIC AV",164.00,E,N,A,-,N,,,,,,,,,,N,4,0,1,2,A,-,09,21804,A,F,D,G,A,A,H,-,A,D,0,,Y,,,Y,,A,01,0,0,1,0,0,0,1,0,0,"- ","- ",,,"SANTA CRUZ","SANTA CRUZ",-122.02493286132812,36.971794128417969
9660808,2023,2024-01-29,4402,2023-12-10,1110,192,4402,7,5,5,4402,0,0,0,,0,000,"BEACH ST","PACIFIC AV",133.00,W,N,A,-,N,,,,,,,,,,N,3,0,1,2,A,-,15,21201,A,N,F,A,A,A,H,-,A,D,0,,Y,,,Y,,L,04,0,1,0,0,0,0,1,0,0,"- ","- ",,,"SANTA CRUZ","SANTA CRUZ",-122.02448272705078,36.962699890136719
9661028,2024,2024-03-25,4401,2024-01-13,1743,530,4401,6,5,3,4401,0,0,0,,0,008,"PARK AV","MCGREGOR DR",0.00,,Y,C,-,N,,,,,,,,,,N,3,0,1,2,A,-,03,22350,,N,D,G,A,B,H,-,D,D,0,,Y,,,Y,,L,04,0,1,0,0,0,0,1,0,0,"- ","- ",,,"SANTA CRUZ",CAPITOLA,-121.93781280517578,36.982315063476562
9661031,2024,2024-03-25,4402,2024-01-09,1131,192,4402,2,5,5,4402,0,0,0,,0,000,"RIVER ST","POTRERO ST",0.00,,Y,B,C,N,,,,,,,,,,N,4,0,1,2,A,-,08,22107,,N,B,G,A,B,H,-,A,A,0,,Y,,,Y,,A,07,0,0,1,0,0,0,1,0,0,"- ","- ",,,"SANTA CRUZ","SANTA CRUZ",-122.02960968017578,36.982170104980469
9661198,2024,2024-03-26,4403,2024-01-07,1211,418,306,7,5,4,4403,0,0,0,,0,003,"FREEDOM BL","PROSPECT ST",104.00,S,N,A,-,N,,,,,,,,,,Y,4,0,1,2,A,-,09,21804,A,N,D,D,A,A,H,-,A,A,0,,,,,Y,,A,01,0,0,1,0,0,0,0,0,0,"- ","- ",,,"SANTA CRUZ",WATSONVILLE,-121.76131439208984,36.9219970703125
9661257,2023,2024-01-22,4402,2023-08-19,"6   ",139,4402,6,5,5,4402,0,0,0,,0,000,"MURRAY ST","SEABRIGHT AV",1092.00,E,N,A,-,N,,,,,,,,,,N,4,0,1,2,A,-,01,23152,A,F,B,C,A,A,H,-,C,D,0,,,,,Y,Y,A,01,0,0,1,0,0,0,0,0,0,"- ","- ",,,"SANTA CRUZ","SANTA CRUZ",-122.00425720214844,36.967964172363281
9661633,2023,2024-03-01,4402,2023-12-02,2338,196,4402,6,5,5,4402,0,0,0,,0,000,"RIVER ST","VERNON ST",173.00,S,N,A,-,Y,SCR,5,9,-,-,0.490,H,-,N,Y,3,0,1,2,A,-,05,21460,A,N,A,C,A,A,H,-,C,D,0,,,,,Y,,A,01,0,1,0,0,0,0,0,0,0,"- ","- ",,,"SANTA CRUZ","SANTA CRUZ",-122.03162384033203,36.990276336669922
9661765,2024,2024-03-15,4403,2024-01-28,2312,431,220,7,5,4,4403,0,0,0,,0,002,"RIVERSIDE DR","WALKER ST",0.00,,Y,A,-,Y,SCR,5,129,-,L,1.178,I,5,E,Y,3,0,2,2,A,-,01,23152,A,F,A,C,A,A,H,-,C,A,0,,,,,Y,Y,A,01,0,2,0,0,0,0,0,0,0,"- ","- ",,,"SANTA CRUZ",WATSONVILLE,-121.75786590576172,36.905185699462891
9662571,2024,2024-03-01,4403,2024-01-08,1316,418,1-08,1,5,4,4403,0,0,0,,0,001,"LAKE AV","BRENNAN ST",0.00,,Y,A,-,Y,SCR,5,152,-,T,3.049,I,5,W,Y,4,0,2,2,A,-,12,21453,A,N,D,D,A,A,H,-,A,A,0,,,,,Y,,A,07,0,0,2,0,0,0,0,0,0,"- ","- ",,,"SANTA CRUZ",WATSONVILLE,-121.75698089599609,36.912670135498047
9664586,2024,2024-04-08,4403,2024-02-05,1612,418,403,1,5,4,4403,0,0,0,,0,004,"FREEDOM BL","CLIFFORD AV",50.00,N,N,C,-,N,,,,,,,,,,N,4,0,2,2,A,-,03,22350,,N,C,C,A,B,H,-,A,A,0,,,,,Y,,A,07,0,0,2,0,0,0,0,0,0,"- ","- ",,,"SANTA CRUZ",WATSONVILLE,-121.76831817626953,36.930408477783203
9665776,2024,2024-05-24,4402,2024-03-15,1656,196,4402,5,5,5,4402,0,0,0,,0,000,"BEACH ST","3RD ST",0.00,,Y,A,-,N,,,,,,,,,,N,3,0,1,1,A,-,08,22107,,N,E,A,A,A,H,-,A,D,0,,Y,,,Y,,L,04,0,1,0,0,0,0,1,0,0,"- ","- ",,,"SANTA CRUZ","SANTA CRUZ",-122.01422882080078,36.965709686279297
9665779,2024,2024-05-24,4403,2024-03-13,"713 ",368,403,3,5,4,4403,0,0,0,,0,004,"BLANCA LN","FREEDOM BL",0.00,,Y,A,-,N,,,,,,,,,,N,4,0,1,2,A,-,09,21802,A,N,D,D,A,A,H,-,A,A,0,,,,,Y,,A,07,0,0,1,0,0,0,0,0,0,"- ","- ",,,"SANTA CRUZ",WATSONVILLE,-121.76915740966797,36.931255340576172
9665789,2024,2024-06-04,4402,2024-03-02,2154,196,4402,6,5,5,4402,0,0,0,,0,000,"OCEAN ST","RT 1",0.00,,Y,C,-,Y,SCR,5,1,-,-,17.294,R,4,N,N,3,0,2,2,A,-,01,23152,A,N,B,C,A,B,H,-,D,D,0,,,,,Y,Y,A,01,0,2,0,0,0,0,0,0,0,"- ",NO,,,"SANTA CRUZ","SANTA CRUZ",-122.02545166015625,36.985824584960938
9665855,2024,2024-04-12,4402,2024-02-27,1525,192,4402,2,5,5,4402,0,0,0,,0,000,"BAY ST","LIBERTY ST",144.00,E,N,A,-,N,,,,,,,,,,N,3,0,1,2,A,-,09,21801,A,N,D,G,A,A,H,-,A,D,0,,Y,,,Y,,A,07,0,1,0,0,0,0,1,0,0,"- ","- ",,,"SANTA CRUZ","SANTA CRUZ",-122.02971649169922,36.960437774658203
9668322,2024,2024-04-19,4402,2024-02-04,1614,192,4402,7,5,5,4402,0,0,0,,0,000,"MURRAY ST","SEABRIGHT AV",817.00,E,N,C,G,N,,,,,,,,,,Y,2,0,1,1,C,-,18,,,N,H,J,A,B,H,-,A,A,0,,,,,Y,,-,"- ",1,0,0,0,0,0,0,0,0,"- ","- ",,,"SANTA CRUZ","SANTA CRUZ",-122.00518035888672,36.967830657958984
9669006,2024,2024-04-12,4403,2024-03-03,1100,418,1-09,7,5,4,4403,0,0,0,,0,001,"MAIN ST","LAKE AV",100.00,N,N,A,-,Y,SCR,5,152,-,T,2.780,H,-,E,N,4,0,1,2,A,-,11,21950,B,N,G,B,E,A,H,-,A,A,0,Y,,,,Y,,N,60,0,0,1,0,1,0,0,0,0,"- ","- ",,,"SANTA CRUZ",WATSONVILLE,-121.75862884521484,36.911865234375
9671715,2024,2024-05-15,4403,2024-03-18,1657,418,438,1,5,4,4403,0,0,0,,0,004,"FREEDOM BL","DAVIS AV",6.00,N,N,A,-,N,,,,,,,,,,Y,4,0,1,2,A,-,03,22350,,N,C,C,A,A,H,-,A,A,0,,,,,Y,,D,22,0,0,1,0,0,0,0,0,0,"- ","- ",,,"SANTA CRUZ",WATSONVILLE,-121.77082061767578,36.932842254638672
9673009,2024,2024-04-10,4403,2024-02-09,1836,396,223,5,5,4,4403,0,0,0,,0,002,"OHLONE PKWY","MAIN ST",483.00,W,N,A,-,N,,,,,,,,,,N,2,0,1,2,A,-,11,21954,A,N,G,B,D,A,H,-,C,D,0,Y,,,,Y,,N,60,1,0,0,0,1,0,0,0,0,"- ","- ",,,"SANTA CRUZ",WATSONVILLE,-121.77762603759766,36.916236877441406
9676192,2024,2024-03-08,4403,2024-02-02,2253,419,4-31,5,5,4,4403,0,0,0,,0,004,"AUTO CENTER DR","MAIN ST",115.00,N,N,A,-,Y,SCR,5,152,-,T,2.139,I,6,W,Y,4,0,1,1,A,-,01,23152,A,N,E,I,A,A,H,-,C,D,0,,,,,Y,Y,A,07,0,0,1,0,0,0,0,0,0,"- ","- ",,,"SANTA CRUZ",WATSONVILLE,-121.76767730712891,36.915935516357422
9676289,2024,2024-04-02,4403,2024-02-27,"700 ",418,316,2,5,4,4403,0,0,0,,0,003,"TUTTLE AV","LAKE AV",0.00,,Y,A,-,Y,SCR,5,152,-,-,1.040,I,5,E,Y,4,0,1,2,A,-,17,21451,A,N,A,C,A,A,H,-,A,A,0,,,,,Y,,D,22,0,0,1,0,0,0,0,0,0,"- ","- ",,,"SANTA CRUZ",WATSONVILLE,-121.74687194824219,36.922405242919922
9676827,2024,2024-07-03,4403,2024-04-25,1219,344,4-01,4,5,4,4403,0,0,0,,0,004,"GREEN VALLEY RD","THICKET LN",200.00,E,N,A,-,N,,,,,,,,,,N,4,0,1,2,A,-,10,21950,A,N,G,B,C,A,H,-,A,D,0,Y,,,,Y,,A,08,0,0,1,0,1,0,0,0,0,"- ","- ",,,"SANTA CRUZ",WATSONVILLE,-121.77021026611328,36.939510345458984
9677862,2024,2024-06-26,4403,2024-05-07,1440,418,305,2,5,4,4403,0,0,0,,0,003,"MADISON ST","STANFORD ST",0.00,,Y,A,-,N,,,,,,,,,,N,3,0,1,2,A,-,10,21950,A,F,G,B,B,A,H,-,A,A,0,Y,,,,Y,,A,07,0,1,0,0,1,0,0,0,0,"- ","- ",,,"SANTA CRUZ",WATSONVILLE,-121.75833892822266,36.921699523925781
9677863,2024,2024-06-26,4403,2024-05-06,1226,418,429,1,5,4,4403,0,0,0,,0,004,"GREEN VALLEY RD","LOMA PRIETA AV",0.00,,Y,A,-,N,,,,,,,,,,Y,3,0,3,2,A,-,12,21453,A,N,D,D,A,A,H,-,A,A,0,,,,,Y,,A,01,0,1,2,0,0,0,0,0,0,"- ","- ",,,"SANTA CRUZ",WATSONVILLE,-121.77712249755859,36.930328369140625
9678258,2024,2024-05-04,4402,2024-02-17,1847,196,4402,6,5,5,4402,0,0,0,,0,000,"OCEAN ST","DAKOTA AV",0.00,,Y,C,-,N,,,,,,,,,,N,4,0,2,3,A,-,10,21950,A,N,G,B,B,B,H,-,C,A,0,Y,,,,Y,,A,01,0,0,2,0,2,0,0,0,0,"- ","- ",,,"SANTA CRUZ","SANTA CRUZ",-122.02005004882812,36.976825714111328
9678868,2024,2024-04-02,4403,2024-02-14,1507,418,109,3,5,4,4403,0,0,0,,0,001,"MAIN ST","5TH ST",30.00,S,N,C,-,Y,SCR,5,152,-,T,2.680,H,-,W,N,4,0,2,2,C,-,18,,,N,C,C,A,B,H,-,A,A,0,,,,,Y,,-,"- ",0,0,2,0,0,0,0,0,0,"- ","- ",,,"SANTA CRUZ",WATSONVILLE,-121.75963592529297,36.913021087646484
9682366,2024,2024-04-19,4403,2024-03-06,1158,278,3-04,3,5,4,4403,0,0,0,,0,003,"BLACKBURN ST","EAST LAKE AV",1.00,S,N,A,-,Y,SCR,5,152,-,-,0.571,I,6,E,Y,4,0,1,2,A,-,10,21950,A,N,G,B,B,A,H,-,A,D,0,Y,,,,Y,,A,07,0,0,1,0,1,0,0,0,0,"- ","- ",,,"SANTA CRUZ",WATSONVILLE,-121.75119781494141,36.916873931884766
9686847,2024,2024-08-02,4403,2024-06-18,1141,417,2-23,2,5,4,4403,0,0,0,,0,002,"MAIN ST","AUTO CENTER DR",75.00,S,N,A,-,Y,SCR,5,152,-,T,2.130,H,-,W,N,4,0,2,2,A,-,03,22350,,N,C,C,A,A,H,-,A,A,0,,,,,Y,,D,22,0,0,2,0,0,0,0,0,0,"- ","- ",,,"SANTA CRUZ",WATSONVILLE,-121.76782989501953,36.915958404541016
9688745,2024,2024-05-09,4402,2024-03-09,"738 ",145,4402,6,5,5,4402,0,0,0,,0,000,"RT 1","WESTERN DR",0.00,,Y,A,F,Y,SCR,5,1,-,-,20.090,I,5,N,Y,3,0,1,2,A,-,12,21453,A,N,D,C,A,A,H,-,A,A,0,,,,Y,Y,,F,27,0,1,0,0,0,0,0,0,0,"- ","- ",,,"SANTA CRUZ","SANTA CRUZ",-122.05667877197266,36.960914611816406
9688782,2024,2024-06-10,4403,2024-04-05,"731 ",417,1-11,5,5,4,4403,0,0,0,,0,001,"RIVERSIDE DR","MARCHANT ST",129.00,W,N,B,-,N,,,,,,,,,,N,4,0,1,2,A,-,09,21804,A,N,D,C,A,B,H,-,A,D,0,,,,,Y,,A,07,0,0,1,0,0,0,0,0,0,"- ","- ",,,"SANTA CRUZ",WATSONVILLE,-121.75070953369141,36.909187316894531
9689187,2024,2024-06-10,4403,2024-04-07,1647,418,2-21,7,5,4,4403,0,0,0,,0,002,"2ND ST","WALKER ST",0.00,,Y,A,-,N,,,,,,,,,,Y,4,0,1,2,A,-,09,21802,A,N,D,D,A,A,H,-,A,A,0,,,,,Y,,A,07,0,0,1,0,0,0,0,0,0,"- ","- ",,,"SANTA CRUZ",WATSONVILLE,-121.75956726074219,36.906444549560547
9689666,2024,2024-05-30,4402,2024-04-01,1707,148,4402,1,5,5,4402,0,0,0,,0,000,"NORTH BRANCIFORTE","WATER ST",161.00,S,N,A,-,N,,,,,,,,,,Y,3,0,2,3,A,-,03,22350,,N,C,C,A,A,H,-,A,D,0,,,,,Y,,A,07,0,2,0,0,0,0,0,0,0,"- ","- ",,,"SANTA CRUZ","SANTA CRUZ",-122.01422882080078,36.981025695800781