CASE_ID,ACCIDENT_YEAR,PROC_DATE,JURIS,COLLISION_DATE,COLLISION_TIME,OFFICER_ID,REPORTING_DISTRICT,DAY_OF_WEEK,CHP_SHIFT,POPULATION,CNTY_CITY_LOC,SPECIAL_COND,BEAT_TYPE,CHP_BEAT_TYPE,CITY_DIVISION_LAPD,CHP_BEAT_CLASS,BEAT_NUMBER,PRIMARY_RD,SECONDARY_RD,DISTANCE,DIRECTION,INTERSECTION,WEATHER_1,WEATHER_2,STATE_HWY_IND,CALTRANS_COUNTY,CALTRANS_DISTRICT,STATE_ROUTE,ROUTE_SUFFIX,POSTMILE_PREFIX,POSTMILE,LOCATION_TYPE,RAMP_INTERSECTION,SIDE_OF_HWY,TOW_AWAY,COLLISION_SEVERITY,NUMBER_KILLED,NUMBER_INJURED,PARTY_COUNT,PRIMARY_COLL_FACTOR,PCF_CODE_OF_VIOL,PCF_VIOL_CATEGORY,PCF_VIOLATION,PCF_VIOL_SUBSECTION,HIT_AND_RUN,TYPE_OF_COLLISION,MVIW,PED_ACTION,ROAD_SURFACE,ROAD_COND_1,ROAD_COND_2,LIGHTING,CONTROL_DEVICE,CHP_ROAD_TYPE,PEDESTRIAN_ACCIDENT,BICYCLE_ACCIDENT,MOTORCYCLE_ACCIDENT,TRUCK_ACCIDENT,NOT_PRIVATE_PROPERTY,ALCOHOL_INVOLVED,STWD_VEHTYPE_AT_FAULT,CHP_VEHTYPE_AT_FAULT,COUNT_SEVERE_INJ,COUNT_VISIBLE_INJ,COUNT_COMPLAINT_PAIN,COUNT_PED_KILLED,COUNT_PED_INJURED,COUNT_BICYCLIST_KILLED,COUNT_BICYCLIST_INJURED,COUNT_MC_KILLED,COUNT_MC_INJURED,PRIMARY_RAMP,SECONDARY_RAMP,LATITUDE,LONGITUDE,COUNTY,CITY,POINT_X,POINT_Y
6565489,2014,2014-08-25,4402,2014-07-13,1855,126,4402,7,5,5,4402,0,0,0,,0,,"SOQUEL AV","SEABRIGHT AV",0.00,,Y,A,-,N,,,,,,,,,,N,3,0,1,2,A,-,09,21804,,N,D,G,A,A,H,-,A,A,0,,Y,,,Y,,L,04,0,1,0,0,0,0,1,0,0,"- ","- ",,,"SANTA CRUZ","SANTA CRUZ",-122.01062992,36.979790000000001
6575989,2014,2015-01-29,9720,2014-06-22,0155,20385,,7,3,9,4400,0,3,5,,2,100,"RT 17","VINE HILL RD",2376.00,N,N,A,-,Y,SCR,5,17,-,-,7.860,H,-,S,Y,2,0,2,1,A,-,01,23152,A,N,E,I,A,A,H,-,D,D,0,,,,,Y,Y,A,01,1,1,0,0,0,0,0,0,0,"- ","- ",37.085160000000002,-121.97824,"SANTA CRUZ",UNINCORPORATED,-121.9775229,37.084315340000003
6579633,2014,2014-08-28,9720,2014-07-28,1756,18810,,1,2,9,4400,0,2,4,,1,024,"PORTOLA DR","24TH AV",0.00,,Y,B,-,N,,,,,,,,,,N,2,0,1,1,A,-,03,22350,,N,F,A,A,A,B,-,A,A,0,,Y,,,Y,,L,04,1,0,0,0,0,0,1,0,0,"- ","- ",36.96322,-121.97996999999999,"SANTA CRUZ",UNINCORPORATED,-121.98018997,36.963110030000003
6597095,2014,2014-09-06,9720,2014-08-06,1830,14653,,3,2,9,4400,0,2,4,,1,024,"EAST CLIFF DR","7TH AV",30.00,E,N,A,-,N,,,,,,,,,,N,3,0,1,2,D,-,00,,,N,H,G,A,A,H,-,A,D,0,,Y,,,Y,,-,"- ",0,1,0,0,0,0,1,0,0,"- ","- ",36.5747,-121.5954,"SANTA CRUZ",UNINCORPORATED,-121.99852034,36.96318007
6597111,2014,2014-09-05,9720,2014-07-26,0623,019978,,6,1,9,4400,0,3,5,,2,100,"BEAR CREEK RD","MONTE VISTA DR",528.00,E,N,A,-,N,,,,,,,,,,Y,3,0,3,4,A,-,08,22107,,N,A,E,A,A,H,-,B,D,0,,,,,Y,,D,22,0,3,0,0,0,0,0,0,0,"- ","- ",37.12829,-122.11673,"SANTA CRUZ",UNINCORPORATED,-122.11568009,37.128686819999999
6598292,2014,2016-05-03,9720,2014-07-25,1730,020385,,5,2,9,4400,0,1,3,,2,020,"RT 1","PACHECO AV",115.00,S,N,A,-,Y,SCR,5,1,-,-,15.644,R,2,N,Y,2,0,1,2,A,-,07,21658,A,N,B,C,A,A,H,-,A,D,1,,,Y,,Y,,C,02,1,0,0,0,0,0,0,0,1,"- ","- ",36.98901,-122.0027,"SANTA CRUZ",UNINCORPORATED,-122.00018051000001,36.988328260000003
6600102,2014,2014-09-19,4403,2014-08-28,1522,340,36,4,5,4,4403,0,0,0,,0,003,"FREEDOM BL","STANFORD ST",10.00,N,N,A,-,N,,,,,,,,,,N,4,0,1,2,A,-,08,22107,,N,D,G,A,A,H,-,A,D,0,,Y,,,Y,,L,04,0,0,1,0,0,0,1,0,0,"- ","- ",,,"SANTA CRUZ",WATSONVILLE,-121.76076775,36.92038676
6600933,2014,2016-05-04,9720,2014-08-13,1720,020261,,3,2,5,4402,0,1,3,,1,015,"RT 9","LAZYWOODS RD",40.00,N,N,A,-,Y,SCR,5,9,-,-,7.490,H,-,N,Y,3,0,1,2,A,-,01,23152,A,N,C,C,A,A,H,-,A,D,0,,,Y,,Y,Y,C,02,0,1,0,0,0,0,0,0,1,"- ","- ",37.064419999999998,-122.07964,"SANTA CRUZ","SANTA CRUZ",-122.07960152,37.065322090000002
6600941,2014,2016-05-03,9720,2014-08-09,1455,020807,,6,2,9,4400,0,1,3,,1,010,"RT 1","BONNY DOON RD",2112.00,S,N,A,-,Y,SCR,5,1,-,-,27.190,H,-,S,Y,4,0,1,2,A,-,09,21804,A,N,E,I,A,A,H,-,A,D,0,,,,,Y,,A,07,0,0,1,0,0,0,0,0,0,"- ","- ",36.999110000000002,-122.17833,"SANTA CRUZ",UNINCORPORATED,-122.17454816999999,36.996688769999999
6603066,2014,2016-05-03,4403,2014-08-18,0920,324,223,1,5,4,4403,0,0,0,,0,002,"MAIN ST","CLIFFORD AV",0.00,,Y,B,-,Y,SCR,5,152,-,T,1.594,I,5,W,N,4,0,1,2,A,-,12,21453,A,N,D,C,A,A,H,-,A,A,0,,,,,Y,,D,22,0,0,1,0,0,0,0,0,0,"- ","- ",,,"SANTA CRUZ",WATSONVILLE,-121.77703497,36.917470989999998
6612415,2014,2016-05-04,4402,2014-08-23,1735,192,4402,6,5,5,4402,0,0,0,,0,,"MISSION ST","TRESCONY ST",0.00,,Y,A,-,Y,SCR,5,1,-,-,18.940,I,5,S,N,3,0,2,2,A,-,09,21801,,N,D,C,A,A,H,-,A,D,0,,,Y,,Y,,A,01,0,1,1,0,0,0,0,0,1,"- ","- ",,,"SANTA CRUZ","SANTA CRUZ",-122.03949772999999,36.967197740000003
6614795,2014,2016-05-02,9720,2014-07-23,1300,018756,,3,1,9,4400,0,1,3,,2,030,"RT 1","FREEDOM BL",1056.00,S,N,A,-,Y,SCR,5,1,-,-,8.100,H,-,N,Y,4,0,1,2,A,-,03,22350,,N,C,C,A,A,H,-,A,D,1,,,,,Y,,A,07,0,0,1,0,0,0,0,0,0,"- ","- ",36.575499999999998,-121.5202,"SANTA CRUZ",UNINCORPORATED,-121.86985523,36.967884820000002
6621324,2014,2014-10-01,9720,2014-08-27,1148,15170,,3,1,9,4400,0,3,5,,2,100,"EAST ZAYANTE RD","WANER WY",528.00,S,N,A,-,N,,,,,,,,,,Y,3,0,1,2,C,-,18,,,N,E,E,A,A,H,-,A,D,0,,,,,Y,,-,"- ",0,1,0,0,0,0,0,0,0,"- ","- ",37.068010000000001,-122.05692000000001,"SANTA CRUZ",UNINCORPORATED,-122.04415758,37.088454120000002
6625687,2014,2014-09-24,9720,2014-08-30,1731,20640,,6,2,9,4400,0,3,5,,2,100,"EAST ZAYANTE RD","WEST ZAYANTE RD",1584.00,N,N,A,-,N,,,,,,,,,,Y,4,0,1,1,A,-,01,23152,A,N,F,A,A,A,H,-,A,D,0,,,Y,,Y,Y,C,02,0,0,1,0,0,0,0,0,1,"- ","- ",,,"SANTA CRUZ",UNINCORPORATED,-122.05593743999999,37.062945280000001
6625688,2014,2014-09-24,9720,2014-08-07,0940,020805,,4,1,9,4400,0,2,4,,1,022,"SOQUEL SAN JOSE RD","CITATION DR",268.00,N,N,A,-,N,,,,,,,,,,Y,4,0,1,1,A,-,08,22107,,N,E,I,A,A,H,-,A,D,0,,,,,Y,,A,01,0,0,1,0,0,0,0,0,0,"- ","- ",37.051099999999998,-121.93819999999999,"SANTA CRUZ",UNINCORPORATED,-121.93821877000001,37.050970810000003
6625695,2014,2016-05-04,9720,2014-08-11,1105,018071,,1,1,9,4400,0,1,3,,1,017,"RT 17","GLENWOOD DR",0.00,,Y,A,-,Y,SCR,5,17,-,-,10.640,H,-,S,Y,3,0,2,2,A,-,09,21801,A,N,D,C,A,A,H,-,A,A,0,,,,,Y,,A,07,0,1,1,0,0,0,0,0,0,"- ","- ",,,"SANTA CRUZ",UNINCORPORATED,-121.97599451000001,37.119819479999997
6625731,2014,2016-05-02,9720,2014-08-22,0740,020807,,5,1,9,4400,0,1,3,,2,020,"RT 1","41ST AV",20.00,S,N,B,F,Y,SCR,5,1,-,-,13.620,H,-,N,Y,3,0,1,1,A,-,03,22350,,N,E,I,A,B,H,-,A,D,1,,,,,Y,,A,07,0,1,0,0,0,0,0,0,0,"- ","- ",36.982900000000001,-121.9646,"SANTA CRUZ",UNINCORPORATED,-121.96449457,36.982866489999999
6642337,2014,2016-05-04,9720,2014-07-19,2220,19209,,6,3,9,4400,0,1,3,,1,017,"RT 17","SUMMIT RD",7920.00,S,N,B,-,Y,SCR,5,17,-,-,11.160,H,-,N,N,4,0,2,2,D,-,00,,,N,C,C,A,A,H,-,D,D,0,,,,,Y,,-,"- ",0,0,2,0,0,0,0,0,0,"- ","- ",37.121169999999999,-121.97526000000001,"SANTA CRUZ",UNINCORPORATED,-121.97350608000001,37.12589792
6651099,2014,2016-05-04,4402,2014-09-26,0855,141,SANTA,5,5,5,4402,0,0,0,,0,,"RT 1","BAY ST",100.00,N,N,A,-,Y,SCR,5,1,-,-,19.020,H,-,S,N,4,0,1,2,A,-,03,22350,,N,C,C,A,A,H,-,A,A,0,,,,,Y,,A,07,0,0,1,0,0,0,0,0,0,"- ","- ",,,"SANTA CRUZ","SANTA CRUZ",-122.04049974,36.966471149999997
6657372,2014,2016-05-04,4402,2014-09-08,2029,164,4402,1,5,5,4402,0,0,0,,0,00C,"CHESTNUT ST","MISSION ST",100.00,S,N,A,-,Y,SCR,5,1,-,-,180.120,H,-,N,N,4,0,1,2,D,-,00,,,F,G,B,E,A,H,-,C,D,0,Y,,,,Y,,-,"- ",0,0,1,0,1,0,0,0,0,"- ","- ",,,"SANTA CRUZ","SANTA CRUZ",-122.03188225,36.976555769999997
6658684,2014,2014-12-19,4402,2014-10-11,2242,131,4402,6,5,5,4402,0,0,0,,0,00W,"LAUREL ST","WALTI ST",0.00,,Y,A,-,N,,,,,,,,,,N,4,0,1,2,A,-,09,21801,A,N,D,G,A,A,H,-,C,D,0,,Y,,,Y,,A,01,0,0,1,0,0,0,1,0,0,"- ","- ",,,"SANTA CRUZ","SANTA CRUZ",-122.0332899,36.968420010000003
6659194,2014,2016-05-04,9720,2014-07-29,1302,018083,,2,1,9,4400,0,1,3,,1,014,"RT 9","BEAR CREEK RD",25.00,N,N,A,-,Y,SCR,5,9,-,-,13.250,H,-,N,Y,3,0,2,1,A,-,08,22107,,N,E,I,A,A,H,-,A,D,0,,,,,Y,,A,01,0,1,1,0,0,0,0,0,0,"- ","- ",37.128439999999998,-122.12307,"SANTA CRUZ",UNINCORPORATED,-122.12300523,37.12861642
6664620,2014,2014-12-10,4403,2014-10-04,1236,340,314,6,5,4,4403,0,0,0,,0,003,"BREWINGTON AV","LAKE AV",0.00,,Y,A,-,Y,,,,,,,,,,Y,4,0,1,2,A,-,09,21802,A,N,D,C,A,A,H,-,A,A,0,,,,,Y,,A,08,0,0,1,0,0,0,0,0,0,"- ","- ",,,"SANTA CRUZ",WATSONVILLE,-121.75044995,36.917420030000002
6700985,2014,2014-12-09,4402,2014-10-16,1810,812,1,4,5,5,4402,0,0,0,,0,,"HAGAR DR","MANHOLE COVER T8341",62.00,S,N,A,-,N,,,,,,,,,,N,2,0,1,1,A,-,03,22350,,N,E,J,A,A,H,-,B,D,0,,Y,,,Y,,L,04,1,0,0,0,0,0,1,0,0,"- ","- ",,,"SANTA CRUZ","SANTA CRUZ",,
6701823,2014,2015-01-07,4403,2014-11-03,1800,370,306,1,5,4,4403,0,0,0,,0,003,"FREEDOM BL","MARIN ST",0.00,,Y,B,-,N,,,,,,,,,,N,4,0,1,2,A,-,09,21802,A,N,A,C,A,A,H,-,C,A,0,,,,,Y,,A,01,0,0,1,0,0,0,0,0,0,"- ","- ",,,"SANTA CRUZ",WATSONVILLE,-121.76258992,36.924200020000001
6714259,2014,2015-01-12,4404,2014-11-10,1936,5470,S,1,5,3,4404,0,0,0,,0,,"MT HERMON RD","LA MADRONA DR",100.00,W,N,A,-,N,,,,,,,,,,Y,4,0,1,2,A,-,03,22350,,N,C,C,A,A,H,-,C,A,0,,,,,Y,,A,01,0,0,1,0,0,0,0,0,0,"- ","- ",,,"SANTA CRUZ","SCOTTS VALLEY",-122.02216591,37.037295520000001
6728480,2014,2015-01-15,4402,2014-11-18,1917,190,SANTA,2,5,5,4402,0,0,0,,0,,"OCEAN ST","KENNAN ST",0.00,,Y,A,-,N,,,,,,,,,,N,4,0,1,2,A,-,09,21801,A,N,D,G,A,A,H,-,C,A,0,,Y,,,Y,,A,01,0,0,1,0,0,0,1,0,0,"- ","- ",,,"SANTA CRUZ","SANTA CRUZ",-122.02256991,36.982720039999997
6731478,2014,2015-07-06,4401,2014-11-13,1543,521,4401,4,5,3,4401,0,0,0,,0,005,"41ST AV","GROSS RD",212.00,N,N,A,-,N,,,,,,,,,,N,4,0,1,2,A,-,12,21453,A,N,D,C,A,A,H,-,A,A,0,,,,,Y,,A,01,0,0,1,0,0,0,0,0,0,"- ","- ",,,"SANTA CRUZ",CAPITOLA,-121.96457288000001,36.981643060000003
6742460,2014,2015-01-27,9720,2014-11-30,1933,19978,,7,2,9,4400,0,2,4,,1,022,"SOQUEL SAN JOSE RD","SOQUEL CREEK RD",400.00,S,N,B,-,N,,,,,,,,,,Y,2,0,1,1,A,-,03,22350,,N,E,I,A,B,H,-,D,D,0,,,,,Y,,A,07,1,0,0,0,0,0,0,0,0,"- ","- ",37.03886,-121.94343000000001,"SANTA CRUZ",UNINCORPORATED,-121.94358103,37.038908630000002
6748270,2014,2015-02-02,9720,2014-12-08,0550,18650,,1,3,9,4400,0,1,3,,1,035,"RT 129","ROGGE LN",1056.00,E,N,B,-,Y,,,129,,,,,,,Y,4,0,2,1,A,-,08,22107,,N,E,I,A,A,H,-,B,D,0,,,,,Y,,A,07,0,0,2,0,0,0,0,0,0,"- ","- ",36.909770000000002,-121.63256,"SANTA CRUZ",UNINCORPORATED,-121.63237820000001,36.909576690000002
6748335,2014,2015-01-30,4403,2014-12-10,1854,370,2-20,3,5,4,4403,0,0,0,,0,002,"LAKE AV","RODRIGUEZ ST",359.00,W,N,B,-,N,,,,,,,,,,Y,4,0,2,2,A,-,03,22350,,N,D,C,A,A,H,-,C,D,0,,,,,Y,,A,01,0,0,2,0,0,0,0,0,0,"- ","- ",,,"SANTA CRUZ",WATSONVILLE,-121.76100651,36.909664589999998
6750095,2014,2015-01-30,9720,2014-12-03,1724,016633,,3,2,9,4400,0,2,4,,1,031,"FREEDOM BL","SOQUEL DR",150.00,E,N,B,-,N,,,,,,,,,,Y,4,0,1,2,A,-,09,21804,A,N,D,C,A,B,H,-,C,D,0,,,Y,,Y,,C,02,0,0,1,0,0,0,0,0,0,"- ","- ",36.972700000000003,-121.87137,"SANTA CRUZ",UNINCORPORATED,-121.87132942,36.972455779999997
6751521,2014,2016-05-02,9720,2014-09-26,1255,018601,,5,1,9,4400,0,1,3,,2,020,"RT 1","STATE PARD DR",200.00,N,N,A,-,Y,SCR,5,1,-,-,10.580,H,-,N,Y,4,0,1,3,A,-,07,21658,A,N,B,C,A,A,H,-,A,D,1,,,,Y,Y,,A,01,0,0,1,0,0,0,0,0,0,"- ","- ",36.978430000000003,-121.91108,"SANTA CRUZ",UNINCORPORATED,-121.91103361,36.97843237
6758924,2014,2015-03-06,9720,2014-11-12,0410,018083,,3,3,9,4400,0,2,4,,1,021,"SOQUEL DR","RESEARCH PARK DR",31.00,W,N,A,-,N,,,,,,,,,,N,4,0,1,1,C,-,18,,,N,E,J,A,A,C,-,A,D,0,,,,,Y,,-,"- ",0,0,1,0,0,0,0,0,0,"- ","- ",36.987459999999999,-121.96896,"SANTA CRUZ",UNINCORPORATED,-121.96857238,36.987392540000002
6759273,2014,2015-03-05,4402,2014-11-21,1451,141,SANTA,5,5,5,4402,0,0,0,,0,,"SOQUEL AV","BRANCIFORTE AV",140.00,W,N,B,-,N,,,,,,,,,,N,3,0,1,2,A,-,17,22517,,N,B,G,A,A,H,-,A,D,0,,Y,,,Y,,A,01,0,1,0,0,0,0,1,0,0,"- ","- ",,,"SANTA CRUZ","SANTA CRUZ",-122.01633646000001,36.976723749999998
6768786,2014,2016-06-18,9720,2014-12-19,2225,20012,,5,3,9,4400,0,1,3,,2,020,"RT 1","41ST AV",528.00,S,N,B,C,Y,SCR,5,1,-,-,13.420,H,-,S,Y,4,0,1,1,A,-,08,22107,,N,E,I,A,B,H,-,C,D,1,,,,,Y,,A,01,0,0,1,0,0,0,0,0,0,"- ","- ",36.982860000000002,-121.9607,"SANTA CRUZ",UNINCORPORATED,-121.96091898,36.982825429999998
6783430,2015,2015-03-18,4403,2015-02-25,1615,7808,5-39,3,5,4,4403,0,0,0,,0,005,"AIRPORT BL","FREEDOM BL",505.00,E,N,A,-,N,,,,,,,,,,N,4,0,1,2,A,-,09,21804,A,N,G,B,D,A,H,-,A,D,0,Y,,,,Y,,D,22,0,0,1,0,1,0,0,0,0,"- ","- ",,,"SANTA CRUZ",WATSONVILLE,-121.77709233,36.939560159999999
6788789,2015,2015-02-25,9720,2015-01-20,0745,14653,,2,1,9,4400,0,2,4,,1,021,"SOQUEL DR","THURBER LN",0.00,,Y,A,-,N,,,,,,,,,,Y,4,0,1,2,A,-,12,21453,A,N,D,C,A,A,H,-,A,D,0,,,,,Y,,A,07,0,0,1,0,0,0,0,0,0,"- ","- ",36.591999999999999,-121.58450000000001,"SANTA CRUZ",UNINCORPORATED,-121.97911987000001,36.988740040000003
6805205,2015,2016-09-07,9720,2015-01-15,1040,15170,,4,1,9,4400,0,1,3,,1,017,"RT 17","SUGARLOAF RD",2112.00,S,N,A,-,Y,SCR,5,17,-,-,8.310,H,-,N,Y,4,0,1,2,A,-,03,22350,,N,C,C,A,A,D,H,A,A,0,,,,,Y,,A,01,0,0,1,0,0,0,0,0,0,"- ","- ",37.088000000000001,-121.97745999999999,"SANTA CRUZ",UNINCORPORATED,-121.97769576,37.090320849999998
6807985,2015,2016-10-03,9720,2015-01-19,0918,15699,,1,1,9,4400,0,1,3,,2,020,"RT 1","RIO DEL MAR BL",528.00,S,N,A,-,Y,SCR,5,1,-,-,9.010,H,-,S,Y,2,0,3,2,A,-,01,23152,A,N,B,C,A,A,H,-,A,D,1,,,,,Y,Y,A,07,1,1,1,0,0,0,0,0,0,"- ","- ",36.582599999999999,-121.53,"SANTA CRUZ",UNINCORPORATED,-121.88395711,36.974209700000003
6829474,2015,2016-09-16,9720,2015-02-27,1630,018650,,5,2,5,4402,0,1,3,,2,020,"RT 1","OCEAN ST",50.00,N,N,B,-,Y,SCR,5,1,-,-,17.174,R,1,S,N,4,0,1,2,A,-,03,22350,,N,C,C,A,A,H,-,A,D,1,,,,,Y,,D,22,0,0,1,0,0,0,0,0,0,TO,"- ",36.98516,-122.02351,"SANTA CRUZ","SANTA CRUZ",-122.02328801,36.98656218
6830355,2015,2016-10-03,9720,2015-02-16,1537,018071,,1,2,9,4400,0,1,3,,1,017,"RT 17","PASATIEMPO DR",792.00,S,N,A,-,Y,SCR,5,17,-,-,0.590,H,-,N,Y,4,0,1,2,A,-,04,21703,,N,C,C,A,A,H,-,A,D,1,,,,,Y,,A,01,0,0,1,0,0,0,0,0,0,"- ","- ",36.994489999999999,-122.01894,"SANTA CRUZ",UNINCORPORATED,-122.02081686,36.99733372
6830371,2015,2016-10-03,9720,2015-02-13,0216,16633,,5,3,9,4400,0,1,3,,2,030,"RT 1","RT 129",3696.00,N,N,A,-,Y,SCR,5,1,-,R,1.420,H,-,N,Y,4,0,1,2,A,-,01,23152,A,N,C,C,A,A,D,-,D,D,1,,,,Y,Y,Y,A,07,0,0,1,0,0,0,0,0,0,"- ","- ",36.909149999999997,-121.77853,"SANTA CRUZ",UNINCORPORATED,-121.77975701,36.903472729999997
6830624,2015,2015-03-12,9720,2015-02-09,1040,018231,,1,1,9,4400,0,2,4,,1,021,"SOQUEL DR","PAUL SWEET RD",15.00,E,N,A,-,N,,,,,,,,,,N,4,0,1,2,A,-,21,22106,,N,C,C,A,A,H,-,A,D,0,,,,,Y,,A,07,0,0,1,0,0,0,0,0,0,"- ","- ",36.988280000000003,-121.98553,"SANTA CRUZ",UNINCORPORATED,-121.98521289,36.987866429999997
6835082,2015,2016-10-03,9720,2015-02-08,1050,17959,,7,1,9,4400,0,1,3,,2,030,"RT 1","HARKINS SLOUGH",481.00,S,N,B,C,Y,SCR,5,1,-,R,2.190,H,-,S,Y,4,0,1,1,A,-,03,22350,,N,E,I,A,B,H,-,A,D,1,,,,,Y,,A,01,0,0,1,0,0,0,0,0,0,"- ","- ",36.913420000000002,-121.78646000000001,"SANTA CRUZ",UNINCORPORATED,-121.78636001,36.913344340000002
6835085,2015,2016-10-03,9720,2015-02-13,1355,18650,,5,1,3,4404,0,1,3,,1,017,"RT 17","MT HERMON RD",200.00,N,N,A,-,Y,SCR,5,17,-,-,3.501,R,2,S,Y,3,0,1,1,A,-,03,22350,,N,F,A,A,A,B,-,A,D,1,,,Y,,Y,,C,02,0,1,0,0,0,0,0,0,1,TO,"- ",37.036169999999998,-122.02097999999999,"SANTA CRUZ","SCOTTS VALLEY",-122.02003852999999,37.036358999999997
6835123,2015,2015-03-12,4402,2015-02-17,1410,170,4402,2,5,5,4402,0,0,0,,0,,"ENCINAL ST","DUBOIS ST",100.00,E,N,B,-,N,,,,,,,,,,N,3,0,1,2,A,-,08,22107,,N,C,E,A,A,H,-,A,D,0,,Y,,,Y,,L,04,0,1,0,0,0,0,1,0,0,"- ","- ",,,"SANTA CRUZ","SANTA CRUZ",-122.03841478,36.987513730000003
6835409,2015,2015-03-13,4402,2015-02-14,2206,175,4402,6,5,5,4402,0,0,0,,0,,"WATER ST","FRONT ST",190.00,E,N,A,-,N,,,,,,,,,,N,3,0,1,1,A,-,08,22107,,N,H,J,A,A,H,-,C,D,0,,Y,,,Y,Y,L,04,0,1,0,0,0,0,1,0,0,"- ","- ",,,"SANTA CRUZ","SANTA CRUZ",-122.02642692000001,36.977064200000001
6840569,2015,2016-09-13,4403,2015-03-09,1252,296,223,1,5,4,4403,0,0,0,,0,002,"MAIN ST","PENNSYLVANIA DR",300.00,S,N,A,-,Y,SCR,5,152,-,T,1.970,H,-,W,N,4,0,1,2,A,-,03,22350,,N,C,C,A,A,H,-,A,A,0,,,,,Y,,A,01,0,0,1,0,0,0,0,0,0,"- ","- ",,,"SANTA CRUZ",WATSONVILLE,-121.77060883,36.916362120000002
6844879,2015,2016-09-13,4403,2015-03-04,0740,296,"3 16",3,5,4,4403,0,0,0,,0,003,"LAKE AV","EATON AV",0.00,,Y,A,-,Y,SCR,5,152,-,T,3.220,H,-,E,N,4,0,1,4,A,-,03,22350,,N,C,C,A,A,H,-,A,D,0,,,,,Y,,A,01,0,0,1,0,0,0,0,0,0,"- ","- ",,,"SANTA CRUZ",WATSONVILLE,-121.7529644,36.913111460000003
6852068,2015,2015-03-20,4402,2015-02-26,1601,175,4402,4,5,5,4402,0,0,0,,0,,"SOQUEL AV","CAPITOLA RD",260.00,E,N,A,-,N,,,,,,,,,,Y,3,0,1,2,A,-,08,21717,,N,D,G,A,A,H,-,A,D,0,,Y,,,Y,,A,01,0,1,0,0,0,0,1,0,0,"- ","- ",,,"SANTA CRUZ","SANTA CRUZ",-121.99662309999999,36.982264059999999
6854227,2015,2017-04-21,4402,2015-02-05,1903,197,4402,4,5,5,4402,0,0,0,,0,00E,"WEST CLIFF DR","BAY ST",204.00,E,N,A,-,N,,,,,,,,,,Y,1,1,0,2,A,-,01,23153,A,F,G,B,C,A,H,-,C,A,0,Y,,,,Y,Y,A,07,0,0,0,1,0,0,0,0,0,"- ","- ",,,"SANTA CRUZ","SANTA CRUZ",-122.02534332,36.961810049999997
6855786,2015,2015-03-26,4402,2015-03-09,1726,170,4402,1,5,5,4402,0,0,0,,0,,"HIGH ST","STOREY ST",0.00,,Y,A,-,N,,,,,,,,,,N,3,0,1,2,A,-,09,21802,A,N,H,G,A,A,H,-,A,A,0,,Y,,,Y,,A,01,0,1,0,0,0,0,1,0,0,"- ","- ",,,"SANTA CRUZ","SANTA CRUZ",-122.03536989,36.977510010000003
6862370,2015,2015-03-27,4402,2015-03-04,1850,817RF,,3,5,5,4402,0,0,0,,0,,"HAGAR DR","VILLAGE RD",528.00,N,N,A,-,N,,,,,,,,,,Y,2,0,3,2,A,-,05,21460,A,N,A,C,A,A,H,-,D,A,0,,,,,Y,,A,01,2,1,0,0,0,0,0,0,0,"- ","- ",,,"SANTA CRUZ","SANTA CRUZ",-122.05440938,36.98708989
6864069,2015,2015-04-07,9720,2015-03-01,1155,14653,,7,1,9,4400,0,3,5,,2,300,"SAN ANDREAS RD","CREST DR",200.00,S,N,A,-,N,,,,,,,,,,Y,2,0,2,1,A,-,08,22107,,N,F,A,A,A,H,-,D,D,0,,,,,Y,Y,A,01,1,1,0,0,0,0,0,0,0,"- ","- ",36.551499999999997,-121.5012,"SANTA CRUZ",UNINCORPORATED,-121.83697076999999,36.921002919999999
6865810,2015,2015-04-09,4403,2015-03-18,0810,244,"5 39",3,5,4,4403,0,0,0,,0,005,"AIRPORT BL","AIRPORT RD",0.00,,Y,A,-,N,,,,,,,,,,Y,4,0,2,2,A,-,09,21802,A,N,D,C,A,A,H,-,A,A,0,,,,,Y,,A,07,0,0,2,0,0,0,0,0,0,"- ","- ",,,"SANTA CRUZ",WATSONVILLE,-121.78336985999999,36.934270089999998
6869585,2015,2016-10-05,9720,2015-03-11,0705,015349,,3,1,9,4400,0,1,3,,2,030,"RT 1","FREEDOM BL",1584.00,S,N,C,-,Y,SCR,5,1,-,-,8.260,H,-,N,N,4,0,1,2,A,-,03,22350,,N,C,C,A,B,H,-,B,D,1,,,,,Y,,A,01,0,0,1,0,0,0,0,0,0,"- ","- ",36.967869999999998,-121.86976,"SANTA CRUZ",UNINCORPORATED,-121.87177118,36.969615570000002
6875594,2015,2015-04-14,4402,2015-03-23,1613,170,4402,1,5,5,4402,0,0,0,,0,,"CHESTNUT ST","CHURCH ST",6.00,S,N,A,-,N,,,,,,,,,,N,4,0,1,2,A,-,09,21804,A,N,H,B,A,A,G,-,A,A,0,,Y,,,Y,,L,04,0,0,1,0,0,0,1,0,0,"- ","- ",,,"SANTA CRUZ","SANTA CRUZ",-122.03089675,36.973733719999998
6875895,2015,2016-10-03,4402,2015-03-20,1001,196,4402,5,5,5,4402,0,0,0,,0,00C,"RT 1","RT 9",500.00,N,N,A,-,Y,SCR,5,1,-,-,17.650,H,-,N,N,3,0,1,2,A,-,11,21954,A,N,G,B,D,A,H,-,A,D,0,Y,,,,Y,,N,60,0,1,0,0,1,0,0,0,0,"- ","- ",,,"SANTA CRUZ","SANTA CRUZ",-122.03098869,36.983783930000001
6878630,2015,2015-04-16,4402,2015-04-03,1313,131,4402,5,5,5,4402,0,0,0,,0,00E,BROADWAY,"OCEAN VIEW AV",0.00,,Y,A,-,N,,,,,,,,,,Y,3,0,1,1,A,-,03,22350,,N,F,A,A,A,H,-,A,D,0,,,Y,,Y,,C,03,0,1,0,0,0,0,0,0,1,"- ","- ",,,"SANTA CRUZ","SANTA CRUZ",-122.01581994,36.974380109999998