CASE_ID,ACCIDENT_YEAR,PROC_DATE,JURIS,COLLISION_DATE,COLLISION_TIME,OFFICER_ID,REPORTING_DISTRICT,DAY_OF_WEEK,CHP_SHIFT,POPULATION,CNTY_CITY_LOC,SPECIAL_COND,BEAT_TYPE,CHP_BEAT_TYPE,CITY_DIVISION_LAPD,CHP_BEAT_CLASS,BEAT_NUMBER,PRIMARY_RD,SECONDARY_RD,DISTANCE,DIRECTION,INTERSECTION,WEATHER_1,WEATHER_2,STATE_HWY_IND,CALTRANS_COUNTY,CALTRANS_DISTRICT,STATE_ROUTE,ROUTE_SUFFIX,POSTMILE_PREFIX,POSTMILE,LOCATION_TYPE,RAMP_INTERSECTION,SIDE_OF_HWY,TOW_AWAY,COLLISION_SEVERITY,NUMBER_KILLED,NUMBER_INJURED,PARTY_COUNT,PRIMARY_COLL_FACTOR,PCF_CODE_OF_VIOL,PCF_VIOL_CATEGORY,PCF_VIOLATION,PCF_VIOL_SUBSECTION,HIT_AND_RUN,TYPE_OF_COLLISION,MVIW,PED_ACTION,ROAD_SURFACE,ROAD_COND_1,ROAD_COND_2,LIGHTING,CONTROL_DEVICE,CHP_ROAD_TYPE,PEDESTRIAN_ACCIDENT,BICYCLE_ACCIDENT,MOTORCYCLE_ACCIDENT,TRUCK_ACCIDENT,NOT_PRIVATE_PROPERTY,ALCOHOL_INVOLVED,STWD_VEHTYPE_AT_FAULT,CHP_VEHTYPE_AT_FAULT,COUNT_SEVERE_INJ,COUNT_VISIBLE_INJ,COUNT_COMPLAINT_PAIN,COUNT_PED_KILLED,COUNT_PED_INJURED,COUNT_BICYCLIST_KILLED,COUNT_BICYCLIST_INJURED,COUNT_MC_KILLED,COUNT_MC_INJURED,PRIMARY_RAMP,SECONDARY_RAMP,LATITUDE,LONGITUDE,COUNTY,CITY,POINT_X,POINT_Y
8751703,2018,2018-12-12,4402,2018-11-01,0109,147,4402,4,5,5,4402,0,0,0,,0,,"WATER ST","RIVER ST",213.00,E,N,A,-,N,,,,,,,,,,N,3,0,1,1,D,-,00,,,N,E,I,A,A,H,-,C,D,0,,Y,,,Y,Y,-,"- ",0,1,0,0,0,0,1,0,0,"- ","- ",,,"SANTA CRUZ","SANTA CRUZ",-122.0247802734375,36.978218078613281
8757743,2018,2019-01-09,4403,2018-11-10,1322,356,"1 09",6,5,4,4403,0,0,0,,0,001,"MAIN ST","CENTRAL AV",75.00,S,N,A,-,N,,,,,,,,,,N,4,0,1,2,A,-,03,22350,,N,C,C,A,A,H,-,A,D,0,,,,,Y,,A,07,0,0,1,0,0,0,0,0,0,"- ","- ",,,"SANTA CRUZ",WATSONVILLE,-121.75448608398438,36.908119201660156
8760880,2018,2019-01-18,4403,2018-12-27,1804,4059,1-07,4,5,4,4403,0,0,0,,0,001,"LINCOLN ST","PALM AV",136.00,S,N,A,-,N,,,,,,,,,,Y,4,0,1,2,A,-,03,22350,,F,C,C,A,A,H,-,C,D,0,,,,,Y,Y,D,22,0,0,1,0,0,0,0,0,0,"- ","- ",,,"SANTA CRUZ",WATSONVILLE,-121.75592041015625,36.917572021484375
8762866,2018,2018-12-27,4402,2018-11-15,1530,140,4402,4,5,5,4402,0,0,0,,0,,"OCEAN ST",BROADWAY,0.00,,Y,A,-,N,,,,,,,,,,Y,4,0,1,2,A,-,09,21801,A,N,A,C,A,A,H,-,A,A,0,,,,,Y,,A,01,0,0,1,0,0,0,0,0,0,"- ","- ",,,"SANTA CRUZ","SANTA CRUZ",-122.01828002929688,36.973320007324219
8800113,2019,2019-02-13,4401,2019-01-26,0737,520,,6,5,3,4401,0,0,0,,0,008,"MONTEREY AV","MONTEREY AV 435",0.00,,-,A,-,N,,,,,,,,,,Y,3,0,1,1,A,-,08,22107,,N,E,I,A,A,H,-,A,D,0,,,,,Y,,A,01,0,1,0,0,0,0,0,0,0,"- ","- ",,,"SANTA CRUZ",CAPITOLA,-121.948509,36.978662999999997
8822523,2019,2019-05-03,4403,2019-03-02,1915,6110,108,6,5,4,4403,0,0,0,,0,001,"BEACH ST","UNION ST",0.00,,Y,C,-,Y,SCR,5,152,-,T,2.991,I,5,E,N,4,0,1,2,A,-,10,21950,A,N,G,B,B,B,H,-,C,A,0,Y,,,,Y,,A,07,0,0,1,0,1,0,0,0,0,"- ","- ",,,"SANTA CRUZ",WATSONVILLE,-121.75605773925781,36.910873413085938
8846648,2019,2019-08-27,4403,2019-05-06,1734,335,319,1,5,4,4403,0,0,0,,0,003,"LAKE AV","BRIDGE ST",0.00,,Y,B,-,Y,SCR,5,152,-,-,1.631,I,5,E,N,3,0,1,2,A,-,09,21801,A,N,D,G,A,A,H,-,A,D,0,,Y,,,Y,,A,01,0,1,0,0,0,0,1,0,0,"- ","- ",,,"SANTA CRUZ",WATSONVILLE,-121.75688171386719,36.910255432128906
8861772,2019,2019-05-22,4402,2019-04-27,1451,136,4402,6,5,5,4402,0,0,0,,0,000,"CHESTNUT ST","LOCUST ST",129.00,N,N,A,-,N,,,,,,,,,,N,3,0,1,1,A,-,05,21650,1,N,F,I,A,A,H,-,A,D,0,,Y,,,Y,,L,04,0,1,0,0,0,0,1,0,0,"- ","- ",,,"SANTA CRUZ","SANTA CRUZ",-122.03121948242188,36.974700927734375
8866041,2019,2019-06-05,4402,2019-05-21,1136,149,4402,2,5,5,4402,0,0,0,,0,000,"MENTEL AV","AGNES ST",750.00,S,N,B,C,N,,,,,,,,,,N,4,0,1,1,A,-,03,22350,,N,E,I,A,B,H,-,A,D,0,,Y,,,Y,,L,04,0,0,1,0,0,0,1,0,0,"- ","- ",,,"SANTA CRUZ","SANTA CRUZ",-121.99976348876953,36.981029510498047
8873775,2019,2019-06-11,4402,2019-05-02,1600,141,SANTA,4,5,5,4402,0,0,0,,0,,"SOQUEL AV","S PARK WY",0.00,,Y,A,-,N,,,,,,,,,,N,3,0,1,2,A,-,08,22100,,N,D,G,A,A,H,-,A,A,0,,Y,,,Y,,A,01,0,1,0,0,0,0,1,0,0,"- ","- ",,,"SANTA CRUZ","SANTA CRUZ",-121.99873352050781,36.981681823730469
8875033,2019,2019-06-13,4402,2019-04-30,2133,145,4402,2,5,5,4402,0,0,0,,0,000,"3RD ST","KAYE ST",240.00,S,N,A,-,N,,,,,,,,,,Y,3,0,1,2,A,-,01,23152,A,N,B,E,A,A,H,-,C,A,0,,,,,Y,Y,A,01,0,1,0,0,0,0,0,0,0,"- ","- ",,,"SANTA CRUZ","SANTA CRUZ",-122.01557922363281,36.966590881347656
8875456,2019,2019-11-07,4403,2019-06-11,0459,4059,109,2,5,4,4403,0,0,0,,0,001,"MAIN ST","BEACH ST",0.00,,Y,A,-,Y,SCR,5,152,-,T,2.928,I,5,E,Y,4,0,1,2,A,-,12,21453,A,N,D,C,A,A,H,-,A,A,0,,,,,Y,,A,07,0,0,1,0,0,0,0,0,0,"- ","- ",,,"SANTA CRUZ",WATSONVILLE,-121.75690460205078,36.910259246826172
8884372,2019,2019-06-25,4402,2019-05-26,2238,142,4402,7,5,5,4402,0,0,0,,0,000,"SOQUEL AV","FREDERICK ST",82.00,E,N,A,-,N,,,,,,,,,,N,4,0,1,2,A,-,05,21650,,N,D,G,A,A,H,-,C,D,0,,Y,,,Y,,L,04,0,0,1,0,0,0,1,0,0,"- ","- ",,,"SANTA CRUZ","SANTA CRUZ",-122.00446319580078,36.981498718261719
8893567,2019,2019-07-23,4403,2019-06-25,1821,5356,"4 21",2,5,4,4403,0,0,0,,0,004,"MAIN ST","AUTO CENTER DR",3.00,N,N,A,-,N,,,,,,,,,,N,3,0,1,2,D,-,00,,,N,G,B,B,A,H,-,A,A,0,Y,,,,Y,,-,"- ",0,1,0,0,1,0,0,0,0,"- ","- ",,,"SANTA CRUZ",WATSONVILLE,-121.7677001953125,36.915840148925781
8896539,2019,2020-01-08,4403,2019-07-08,1029,335,112,1,5,4,4403,0,0,0,,0,001,"RIVERSIDE DR","UNION ST",0.00,,Y,A,B,Y,SCR,5,129,-,-,0.060,I,5,W,Y,3,0,5,2,A,-,12,21453,A,N,D,C,A,A,H,-,A,A,0,,,,,Y,,A,01,0,1,4,0,0,0,0,0,0,"- ","- ",,,"SANTA CRUZ",WATSONVILLE,-121.7525634765625,36.907752990722656
8898946,2019,2019-07-22,4402,2019-06-13,1651,170,4402,4,5,5,4402,0,0,0,,0,000,"LAUREL ST","WALTI ST",6.00,W,N,B,-,N,,,,,,,,,,N,3,0,1,2,A,-,08,22107,,N,H,G,A,A,H,-,A,D,0,,Y,,,Y,,A,01,0,1,0,0,0,0,1,0,0,"- ","- ",,,"SANTA CRUZ","SANTA CRUZ",-122.03330993652344,36.968421936035156
8945976,2019,2019-10-01,4403,2019-09-05,2100,398,2-23,4,5,4,4403,0,0,0,,0,2100,"HARKINS SLOUGH RD","BLACKBIRD CIR",200.00,N,N,A,-,N,,,,,,,,,,N,4,0,3,4,A,-,09,21804,A,F,G,B,D,A,H,-,C,D,0,Y,,,,Y,Y,-,"- ",0,0,3,0,3,0,0,0,0,"- ","- ",,,"SANTA CRUZ",WATSONVILLE,-121.77153778076172,36.913398742675781
8970203,2019,2019-11-27,4402,2019-09-20,0022,131,4402,5,5,5,4402,0,0,0,,0,00E,"PARK WY","SOQUEL AV",16.00,S,N,A,-,N,,,,,,,,,,Y,4,0,1,1,A,-,01,23152,,N,F,I,A,A,H,-,C,A,0,,,,,Y,Y,D,23,0,0,1,0,0,0,0,0,0,"- ","- ",,,"SANTA CRUZ","SANTA CRUZ",-121.99871063232422,36.981639862060547
8980842,2019,2020-01-16,4403,2019-11-17,1918,4559,109,7,5,4,4403,0,0,0,,0,001,"MAIN ST","CENTRAL AV",0.00,,Y,A,-,N,,,,,,,,,,N,3,0,1,2,A,-,10,21950,A,N,G,B,B,A,H,-,C,A,0,Y,,,,Y,,A,01,0,1,0,0,1,0,0,0,0,"- ","- ",,,"SANTA CRUZ",WATSONVILLE,-121.75466156005859,36.908271789550781
8982961,2019,2019-12-21,4402,2019-10-30,1531,817CL,,3,5,5,4402,0,0,0,,0,,"COOLIDGE DR","HIGH ST",0.00,,Y,A,-,N,,,,,,,,,,N,2,0,1,1,A,-,03,22350,,N,H,A,A,A,H,-,A,A,0,,Y,,,Y,,L,04,1,0,0,0,0,0,1,0,0,"- ","- ",36.978111267089844,-122.04480743408203,"SANTA CRUZ","SANTA CRUZ",-122.05375671386719,36.977218627929688
8989254,2019,2020-01-13,4403,2019-11-23,1010,384,1-10,6,5,4,4403,0,0,0,,0,001,"RIVERSIDE DR","UNION ST",0.00,,Y,A,-,N,,,,,,,,,,Y,4,0,1,2,A,-,01,23152,A,N,D,C,A,A,H,-,A,D,0,,,,,Y,Y,A,01,0,0,1,0,0,0,0,0,0,"- ","- ",,,"SANTA CRUZ",WATSONVILLE,-121.75250244140625,36.907829284667969
90015357,2015,2015-10-19,9720,2015-09-01,0735,014653,,2,1,9,4400,0,3,5,,2,200,"SEA RIDGE RD","STATE PARD DR",20.00,W,N,B,-,N,,,,,,,,,,N,4,0,1,2,A,-,03,22350,,N,C,C,A,A,H,-,A,A,0,,,,,Y,,A,07,0,0,1,0,0,0,0,0,0,"- ","- ",36.583199999999998,-121.5444,"SANTA CRUZ",UNINCORPORATED,-121.91177487,36.975581810000001
90017177,2015,2015-10-19,9720,2015-08-30,0350,019956,,7,3,9,4400,0,1,3,,1,014,SR-9,SR-236,4224.00,S,N,A,-,Y,,,9,,,,,,,Y,3,0,1,1,A,-,08,22107,,N,E,I,A,A,H,-,D,D,0,,,,,Y,,A,01,0,1,0,0,0,0,0,0,0,"- ","- ",37.214370000000002,-122.14791,"SANTA CRUZ",UNINCORPORATED,-122.14791347000001,37.214398430000003
90019643,2015,2015-10-19,9720,2015-09-08,1645,021044,,2,2,9,4400,0,1,3,,1,034,SR-152,"RED HAWK PLACE",35.00,E,N,A,-,Y,,,152,,,,,,,Y,3,0,1,3,A,-,05,21460,A,N,F,A,A,A,H,-,A,D,0,,,Y,Y,Y,,G,25,0,1,0,0,0,0,0,0,1,"- ","- ",36.97495,-121.71989000000001,"SANTA CRUZ",UNINCORPORATED,-121.71964276999999,36.974957979999999
90020181,2015,2015-10-19,9720,2015-09-12,2130,020259,,6,2,9,4400,0,3,5,,2,300,"WHITE RD","GILLETTE RD",528.00,W,N,A,-,N,,,,,,,,,,Y,3,0,1,1,A,-,08,22107,,N,E,I,A,A,H,-,D,D,0,,,,,Y,,A,01,0,1,0,0,0,0,0,0,0,"- ","- ",36.969149999999999,-121.8325,"SANTA CRUZ",UNINCORPORATED,-121.8330806,36.968687559999999
90023428,2015,2015-10-19,9720,2015-09-19,1010,18239,,6,1,9,4400,0,1,3,,1,015,SR-9,"BIG TREE MANOR",2112.00,N,N,A,-,N,,,9,,,,,,,Y,4,0,1,1,A,-,08,22107,,N,E,I,A,A,H,-,A,D,0,,,Y,,Y,,C,02,0,0,1,0,0,0,0,0,1,"- ","- ",37.006770000000003,-122.0436,"SANTA CRUZ",UNINCORPORATED,-122.04360142,37.006760030000002
90024217,2015,2015-10-19,9720,2015-09-21,1910,021053,,1,2,9,4400,0,2,4,,1,024,"CAPITOLA RD","7TH AVE",15.00,W,N,A,-,N,,,,,,,,,,N,4,0,1,2,A,-,03,22350,,N,C,C,A,A,H,-,C,A,0,,,,,Y,,A,07,0,0,1,0,0,0,0,0,0,"- ","- ",36.979100000000003,-121.9918,"SANTA CRUZ",UNINCORPORATED,-121.99186863,36.979303260000002
90024847,2015,2015-10-19,9720,2015-09-24,1124,018083,,4,1,9,4400,0,1,3,,1,035,"SR-129 W/B","BLACKBURN ST",1584.00,E,N,A,-,Y,,,129,,,,,,W,Y,4,0,3,4,A,-,03,22350,,N,C,C,A,A,H,-,A,D,0,,,,,Y,,A,07,0,0,3,0,0,0,0,0,0,"- ","- ",36.913969999999999,-121.74072,"SANTA CRUZ",UNINCORPORATED,-121.74071886,36.913966430000002
90026366,2015,2015-10-19,9720,2015-09-27,1240,020640,,7,1,9,4400,0,1,3,,1,014,SR-9,SR-236,6864.00,N,N,A,-,Y,,,9,,,,,,,N,3,0,1,1,A,-,08,22107,,N,E,I,A,A,H,-,A,D,0,,,Y,,Y,,C,02,0,1,0,0,0,0,0,0,1,"- ","- ",37.224899999999998,-122.14718999999999,"SANTA CRUZ",UNINCORPORATED,-122.14724864,37.224907600000002
90038387,2015,2015-10-26,9720,2015-10-09,1915,019978,,5,2,9,4400,0,1,3,,1,014,SR-9,"MITCHELL DR",1020.00,S,N,A,-,Y,,,,,,,,,,Y,3,0,1,1,A,-,08,22107,,N,E,I,A,A,H,-,D,D,0,,,,,Y,,A,07,0,1,0,0,0,0,0,0,0,"- ","- ",37.095300000000002,-122.0805,"SANTA CRUZ",UNINCORPORATED,-122.13460130999999,37.163715580000002
90041531,2015,2015-10-30,9720,2015-10-11,0010,020259,,7,3,9,4400,0,3,5,,2,100,"EMPIRE GRADE RD","CASTANAS RD",1320.00,N,N,A,-,N,,,,,,,,,,Y,3,0,1,1,A,-,01,23152,A,N,E,I,A,A,H,-,D,D,0,,,,,Y,Y,D,22,0,1,0,0,0,0,0,0,0,"- ","- ",37.093609999999998,-122.14102,"SANTA CRUZ",UNINCORPORATED,-122.14223977,37.096516999999999
90042395,2015,2015-11-02,9720,2015-10-20,1747,018394,,2,2,9,4400,0,2,4,,1,021,"BROMMER ST","LISA LN",0.00,,Y,A,-,N,,,,,,,,,,N,3,0,1,2,A,-,03,22350,,N,D,B,D,A,H,-,A,D,0,Y,,,,Y,,A,07,0,1,0,0,1,0,0,0,0,"- ","- ",36.970120000000001,-121.979,"SANTA CRUZ",UNINCORPORATED,-121.97895989,36.97016
90043920,2015,2015-11-03,9720,2015-10-14,0713,015170,,3,1,9,4400,0,1,3,,1,017,"SR-17 NB","EL RANCHO DR",2112.00,N,N,A,-,Y,,,17,,,,,,N,Y,3,0,1,2,A,-,07,21658,,N,B,C,A,A,H,-,A,D,0,,,Y,,Y,,A,01,0,1,0,0,0,0,0,0,1,"- ","- ",37.02467,-122.02670999999999,"SANTA CRUZ",UNINCORPORATED,-122.02684345999999,37.024698180000001
90045176,2015,2015-11-05,9720,2015-10-20,1615,21161,,2,2,9,4400,0,2,4,,1,022,"SOQUEL SAN JOSE ROAD","SUMMIT ROAD",0.00,,Y,A,-,N,,,,,,,,,,N,4,0,1,2,A,-,09,21802,A,N,H,G,A,A,H,-,A,A,0,,Y,,,Y,,A,07,0,0,1,0,0,0,1,0,0,"- ","- ",37.118690000000001,-121.92533,"SANTA CRUZ",UNINCORPORATED,-121.92541998,37.118710069999999
90051471,2015,2015-11-16,9720,2015-10-20,0740,021044,,2,1,9,4400,0,2,4,,1,016,"GRAHAM HILL RD","GRANDVIEW ROAD",528.00,W,N,A,-,N,,,,,,,,,,Y,4,0,2,3,A,-,05,21460,A,N,B,C,A,A,H,-,A,D,0,,,,,Y,,A,07,0,0,2,0,0,0,0,0,0,"- ","- ",37.048720000000003,-122.06632,"SANTA CRUZ",UNINCORPORATED,-122.06261315,37.045913480000003
90053299,2015,2015-11-18,9720,2015-10-29,0645,021140,,4,1,9,4400,0,1,3,,1,034,SR-152,"CARLTON RD",31680.00,E,N,A,-,Y,,,152,,,,,,,Y,4,0,1,1,A,-,08,22107,,N,E,I,A,A,H,-,D,D,0,,,,,Y,,A,07,0,0,1,0,0,0,0,0,0,"- ","- ",36.993499999999997,-121.717,"SANTA CRUZ",UNINCORPORATED,-121.71699803,36.993502249999999
9005776,2019,2020-06-30,4402,2019-10-09,1726,189,4402,3,5,5,4402,0,0,0,,0,000,"RT 1","SHAFFER RD",0.00,,Y,A,-,Y,SCR,5,1,-,-,20.411,I,5,S,Y,2,0,1,2,A,-,09,21804,A,N,D,C,A,A,H,-,A,A,0,,,,Y,Y,,A,01,1,0,0,0,0,0,0,0,0,"- ","- ",,,"SANTA CRUZ","SANTA CRUZ",-122.06217193603516,36.961299896240234
90062175,2015,2015-11-30,9720,2015-11-06,1729,018756,,5,2,9,4400,0,3,5,,2,200,"RODEO GULCH RD","RODEO RIDGE RD.",2112.00,S,N,A,-,N,,,,,,,,,,Y,3,0,1,1,A,-,08,22107,,N,F,A,A,A,H,-,D,D,0,,,,,Y,,A,01,0,1,0,0,0,0,0,0,0,"- ","- ",36.594119999999997,-121.58135,"SANTA CRUZ",UNINCORPORATED,-121.97062559,36.997869919999999
90064205,2015,2015-12-02,9720,2015-11-06,0110,018976,,5,3,9,4400,0,1,3,,1,014,SR-9,SR-236,3696.00,S,N,A,-,Y,,,9,,,,,,,Y,3,0,2,1,A,-,08,22107,,N,E,I,A,A,H,-,D,D,0,,,,,Y,,A,07,0,1,1,0,0,0,0,0,0,"- ","- ",37.213740000000001,-122.14837,"SANTA CRUZ",UNINCORPORATED,-122.14854846999999,37.213694109999999
90064522,2015,2015-12-03,9720,2015-11-18,1753,018976,,3,2,9,4400,0,2,4,,1,022,"SOQUEL SAN JOSE RD.","ONEIL LN",400.00,N,N,A,-,N,,,,,,,,,,N,4,0,1,2,A,-,03,22350,,N,C,C,A,A,H,-,A,D,0,,,,,Y,,A,01,0,0,1,0,0,0,0,0,0,"- ","- ",36.994010000000003,-121.95714,"SANTA CRUZ",UNINCORPORATED,-121.95707913,36.993900840000002
90079427,2015,2015-12-21,9720,2015-12-04,1830,020245,,5,2,9,4400,0,1,3,,2,030,"RT 1","STATE PARD DR",200.00,N,N,A,-,Y,,,1,,,,,,,N,4,0,1,2,A,-,03,22350,,N,C,C,A,A,H,-,C,D,0,,,,,Y,,A,01,0,0,1,0,0,0,0,0,0,"- ","- ",36.979709999999997,-121.91342,"SANTA CRUZ",UNINCORPORATED,-121.91343202,36.97968702
90090770,2015,2016-01-07,9720,2015-12-22,0759,021116,,2,1,9,4400,0,1,3,,1,015,SR-9,"GLENGARRY RD.",11088.00,S,N,C,-,Y,,,9,,,,,,,Y,3,0,1,1,A,-,03,22350,,N,E,I,A,B,H,-,A,D,0,,,,,Y,,A,07,0,1,0,0,0,0,0,0,0,"- ","- ",37.013289999999998,-122.05768999999999,"SANTA CRUZ",UNINCORPORATED,-122.05767,37.013348329999999
90091525,2016,2016-01-08,9720,2016-01-05,0816,18810,,2,1,9,4400,0,1,3,,2,020,"SR-1 S/B","SOQUEL DR O/C",300.00,N,N,B,C,Y,,,1,,,,,,S,Y,3,0,1,2,A,-,03,22350,,N,C,C,A,B,H,-,A,D,0,,,,,Y,,D,22,0,1,0,0,0,0,0,0,0,"- ","- ",36.98762,-121.99037,"SANTA CRUZ",UNINCORPORATED,-121.99036495,36.987666279999999
90111647,2016,2016-02-09,9720,2016-01-27,1730,020805,,3,2,9,4400,0,2,4,,1,016,"GRAHAM HILL RD","SUMMIT AVE",2112.00,S,N,A,-,N,,,,,,,,,,Y,3,0,3,2,A,-,08,22107,,N,D,C,A,A,H,-,D,D,0,,,,,Y,,A,01,0,1,2,0,0,0,0,0,0,"- ","- ",37.043599999999998,-122.0526,"SANTA CRUZ",UNINCORPORATED,-122.06475794000001,37.04881752
90126475,2016,2016-03-01,9720,2016-02-18,0225,020259,,4,3,9,4400,0,1,3,,2,020,"SR-1 S/B","41ST AVE",1933.00,N,N,C,-,Y,,,1,,,,,,S,Y,3,0,1,1,A,-,08,22107,,N,E,I,A,B,H,-,C,D,0,,,,,Y,,A,01,0,1,0,0,0,0,0,0,0,"- ","- ",36.983159999999998,-121.97099,"SANTA CRUZ",UNINCORPORATED,-121.97097299000001,36.9832374
90135149,2016,2016-03-14,9720,2016-03-04,1315,021178,,5,1,9,4400,0,1,3,,1,017,"SR-17 S/B","GRANITE CREEK RD",2640.00,S,N,B,C,Y,,,17,,,,,,S,Y,3,0,1,1,A,-,08,22107,,N,E,I,A,B,H,-,A,D,0,,,,,Y,,A,01,0,1,0,0,0,0,0,0,0,"- ","- ",37.050800000000002,-122.01111,"SANTA CRUZ",UNINCORPORATED,-122.01075324,37.050536010000002
90142102,2016,2016-03-23,9720,2016-03-14,1010,015170,,1,1,9,4400,0,1,3,,1,017,SR-17,"GLENWOOD DR",134.00,S,N,B,-,Y,,,17,,,,,,,Y,2,0,3,2,A,-,05,21460,,N,A,C,A,B,H,-,A,A,0,,,,,Y,,A,01,2,1,0,0,0,0,0,0,0,"- ","- ",37.119590000000002,-121.97583,"SANTA CRUZ",UNINCORPORATED,-121.97589490999999,37.119547560000001
90146665,2016,2016-03-29,9720,2016-03-23,0030,017959,,3,3,9,4400,0,1,3,,1,010,SR-1,"SHAFFER RD",3168.00,N,N,B,-,Y,,,1,,,,,,,Y,3,0,1,1,A,-,08,22107,,N,E,I,A,A,H,-,D,D,0,,,,,Y,,A,08,0,1,0,0,0,0,0,0,0,"- ","- ",36.962069999999997,-122.07555000000001,"SANTA CRUZ",UNINCORPORATED,-122.07554936,36.962149089999997
90146760,2016,2016-04-08,9720,2016-03-23,1502,19589,,3,2,5,4402,0,1,3,,1,017,"SR17 S/B TO SR1 S/B TRANS","MORRISSEY BLVD",1584.00,N,N,A,-,Y,,,,,,,,,,Y,4,0,1,2,A,-,03,22350,,N,C,C,A,A,H,-,A,D,0,,,,,Y,,A,01,0,0,1,0,0,0,0,0,0,"- ","- ",36.98874,-122.01593,"SANTA CRUZ","SANTA CRUZ",,
90153651,2016,2016-04-08,9720,2016-04-01,1526,021116,,5,2,9,4400,0,1,3,,1,015,SR-9,"MADRONA RD",0.00,,Y,A,-,Y,,,9,,,,,,,Y,3,0,2,2,A,-,09,21804,,N,D,C,A,A,H,-,A,D,0,,,,,Y,,A,07,0,1,1,0,0,0,0,0,0,"- ","- ",37.151589999999999,-122.13578,"SANTA CRUZ",UNINCORPORATED,-122.13579346,37.151638169999998
90163649,2016,2016-04-22,9720,2016-04-15,1555,019589,,5,2,9,4400,0,2,4,,1,024,"30TH AVE","CAPITOLA RD",0.00,,Y,A,-,N,,,,,,,,,,Y,3,0,1,1,A,-,08,22107,,N,E,I,A,A,H,-,A,A,0,,,,,Y,,A,01,0,1,0,0,0,0,0,0,0,"- ","- ",36.973779999999998,-121.97326,"SANTA CRUZ",UNINCORPORATED,-121.97316993,36.973680000000002
90169644,2016,2017-03-15,9720,2016-04-19,1410,019978,,2,2,9,4400,0,1,3,,2,020,"SR-1 S/B TO FREEDOM BLVD","FREEDOM BLVD",392.00,N,N,A,-,Y,,,1,,,,R,,S,Y,1,1,0,1,A,-,08,22107,,N,E,I,A,A,H,-,A,D,0,,,,,Y,,A,01,0,0,0,0,0,0,0,0,0,"- ","- ",36.970680000000002,-121.87482,"SANTA CRUZ",UNINCORPORATED,-121.87482,36.970680000000002
90176533,2016,2016-05-10,9720,2016-05-07,0945,18239,,6,1,9,4400,0,3,5,,2,100,"BONNY DOON RD","SMITH GRD",3696.00,W,N,B,-,N,,,,,,,,,,Y,4,0,1,1,A,-,08,22107,,N,F,A,A,B,H,-,A,D,0,,,,,Y,,A,01,0,0,1,0,0,0,0,0,0,"- ","- ",37.030209999999997,-122.15971999999999,"SANTA CRUZ",UNINCORPORATED,-122.16039956,37.029683130000002
90177603,2016,2016-05-11,9720,2016-04-26,2230,019978,,2,3,9,4400,0,2,4,,1,021,"SOQUEL DR","ROBERTSON ST",20.00,S,N,A,-,N,,,,,,,,,,N,2,0,1,2,A,-,17,21208,A,F,B,G,A,A,H,-,C,D,0,,Y,,,Y,,L,04,1,0,0,0,0,0,1,0,0,"- ","- ",36.987589999999997,-121.96014,"SANTA CRUZ",UNINCORPORATED,-121.96046207000001,36.987742920000002
90182985,2016,2016-05-19,9720,2016-05-17,1035,018976,,2,1,9,4400,0,1,3,,1,017,"SR-17 N/B","SANTA CRUZ RIDGE",528.00,N,N,A,-,Y,,,17,,,,,,N,Y,4,0,3,3,A,-,03,22350,,N,C,C,A,A,H,-,A,D,0,,,,,Y,,A,07,0,0,3,0,0,0,0,0,0,"- ","- ",37.13082,-121.97909,"SANTA CRUZ",UNINCORPORATED,-121.97899025,37.1309209
90186676,2016,2016-06-16,9720,2016-05-19,1600,019653,,4,2,9,4400,0,2,4,,1,021,"SOQUEL DRIVE","WINKLE AVE",300.00,W,N,A,-,N,,,,,,,,,,Y,2,0,1,2,A,-,05,21460,,N,D,C,A,A,H,-,A,A,0,,,Y,,Y,,C,02,1,0,0,0,0,0,0,0,1,"- ","- ",36.988309999999998,-121.97636,"SANTA CRUZ",UNINCORPORATED,-121.97611874,36.988316939999997
90198455,2016,2016-06-09,9720,2016-06-01,0841,021230,,3,1,9,4400,0,3,5,,2,100,"ALTA VIA DR","CLEAR CREEK RD",1056.00,N,N,B,-,N,,,,,,,,,,N,2,0,1,2,A,-,21,22106,,F,G,B,E,A,H,-,A,D,0,Y,,,,Y,,-,99,1,0,0,0,1,0,0,0,0,"- ","- ",37.107729999999997,-122.1143,"SANTA CRUZ",UNINCORPORATED,-122.10955,37.107410000000002
90199420,2016,2016-06-13,9720,2016-06-10,1250,021270,,5,1,9,4400,0,1,3,,2,030,"SR-1 N/B","MAR MONTE AVE",528.00,N,N,A,-,Y,,,1,,,,,,N,N,4,0,1,3,A,-,03,22350,,N,C,C,A,A,H,-,A,D,0,,,,,Y,,A,01,0,0,1,0,0,0,0,0,0,"- ","- ",36.953890000000001,-121.85545,"SANTA CRUZ",UNINCORPORATED,-121.85540498,36.953936570000003
90203856,2016,2016-06-17,9720,2016-06-08,1800,020805,,3,2,9,4400,0,2,4,,1,024,"CAPITOLA RD","JOSE AVE",75.00,W,N,A,-,N,,,,,,,,,,Y,4,0,1,4,A,-,03,22350,,N,C,C,A,A,H,-,A,D,0,,,,,Y,,A,01,0,0,1,0,0,0,0,0,0,"- ","- ",36.977899999999998,-121.9894,"SANTA CRUZ",UNINCORPORATED,-121.98942735,36.978079770000001
90204971,2016,2016-06-20,9720,2016-06-10,0427,021161,,5,3,9,4400,0,3,5,,2,100,"BEAR CREEK ROAD","BEAR CREEK WAY",450.00,N,N,A,-,N,,,,,,,,,,Y,4,0,1,1,A,-,01,23152,A,N,E,I,A,A,H,-,D,D,0,,,,,Y,Y,A,01,0,0,1,0,0,0,0,0,0,"- ","- ",37.173729999999999,-122.05723999999999,"SANTA CRUZ",UNINCORPORATED,-122.05743627,37.17365392