CASE_ID,ACCIDENT_YEAR,PROC_DATE,JURIS,COLLISION_DATE,COLLISION_TIME,OFFICER_ID,REPORTING_DISTRICT,DAY_OF_WEEK,CHP_SHIFT,POPULATION,CNTY_CITY_LOC,SPECIAL_COND,BEAT_TYPE,CHP_BEAT_TYPE,CITY_DIVISION_LAPD,CHP_BEAT_CLASS,BEAT_NUMBER,PRIMARY_RD,SECONDARY_RD,DISTANCE,DIRECTION,INTERSECTION,WEATHER_1,WEATHER_2,STATE_HWY_IND,CALTRANS_COUNTY,CALTRANS_DISTRICT,STATE_ROUTE,ROUTE_SUFFIX,POSTMILE_PREFIX,POSTMILE,LOCATION_TYPE,RAMP_INTERSECTION,SIDE_OF_HWY,TOW_AWAY,COLLISION_SEVERITY,NUMBER_KILLED,NUMBER_INJURED,PARTY_COUNT,PRIMARY_COLL_FACTOR,PCF_CODE_OF_VIOL,PCF_VIOL_CATEGORY,PCF_VIOLATION,PCF_VIOL_SUBSECTION,HIT_AND_RUN,TYPE_OF_COLLISION,MVIW,PED_ACTION,ROAD_SURFACE,ROAD_COND_1,ROAD_COND_2,LIGHTING,CONTROL_DEVICE,CHP_ROAD_TYPE,PEDESTRIAN_ACCIDENT,BICYCLE_ACCIDENT,MOTORCYCLE_ACCIDENT,TRUCK_ACCIDENT,NOT_PRIVATE_PROPERTY,ALCOHOL_INVOLVED,STWD_VEHTYPE_AT_FAULT,CHP_VEHTYPE_AT_FAULT,COUNT_SEVERE_INJ,COUNT_VISIBLE_INJ,COUNT_COMPLAINT_PAIN,COUNT_PED_KILLED,COUNT_PED_INJURED,COUNT_BICYCLIST_KILLED,COUNT_BICYCLIST_INJURED,COUNT_MC_KILLED,COUNT_MC_INJURED,PRIMARY_RAMP,SECONDARY_RAMP,LATITUDE,LONGITUDE,COUNTY,CITY,POINT_X,POINT_Y
90207625,2016,2016-06-27,9720,2016-06-16,0755,014653,,4,1,9,4400,0,3,5,,2,200,"30TH AVE","CAPITOLA RD",60.00,N,N,A,-,N,,,,,,,,,,Y,3,0,1,1,A,-,08,22107,,N,E,I,A,A,H,-,A,D,0,,,,,Y,,D,22,0,1,0,0,0,0,0,0,0,"- ","- ",36.973959999999998,-121.97324999999999,"SANTA CRUZ",UNINCORPORATED,-121.97316377999999,36.973844759999999
90212483,2016,2016-06-29,9720,2016-06-19,0525,021140,,7,3,9,4400,0,3,5,,2,100,"GLEN ARBOR ROAD","LARITA DRIVE",1584.00,N,N,A,-,N,,,,,,,,,,Y,3,0,2,1,A,-,08,22107,,N,E,J,A,A,H,-,A,D,0,,,,,Y,,A,01,0,2,0,0,0,0,0,0,0,"- ","- ",37.083060000000003,-122.07872999999999,"SANTA CRUZ",UNINCORPORATED,-122.07896293,37.083202239999999
90219307,2016,2016-07-11,9720,2016-06-30,0019,020562,,4,3,9,4400,0,3,5,,2,200,"SOQUEL SAN JOSE RD","SMITH VALLEY RD",1954.00,S,N,A,-,N,,,,,,,,,,Y,3,0,1,1,A,-,01,23152,A,N,E,I,A,A,H,-,D,D,0,,,,,Y,Y,A,07,0,1,0,0,0,0,0,0,0,"- ","- ",37.094790000000003,-121.95001999999999,"SANTA CRUZ",UNINCORPORATED,-121.94985253999999,37.094866850000003
9022472,2020,2020-01-22,4403,2020-01-06,1126,335,5-27,1,5,4,4403,0,0,0,,0,005,"AIRPORT RD","NIELSON ST",0.00,,Y,A,-,N,,,,,,,,,,Y,4,0,1,2,A,-,12,21453,A,N,D,C,A,A,H,-,A,A,0,,,,,Y,,A,07,0,0,1,0,0,0,0,0,0,"- ","- ",,,"SANTA CRUZ",WATSONVILLE,-121.79447937011719,36.928489685058594
9023548,2020,2020-03-16,4402,2020-01-07,1403,157,4402,2,5,5,4402,0,0,0,,0,000,"FRONT ST","SOQUEL AV",379.00,N,N,A,-,N,,,,,,,,,,Y,4,0,1,2,A,-,10,21950,A,F,G,B,C,A,H,-,A,D,0,Y,,,,Y,,A,01,0,0,1,0,1,0,0,0,0,"- ","- ",,,"SANTA CRUZ","SANTA CRUZ",-122.02500152587891,36.974224090576172
90242123,2016,2016-08-10,9720,2016-07-31,1240,018601,,7,1,9,4400,0,2,4,,1,021,"SOQUEL DR","RIO DEL MAR BLVD",2112.00,W,N,A,-,N,,,,,,,,,,N,3,0,2,3,A,-,08,22107,,N,D,G,A,A,H,-,A,D,0,,Y,,,Y,,A,01,0,2,0,0,0,0,2,0,0,"- ","- ",36.975560000000002,-121.89178,"SANTA CRUZ",UNINCORPORATED,-121.89176517999999,36.975581470000002
90245990,2016,2016-08-16,9720,2016-08-04,1050,015748,,4,1,9,4400,0,1,3,,2,020,"SR-1 N/B","RIO DEL MAR BLVD",1584.00,N,N,A,-,Y,,,,,,,,,,N,4,0,3,2,A,-,03,22350,,N,C,C,A,A,H,-,A,D,0,,,,,Y,,A,01,0,0,3,0,0,0,0,0,0,"- ","- ",36.653570000000002,-121.37289,"SANTA CRUZ",UNINCORPORATED,-121.89157434000001,36.975375479999997
90247168,2016,2016-09-26,9720,2016-08-09,1615,019653,,2,2,9,4400,0,1,3,,1,034,SR-152,"CARLTON ROAD",5280.00,E,N,A,-,Y,,,152,,,,,,,Y,4,0,1,2,A,-,08,22107,,N,B,C,A,A,H,-,A,D,0,,,,,Y,,A,01,0,0,1,0,0,0,0,0,0,"- ","- ",36.968820000000001,-121.7195,"SANTA CRUZ",UNINCORPORATED,-121.71948513,36.968827210000001
90249218,2016,2016-08-22,9720,2016-08-03,1258,018083,,3,1,9,4400,0,1,3,,1,010,SR-1,"BONNY DOON RD",2112.00,N,N,A,-,Y,,,1,,,,,,,Y,3,0,1,2,A,-,06,21750,,N,B,C,A,A,H,-,A,D,0,,,Y,,Y,,C,02,0,1,0,0,0,0,0,0,1,"- ","- ",37.005940000000002,-122.18563,"SANTA CRUZ",UNINCORPORATED,-122.1856355,37.005933849999998
90255953,2016,2016-08-29,9720,2016-08-12,0015,021183,,5,3,9,4400,0,1,3,,1,014,SR-236,"AZALEA STREET",105.00,W,N,A,-,Y,,,236,,,,,,,Y,3,0,1,1,A,-,03,22350,,N,E,I,A,A,H,-,D,D,0,,,,,Y,,A,01,0,1,0,0,0,0,0,0,0,"- ","- ",37.124980000000001,-122.12605000000001,"SANTA CRUZ",UNINCORPORATED,-122.12604578,37.124856209999997
90256015,2016,2016-10-03,9720,2016-08-16,2035,021227,,2,2,9,4400,0,3,5,,2,100,"EMPIRE GRADE RD","GRANGER RD",20.00,S,N,A,-,N,,,,,,,,,,Y,4,0,1,1,A,-,08,22107,,N,E,I,A,A,H,-,D,D,0,,,,,Y,,A,07,0,0,1,0,0,0,0,0,0,"- ","- ",37.073070000000001,-122.12927000000001,"SANTA CRUZ",UNINCORPORATED,-122.12985402,37.073633219999998
90265757,2016,2016-09-14,9720,2016-09-03,0600,021333,,6,1,9,4400,0,3,5,,2,300,"SAN ANDREAS ROAD","BEACH ST",130.00,N,N,B,-,N,,,,,,,,,,Y,3,0,1,1,A,-,08,22107,,M,E,I,A,A,H,-,A,D,0,,,,,Y,,A,01,0,1,0,0,0,0,0,0,0,"- ","- ",36.883029999999998,-121.79817,"SANTA CRUZ",UNINCORPORATED,-121.79790294,36.883139909999997
90271323,2016,2016-09-23,9720,2016-09-07,1135,021321,,3,1,9,4400,0,2,4,,1,021,"SOQUEL DR","CENTER ST",150.00,S,N,A,-,N,,,,,,,,,,N,3,0,1,2,A,-,08,22107,,N,H,G,A,A,H,-,A,D,0,,Y,,,Y,,A,01,0,1,0,0,0,0,1,0,0,"- ","- ",36.988199999999999,-121.95302,"SANTA CRUZ",UNINCORPORATED,-121.95302426000001,36.988043150000003
90287334,2016,2016-10-10,9720,2016-09-18,1710,021270,,7,2,9,4400,0,1,3,,1,014,"SR-9 N/B","TOLL ROAD TRL",1056.00,N,N,A,-,Y,,,9,,,,,,N,Y,2,0,1,1,A,-,03,22350,,N,F,A,A,A,H,-,A,D,0,,,Y,,Y,,C,02,1,0,0,0,0,0,0,0,1,"- ","- ",37.213700000000003,-122.14570000000001,"SANTA CRUZ",UNINCORPORATED,-122.1458507,37.213690870000001
90289662,2016,2016-10-12,9720,2016-09-26,2210,021230,,1,3,9,4400,0,2,4,,1,022,"SOQUEL SAN JOSE RD","LEAPFROG LN",500.00,S,N,A,-,N,,,,,,,,,,Y,4,0,1,1,A,-,01,23152,E,N,E,I,A,A,H,-,D,D,0,,,,,Y,,A,01,0,0,1,0,0,0,0,0,0,"- ","- ",37.023539999999997,-121.95126999999999,"SANTA CRUZ",UNINCORPORATED,-121.95142301,37.023006590000001
90293162,2016,2016-10-17,9720,2016-10-09,2135,021178,,7,2,9,4400,0,2,4,,1,024,"PORTOLA DR","36TH AVE",14.00,E,N,E,-,N,,,,,,,,,,Y,3,0,1,2,A,-,01,23152,A,N,A,C,A,A,H,-,D,D,0,,,,,Y,Y,A,01,0,1,0,0,0,0,0,0,0,"- ","- ",36.963500000000003,-121.9695,"SANTA CRUZ",UNINCORPORATED,-121.96942208,36.963459329999999
90294980,2016,2016-10-18,9720,2016-09-26,0730,021321,,1,1,4,4403,1,4,S,,2,901,"FREEDOM BLVD","ALTA VISTA AVE",30.00,S,N,A,-,N,,,,,,,,,,Y,4,0,1,3,A,-,07,21658,A,N,B,C,A,A,H,-,A,D,0,,,,,Y,,A,01,0,0,1,0,0,0,0,0,0,"- ","- ",36.928350000000002,-121.7663,"SANTA CRUZ",WATSONVILLE,-121.7662596,36.92823336
90295354,2016,2016-10-19,9720,2016-10-16,2230,021053,,7,3,9,4400,0,1,3,,1,017,"SR-17 S/B","GLENWOOD DR",1056.00,N,N,C,-,Y,,,17,,,,,,S,Y,4,0,1,1,A,-,08,22107,,N,E,I,A,B,H,-,D,D,0,,,,,Y,,A,01,0,0,1,0,0,0,0,0,0,"- ","- ",37.122300000000003,-121.97329999999999,"SANTA CRUZ",UNINCORPORATED,-121.97326504999999,37.122261369999997
90299126,2016,2016-10-24,9720,2016-10-02,1947,021248,,7,2,9,4400,0,2,4,,1,016,"GRAHAM HILL RD","QUARRY RD",1584.00,W,N,A,-,N,,,,,,,,,,Y,3,0,1,1,A,-,01,23152,A,N,E,I,A,A,H,-,D,D,0,,,,,Y,Y,D,22,0,1,0,0,0,0,0,0,0,"- ","- ",37.043570000000003,-122.05257,"SANTA CRUZ",UNINCORPORATED,-122.05257,37.043570000000003
90308966,2016,2016-11-01,9720,2016-10-19,0635,015748,,3,1,9,4400,0,1,3,,2,030,"SR-1 N/B","AIRPORT BLVD",528.00,N,N,B,-,Y,,,,,,,,,,N,4,0,1,2,A,-,03,22350,,N,C,C,A,A,H,-,B,D,0,,,,,Y,,A,01,0,0,1,0,0,0,0,0,0,"- ","- ",36.583709999999996,-121.76823,"SANTA CRUZ",UNINCORPORATED,-121.79835786,36.92550765
9031080,2019,2020-02-14,4401,2019-12-23,1418,521,4401,1,5,3,4401,0,0,0,,0,,"CLIFF DR","WHARF ENTRANCE",256.00,W,N,A,-,N,,,,,,,,,,N,3,0,1,2,A,-,09,21801,A,N,A,G,A,A,H,-,A,D,0,,Y,,,Y,,D,22,0,1,0,0,0,0,1,0,0,"- ","- ",,,"SANTA CRUZ",CAPITOLA,-121.95423126220703,36.971553802490234
90317091,2016,2016-11-11,9720,2016-10-30,0906,018083,,7,1,9,4400,0,3,5,,2,200,"STATE PARK DRIVE","SOQUEL DRIVE",0.00,,Y,B,-,N,,,,,,,,,,N,3,0,1,1,B,-,22,,,N,F,A,A,A,H,-,A,A,0,,Y,,,Y,,L,04,0,1,0,0,0,0,1,0,0,"- ","- ",36.979860000000002,-121.90842000000001,"SANTA CRUZ",UNINCORPORATED,-121.90843993,36.979860029999998
90318173,2016,2016-11-14,9720,2016-10-27,2245,021116,,4,3,9,4400,0,1,3,,1,017,"SR-17 S/B","GLENWOOD DR",1684.00,S,N,C,-,Y,,,17,,,,,,S,Y,2,0,2,4,A,-,08,22107,,N,E,I,E,B,H,-,D,D,0,Y,,,,Y,,A,01,2,0,0,0,2,0,0,0,0,"- ","- ",37.116079999999997,-121.9759,"SANTA CRUZ",UNINCORPORATED,-121.97575956,37.116117060000001
90318768,2016,2016-11-14,9720,2016-10-30,1940,021270,,7,2,9,4400,0,1,3,,1,017,"SR-17 S/B","CLARK RD",100.00,S,N,C,-,Y,,,17,,,,,,S,Y,3,0,2,1,A,-,03,22350,,N,E,I,A,B,H,-,D,D,0,,,,,Y,,A,07,0,1,1,0,0,0,0,0,0,"- ","- ",37.118299999999998,-121.9752,"SANTA CRUZ",UNINCORPORATED,-121.97513789,37.118314650000002
9032479,2020,2020-03-19,4403,2020-01-09,0954,381,5-25,4,5,4,4403,0,0,0,,0,005,"HARKINS SLOUGH RD","WESTRIDGE DR",0.00,,Y,A,-,N,,,,,,,,,,Y,4,0,3,2,A,-,09,21802,A,N,D,C,A,B,H,-,A,A,0,,,,,Y,,A,01,0,0,3,0,0,0,0,0,0,"- ","- ",,,"SANTA CRUZ",WATSONVILLE,-121.78414916992188,36.914508819580078
90329070,2016,2016-11-23,9720,2016-11-16,1635,020805,,3,2,9,4400,0,2,4,,1,021,"SOQUEL DR","41ST AVE",50.00,W,N,A,-,N,,,,,,,,,,N,4,0,1,3,A,-,03,22350,,N,C,C,A,A,H,-,B,A,0,,,,,Y,,A,01,0,0,1,0,0,0,0,0,0,"- ","- ",36.987099999999998,-121.9654,"SANTA CRUZ",UNINCORPORATED,-121.96514892,36.987377479999999
90334630,2016,2016-12-01,9720,2016-11-22,1640,020805,,2,2,9,4400,0,2,4,,1,021,"SOQUEL DR","CABRILLO COLLEGE DR",25.00,E,N,A,-,N,,,,,,,,,,N,4,0,1,2,A,-,03,22350,,F,C,C,A,A,H,-,B,A,0,,,,,Y,,-,99,0,0,1,0,0,0,0,0,0,"- ","- ",36.988300000000002,-121.9247,"SANTA CRUZ",UNINCORPORATED,-121.92497744000001,36.988361810000001
90338365,2016,2016-12-06,9720,2016-11-27,0955,018231,,7,1,9,4400,0,1,3,,1,017,"SR-17 S/B","GLENWOOD DR",600.00,N,N,B,-,Y,,,17,,,,,,S,Y,3,0,1,1,A,-,08,22107,,N,E,I,A,B,H,-,A,D,0,,,,,Y,,A,01,0,1,0,0,0,0,0,0,0,"- ","- ",37.119770000000003,-121.97602999999999,"SANTA CRUZ",UNINCORPORATED,-121.97598718,37.119777460000002
90339302,2016,2016-12-07,9720,2016-11-20,1215,021268,,7,1,9,4400,0,1,3,,1,017,"SR-17 S/B","GLENWOOD DR",1584.00,S,N,C,-,Y,,,17,,,,,,S,Y,3,0,1,1,A,-,03,22350,,N,E,I,A,B,H,-,A,D,0,,,,,Y,,A,01,0,1,0,0,0,0,0,0,0,"- ","- ",37.117400000000004,-121.9753,"SANTA CRUZ",UNINCORPORATED,-121.97532165,37.11741413
90339766,2016,2016-12-07,9720,2016-11-29,1120,015285,Santa,2,1,9,4400,0,2,4,,1,022,"SOQUEL SAN JOSE RD","DAWN LANE",80.00,N,N,A,-,N,,,,,,,,,,Y,4,0,1,2,A,-,03,22350,,N,C,C,A,A,H,-,A,D,0,,,,,Y,,I,11,0,0,1,0,0,0,0,0,0,"- ","- ",36.995730000000002,-121.95662,"SANTA CRUZ",UNINCORPORATED,-121.95657301,36.995884969999999
90343226,2016,2016-12-13,9720,2016-12-08,1322,015170,,4,1,9,4400,0,1,3,,1,017,"SR-17 (S/B)","GLENWOOD DR",2112.00,S,N,C,-,Y,,,,,,,,,,N,3,0,1,1,A,-,08,22107,,N,E,I,A,B,H,-,A,D,0,,,,,Y,,A,07,0,1,0,0,0,0,0,0,0,"- ","- ",37.116610000000001,-121.07574,"SANTA CRUZ",UNINCORPORATED,-121.97467068,37.114800850000002
90348546,2016,2016-12-20,9720,2016-12-08,1635,021211,,4,2,9,4400,0,1,3,,1,017,"SR-17 S/B","GLENWOOD DR",1056.00,S,N,B,C,Y,,,17,,,,,,S,Y,4,0,1,1,A,-,03,22350,,N,E,I,A,B,H,-,A,D,0,,,,,Y,,A,01,0,0,1,0,0,0,0,0,0,"- ","- ",37.115499999999997,-121.9757,"SANTA CRUZ",UNINCORPORATED,-121.97552419,37.115642950000002
90364587,2016,2017-01-09,9720,2016-12-28,1200,021548,,3,1,9,4400,0,1,3,,2,020,"SR 1 N/B","RIO DEL MAR BLVD",2640.00,N,N,A,-,Y,,,1,,,,,,N,Y,3,0,1,1,A,-,08,22107,,N,E,I,A,A,H,-,A,D,0,,,,,Y,,A,01,0,1,0,0,0,0,0,0,0,"- ","- ",36.975119999999997,-121.89623,"SANTA CRUZ",UNINCORPORATED,-121.89622808,36.975090489999999
90368151,2017,2017-01-12,9720,2017-01-04,2148,021028,,3,2,9,4400,0,1,3,,1,017,"SR-17 S/B","GLENWOOD DR",1584.00,S,N,C,-,Y,,,,,,,,,,Y,4,0,1,1,A,-,03,22350,,N,E,I,A,B,H,-,D,D,0,,,,,Y,,A,01,0,0,1,0,0,0,0,0,0,"- ","- ",37.124839999999999,-121.97655,"SANTA CRUZ",UNINCORPORATED,,
90369813,2016,2017-02-13,9720,2016-12-09,1430,021268,,5,2,9,4400,0,1,3,,1,017,"SR-17 N/B","GLENWOOD DR",528.00,S,N,C,-,Y,,,17,,,,,,N,Y,3,0,1,1,A,-,03,22350,,N,E,I,A,B,H,-,A,D,0,,,,,Y,,A,01,0,1,0,0,0,0,0,0,0,"- ","- ",37.099699999999999,-121.9761,"SANTA CRUZ",UNINCORPORATED,-121.97627519,37.099562980000002
90373434,2017,2017-01-20,9720,2017-01-08,0000,021270,,7,3,9,4400,0,1,3,,2,030,"SR-1 N/B",SR-129,500.00,N,N,A,-,Y,,,1,,,,,,N,Y,3,0,1,1,A,-,01,23152,A,N,E,I,A,B,H,-,D,D,0,,,,,Y,Y,A,01,0,1,0,0,0,0,0,0,0,"- ","- ",36.898400000000002,-121.7765,"SANTA CRUZ",UNINCORPORATED,-121.7764993,36.898400449999997
90380700,2017,2017-01-30,9720,2017-01-20,1710,021268,,5,2,9,4400,0,1,3,,1,015,SR-9,"PIKE RD",350.00,S,N,B,C,Y,,,9,,,,,,,N,3,0,1,1,A,-,03,22350,,N,E,I,A,B,H,-,D,D,0,,,,,Y,,A,01,0,1,0,0,0,0,0,0,0,"- ","- ",37.098599999999998,-122.09829999999999,"SANTA CRUZ",UNINCORPORATED,-122.09831543999999,37.098579299999997
90382690,2017,2017-01-31,9720,2017-01-27,0710,021477,,5,1,9,4400,0,3,5,,2,300,"LARKIN VALLEY RD","DUNLAP LN.",500.00,N,N,A,-,N,,,,,,,,,,Y,4,0,1,1,A,-,03,22350,,N,E,I,A,C,H,-,A,D,0,,,,,Y,,A,01,0,0,1,0,0,0,0,0,0,"- ","- ",36.952159999999999,-121.84286,"SANTA CRUZ",UNINCORPORATED,-121.84261411,36.952024559999998
90404718,2017,2017-03-02,9720,2017-02-28,1516,021477,,2,2,9,4400,0,3,5,,2,200,"PORTER ST","W WALNUT ST.",400.00,N,N,A,-,N,,,,,,,,,,Y,3,0,2,3,A,-,03,22350,,N,C,C,A,A,H,-,A,D,0,,,,,Y,,A,07,0,1,1,0,0,0,0,0,0,"- ","- ",36.985759999999999,-121.95741,"SANTA CRUZ",UNINCORPORATED,-121.95737453,36.986988910000001
90405575,2017,2017-03-03,9720,2017-02-28,1538,021540,,2,2,9,4400,0,2,4,,1,023,"7TH AVE","CARMEL ST",0.00,,Y,A,-,N,,,,,,,,,,N,4,0,1,2,A,-,03,22350,,N,C,C,A,A,H,-,A,D,0,,,,,Y,,A,01,0,0,1,0,0,0,0,0,0,"- ","- ",36.965200000000003,-121.99836000000001,"SANTA CRUZ",UNINCORPORATED,-121.9983599,36.965200099999997
90405579,2017,2017-03-03,9720,2017-03-02,1834,021477,,4,2,9,4400,0,3,5,,2,200,"CABRILLO COLLEGE DR","LOWER PERIMETER RD.",28.00,S,N,A,-,N,,,,,,,,,,N,4,0,1,2,A,-,03,22350,,N,C,C,A,A,H,-,C,D,0,,,,,Y,,A,01,0,0,1,0,0,0,0,0,0,"- ","- ",36.985849999999999,-121.9267,"SANTA CRUZ",UNINCORPORATED,-121.9267121,36.98588367
90407411,2017,2017-03-07,9720,2017-03-06,1100,019521,,1,1,9,4400,0,1,3,,1,017,"SR-17 N/B","GLENWOOD DR",1848.00,S,N,B,C,Y,,,17,,,,,,N,Y,4,0,1,1,A,-,08,22107,,N,E,I,A,B,H,-,A,D,0,,,,,Y,,A,01,0,0,1,0,0,0,0,0,0,"- ","- ",37.114780000000003,-121.9746,"SANTA CRUZ",UNINCORPORATED,-121.97465187,37.114752369999998
90411328,2017,2017-03-13,9720,2017-03-06,2037,021159,,1,2,9,4400,0,2,4,,1,024,"7TH AVE","EATON ST",0.00,,Y,B,-,N,,,,,,,,,,N,4,0,1,3,C,-,18,,,N,D,C,A,A,H,-,C,A,0,,,,,Y,,-,"- ",0,0,1,0,0,0,0,0,0,"- ","- ",36.967640000000003,-121.99800999999999,"SANTA CRUZ",UNINCORPORATED,-121.99799985999999,36.967670009999999
90414105,2017,2017-03-16,9720,2017-03-09,2248,021477,,4,3,9,4400,0,3,5,,2,200,"HUNTINGTON DR.","VALENCIA RD",1584.00,W,N,A,-,N,,,,,,,,,,Y,3,0,1,1,A,-,01,23152,A,N,E,I,A,A,H,-,D,D,0,,,,,Y,Y,A,07,0,1,0,0,0,0,0,0,0,"- ","- ",36.984920000000002,-121.86915,"SANTA CRUZ",UNINCORPORATED,-121.86958918000001,36.984396859999997
90425869,2017,2017-04-03,9720,2017-03-28,1245,021540,,2,1,9,4400,0,3,5,,2,200,"MONROE AVE","BOWEN AVE",100.00,W,N,A,-,N,,,,,,,,,,N,3,0,1,2,D,-,00,,,N,G,B,E,A,H,-,A,D,0,Y,,,,Y,,-,"- ",0,1,0,0,1,0,0,0,0,"- ","- ",36.974690000000002,-121.87518,"SANTA CRUZ",UNINCORPORATED,-121.87551327,36.974626950000001
90425942,2017,2017-04-03,9720,2017-03-27,1708,021540,,1,2,9,4400,0,2,4,,1,023,"7TH AVE","CARMEL ST",100.00,N,N,A,-,N,,,,,,,,,,Y,4,0,1,2,A,-,01,23152,F,N,B,E,A,A,H,-,A,D,0,,,,,Y,,A,07,0,0,1,0,0,0,0,0,0,"- ","- ",36.965200000000003,-121.99836000000001,"SANTA CRUZ",UNINCORPORATED,-121.99832164,36.965473009999997
90426622,2017,2017-04-04,9720,2017-04-01,1622,020640,,6,2,9,4400,0,1,3,,2,020,"SR-1 S/B","BAY AVE",200.00,S,N,A,-,Y,,,1,,,,,,S,Y,3,0,1,3,A,-,03,22350,,N,B,C,A,A,H,-,A,D,0,,,Y,,Y,,C,02,0,1,0,0,0,0,0,0,1,"- ","- ",36.983280000000001,-121.95611,"SANTA CRUZ",UNINCORPORATED,-121.95610974,36.983277209999997
90430528,2017,2017-04-10,9720,2017-04-01,1255,021489,,6,1,9,4400,0,1,3,,2,020,"SR-1 N/B","STATE PARD DR",528.00,S,N,A,-,Y,,,1,,,,,,N,Y,3,0,3,3,A,-,03,22350,,N,C,C,A,A,H,-,A,D,0,,,Y,,Y,,C,02,0,3,0,0,0,0,0,0,3,"- ","- ",36.977690000000003,-121.90955,"SANTA CRUZ",UNINCORPORATED,-121.90956695,36.977657630000003
90434683,2017,2017-04-17,9720,2017-04-09,1155,020897,,7,1,9,4400,0,1,3,,1,017,"SR-17 N/B","GLENWOOD DR",2112.00,S,N,B,-,Y,,,17,,,,,,N,N,4,0,1,1,A,-,03,22350,,N,F,A,A,A,H,-,A,D,0,,,Y,,Y,,C,02,0,0,1,0,0,0,0,0,1,"- ","- ",37.11477,-121.97462,"SANTA CRUZ",UNINCORPORATED,-121.97465214,37.114752879999998
90436412,2017,2017-04-18,9720,2017-04-02,2220,021227,,7,3,9,4400,0,1,3,,1,017,"SR-17 N/B","MOUNT HERMON RD",1056.00,N,N,B,-,Y,,,17,,,,,,N,Y,4,0,1,1,A,-,08,22107,,N,E,I,A,B,H,-,D,D,0,,,,,Y,,D,22,0,0,1,0,0,0,0,0,0,"- ","- ",37.03678,-122.01882000000001,"SANTA CRUZ",UNINCORPORATED,-122.01894733,37.036976590000002
90440227,2017,2017-04-24,9720,2017-04-07,0730,021548,,5,1,9,4400,0,1,3,,2,020,"SR-1 N/B","STATE PARD DR",2640.00,S,N,B,C,Y,,,1,,,,,,N,Y,4,0,3,2,A,-,03,22350,,F,C,C,A,B,H,-,A,D,0,,,,,Y,,D,22,0,0,3,0,0,0,0,0,0,"- ","- ",36.975520000000003,-121.90475000000001,"SANTA CRUZ",UNINCORPORATED,-121.90474995,36.975520250000002
90440245,2017,2017-04-24,9720,2017-04-13,1610,021227,,4,2,9,4400,0,3,5,,2,100,"JAMISON CREEK RD","EMPIRE GRADE RD",0.00,,Y,A,-,N,,,,,,,,,,N,4,0,1,2,D,-,00,,,N,A,C,A,A,H,-,A,A,0,,,,,Y,,-,"- ",0,0,1,0,0,0,0,0,0,"- ","- ",37.141889999999997,-122.18727,"SANTA CRUZ",UNINCORPORATED,-122.1870399,37.141930019999997
90440342,2017,2017-04-24,9720,2017-04-14,1050,021268,,5,1,9,4400,0,1,3,,2,020,"SR-1 N/B","RIO DEL MAR BLVD",1584.00,N,N,A,-,Y,,,1,,,,,,N,Y,4,0,1,2,A,-,03,22350,,N,D,C,A,A,H,-,A,D,0,,,Y,,Y,,C,02,0,0,1,0,0,0,0,0,1,"- ","- ",36.975299999999997,-121.8925,"SANTA CRUZ",UNINCORPORATED,-121.89250163,36.97532605
90441048,2017,2017-04-24,9720,2017-04-17,0550,021333,,1,3,9,4400,0,1,3,,1,017,"STATE ROUTE 17 S/B","LAUREL RD",600.00,N,N,B,C,Y,,,17,,,,,,S,Y,3,0,1,1,A,-,03,22350,,N,E,I,A,B,H,-,D,D,0,,,,,Y,,A,07,0,1,0,0,0,0,0,0,0,"- ","- ",37.108359999999998,-121.97714999999999,"SANTA CRUZ",UNINCORPORATED,-121.97713807,37.108357410000004
9044306,2020,2020-09-16,4402,2020-01-02,2357,179,4402,4,5,5,4402,0,0,0,,0,,"GOLF CLUB DR","RT 9",0.00,,Y,A,-,Y,SCR,5,9,-,-,0.421,I,6,S,N,4,0,1,2,A,-,12,22450,A,F,D,G,A,A,H,-,C,A,0,,Y,,,Y,,D,22,0,0,1,0,0,0,1,0,0,"- ","- ",,,"SANTA CRUZ","SANTA CRUZ",-122.03112030029297,36.989528656005859
9044310,2019,2020-03-10,4402,2019-12-27,1521,181,4402,5,5,5,4402,0,0,0,,0,000,"HARVEY WEST BL","SYLVANIA ST",160.00,E,N,A,-,N,,,,,,,,,,Y,3,0,2,2,A,-,08,22107,,N,E,I,A,A,H,-,A,D,0,,,,,Y,,D,22,0,1,1,0,0,0,0,0,0,"- ","- ",,,"SANTA CRUZ","SANTA CRUZ",-122.0345458984375,36.983882904052734
90447245,2017,2017-05-02,9720,2017-05-01,1447,020640,,1,2,9,4400,0,2,4,,1,016,"GRAHAM HILL RD","MICHAEL LN",220.00,S,N,A,-,N,,,,,,,,,,Y,4,0,1,2,A,-,03,22350,,N,C,C,A,A,D,-,A,A,0,,,,,Y,,A,01,0,0,1,0,0,0,0,0,0,"- ","- ",36.993099999999998,-122.0292,"SANTA CRUZ",UNINCORPORATED,-122.02909868,36.998142110000003
9046220,2019,2020-02-20,4402,2019-12-03,1953,159,4402,2,5,5,4402,0,0,0,,0,,"OCEAN ST","PLYMOUTH ST",0.00,,N,B,C,N,,,,,,,,,,N,3,0,1,2,A,-,09,21801,A,N,H,G,A,B,H,-,C,A,0,,Y,,,Y,Y,A,01,0,1,0,0,0,0,1,0,0,"- ","- ",,,"SANTA CRUZ","SANTA CRUZ",-122.02333831787109,36.985191345214844