CASE_ID,ACCIDENT_YEAR,PROC_DATE,JURIS,COLLISION_DATE,COLLISION_TIME,OFFICER_ID,REPORTING_DISTRICT,DAY_OF_WEEK,CHP_SHIFT,POPULATION,CNTY_CITY_LOC,SPECIAL_COND,BEAT_TYPE,CHP_BEAT_TYPE,CITY_DIVISION_LAPD,CHP_BEAT_CLASS,BEAT_NUMBER,PRIMARY_RD,SECONDARY_RD,DISTANCE,DIRECTION,INTERSECTION,WEATHER_1,WEATHER_2,STATE_HWY_IND,CALTRANS_COUNTY,CALTRANS_DISTRICT,STATE_ROUTE,ROUTE_SUFFIX,POSTMILE_PREFIX,POSTMILE,LOCATION_TYPE,RAMP_INTERSECTION,SIDE_OF_HWY,TOW_AWAY,COLLISION_SEVERITY,NUMBER_KILLED,NUMBER_INJURED,PARTY_COUNT,PRIMARY_COLL_FACTOR,PCF_CODE_OF_VIOL,PCF_VIOL_CATEGORY,PCF_VIOLATION,PCF_VIOL_SUBSECTION,HIT_AND_RUN,TYPE_OF_COLLISION,MVIW,PED_ACTION,ROAD_SURFACE,ROAD_COND_1,ROAD_COND_2,LIGHTING,CONTROL_DEVICE,CHP_ROAD_TYPE,PEDESTRIAN_ACCIDENT,BICYCLE_ACCIDENT,MOTORCYCLE_ACCIDENT,TRUCK_ACCIDENT,NOT_PRIVATE_PROPERTY,ALCOHOL_INVOLVED,STWD_VEHTYPE_AT_FAULT,CHP_VEHTYPE_AT_FAULT,COUNT_SEVERE_INJ,COUNT_VISIBLE_INJ,COUNT_COMPLAINT_PAIN,COUNT_PED_KILLED,COUNT_PED_INJURED,COUNT_BICYCLIST_KILLED,COUNT_BICYCLIST_INJURED,COUNT_MC_KILLED,COUNT_MC_INJURED,PRIMARY_RAMP,SECONDARY_RAMP,LATITUDE,LONGITUDE,COUNTY,CITY,POINT_X,POINT_Y
92404601,2023,2024-06-03,9720,2023-11-14,1928,022879,,2,2,9,4400,0,1,3,,1,014,SR-9,"BEAR CREEK RD.",0.00,,Y,A,-,N,,,,,,,,,,N,2,0,1,2,A,-,09,21802,A,F,D,C,A,A,H,-,C,A,0,,,Y,,Y,,-,99,1,0,0,0,0,0,0,0,1,"- ","- ",37.128448486328125,-122.12297058105469,"SANTA CRUZ",UNINCORPORATED,-122.12302398681641,37.128482818603516
92417841,2024,2024-06-18,9720,2024-06-04,1408,023618,,2,2,9,4400,0,2,4,,1,023,"7TH AVE","RODRIGUEZ ST",0.00,,Y,A,-,N,,,,,,,,,,N,3,0,1,2,D,-,00,,,N,D,C,A,A,H,-,A,A,0,,,,,Y,,-,"- ",0,1,0,0,0,0,0,0,0,"- ","- ",36.981529235839844,-121.98963165283203,"SANTA CRUZ",UNINCORPORATED,-121.98966217041016,36.981513977050781
92419367,2024,2024-06-20,9720,2024-06-11,2222,022545,,2,3,9,4400,0,2,4,,1,032,"RANPORT RD","AIRPORT BLVD",0.00,,Y,A,-,N,,,,,,,,,,Y,3,0,1,1,A,-,03,22350,,N,F,A,A,A,H,-,D,D,0,,,Y,,Y,,C,02,0,1,0,0,0,0,0,0,1,"- ","- ",36.923919677734375,-121.79734039306641,"SANTA CRUZ",UNINCORPORATED,-121.79732513427734,36.923904418945312
92430460,2024,2024-07-03,9720,2024-06-24,2100,023721,,1,2,9,4400,0,2,4,,1,016,"GRAHAM HILL RD","MICHAEL LN",300.00,S,N,A,-,N,,,,,,,,,,N,4,0,1,1,A,-,03,22350,,N,F,A,A,A,H,-,A,D,0,,,Y,,Y,,C,02,0,0,1,0,0,0,0,0,1,"- ","- ",36.997848510742188,-122.02884674072266,"SANTA CRUZ",UNINCORPORATED,-122.02893829345703,36.997962951660156
92433287,2024,2024-07-08,9720,2024-05-29,1350,022044,,3,1,9,4400,0,3,5,,2,100,"GLEN ARBOR RD","NEWELL CREEK RD",0.00,,Y,A,-,N,,,,,,,,,,Y,4,0,1,2,A,-,09,21802,B,N,D,2,A,A,H,-,A,A,0,,,,,Y,,D,22,0,0,1,0,0,0,0,0,0,"- ","- ",37.083820343017578,-122.08155059814453,"SANTA CRUZ",UNINCORPORATED,-122.08164978027344,37.083816528320312
92436067,2024,2024-07-11,9720,2024-06-15,1000,023507,,6,1,9,4400,0,1,3,,1,015,SR-9,"MONACO LN",0.00,,Y,A,-,Y,SCR,,9," "," ",13.693,H,,R,Y,3,0,1,2,A,-,09,21801,A,N,D,C,A,A,H,-,A,D,0,,,,,Y,,D,22,0,1,0,0,0,0,0,0,0,"- ","- ",37.133819580078125,-122.12619018554688,"SANTA CRUZ",UNINCORPORATED,-122.12615966796875,37.133838653564453
92436158,2024,2024-07-11,9720,2024-06-21,1734,023103,,5,2,9,4400,0,3,5,,2,200,"HIDDEN VALLEY RD","OCEAN VISTA DR",600.00,N,N,A,-,N,,,,,,,,,,Y,3,0,1,1,A,-,01,23152,A,N,E,8,A,A,H,-,A,D,0,,,,,Y,Y,A,01,0,1,0,0,0,0,0,0,0,"- ","- ",37.018379211425781,-121.97038269042969,"SANTA CRUZ",UNINCORPORATED,-121.97031402587891,37.018451690673828
92436398,2024,2024-07-11,9720,2024-06-30,1215,023419,,7,1,9,4400,0,1,3,,1,014,SR-9,SR-35,1584.00,S,N,A,-,Y,SCR,,9," "," ",26.824,H,,R,Y,3,0,1,1,A,-,03,22350,,N,F,A,A,A,H,-,A,D,0,,,Y,,Y,,C,02,0,1,0,0,0,0,0,0,1,"- ","- ",37.256141662597656,-122.12576293945312,"SANTA CRUZ",UNINCORPORATED,-122.12574768066406,37.256134033203125
92443056,2024,2024-07-19,9720,2024-07-08,"848 ",021211,,1,1,9,4400,0,2,4,,1,023,"7TH AVE.","EATON ST.",0.00,,Y,B,-,N,,,,,,,,,,N,3,0,2,1,C,-,18,,,N,F,A,A,D,G,-,A,A,0,,Y,,,Y,,-,"- ",0,1,1,0,0,0,1,0,0,"- ","- ",36.967700958251953,-121.99810791015625,"SANTA CRUZ",UNINCORPORATED,-121.99800109863281,36.967670440673828
9245558,2021,2021-04-01,4404,2021-02-16,1514,5361,4404,2,5,3,4404,0,0,0,,0,NORTH,"SCOTTS VALLEY DR","CARBANERO WY",78.00,,N,A,-,N,,,,,,,,,,N,3,0,1,2,A,-,22,23123,5,N,C,D,A,A,H,-,A,D,0,,,,,Y,,A,01,0,1,0,0,0,0,0,0,0,"- ","- ",37.050941467285156,-122.01570892333984,"SANTA CRUZ","SCOTTS VALLEY",-122.01476287841797,37.051048278808594
92457212,2024,2024-07-22,9720,2024-06-08,1150,023502,,6,1,9,4400,0,1,3,,2,020,"SR-1 N/B","RIO DEL MAR BLVD",2210.00,N,N,B,-,Y,SCR,,1," "," ",9.573,H,,R,Y,4,0,1,2,A,-,03,22350,,N,C,C,A,A,H,-,A,D,0,,,,,Y,,A,07,0,0,1,0,0,0,0,0,0,"- ","- ",36.9752197265625,-121.89388275146484,"SANTA CRUZ",UNINCORPORATED,-121.89388275146484,36.975238800048828
9247385,2021,2021-04-30,4402,2021-03-19,2159,153,4402,5,5,5,4402,0,0,0,,0,,BROADWAY,"SAN LORENZO BL",125.00,E,N,A,-,N,,,,,,,,,,Y,3,0,1,1,A,-,01,23152,,N,E,I,A,A,H,-,C,A,0,,,,,Y,Y,D,22,0,1,0,0,0,0,0,0,0,"- ","- ",,,"SANTA CRUZ","SANTA CRUZ",-122.02204132080078,36.970569610595703
9247487,2021,2021-04-16,4402,2021-03-28,1257,160,4402,7,5,5,4402,0,0,0,,0,000,"WEST CLIFF DR","SANTA CRUZ  ST",51.00,,N,A,-,N,,,,,,,,,,N,2,0,1,1,C,-,18,,,N,F,A,A,A,H,-,A,D,0,,Y,,,Y,,-,"- ",1,0,0,0,0,0,1,0,0,"- ","- ",,,"SANTA CRUZ","SANTA CRUZ",-122.02600860595703,36.958534240722656
9248460,2021,2021-04-14,4403,2021-03-02,1515,9091,224,2,5,4,4403,0,0,0,,0,005,"HARKINS SLOUGH RD","SILVER LEAF DR",57.00,W,N,A,-,N,,,,,,,,,,N,4,0,1,2,A,-,05,21650,1,N,D,G,A,A,H,-,A,A,0,,Y,,,Y,,L,04,0,0,1,0,0,0,1,0,0,"- ","- ",,,"SANTA CRUZ",WATSONVILLE,-121.78560638427734,36.914985656738281
9250239,2021,2021-05-03,4403,2021-04-05,1912,9091,306,1,5,4,4403,0,0,0,,0,003,"FREEDOM BL","MARTINELLI ST",130.00,S,N,B,-,N,,,,,,,,,,N,4,0,1,2,A,-,01,23152,A,M,C,C,A,A,H,-,B,A,0,,,,,Y,Y,A,07,0,0,1,0,0,0,0,0,0,"- ","- ",,,"SANTA CRUZ",WATSONVILLE,-121.76303100585938,36.924720764160156
9258440,2021,2021-05-06,4403,2021-04-19,2324,414,401,1,5,4,4403,0,0,0,,0,004,"FREEDOM BL","LANDIS AV",84.00,N,N,A,-,N,,,,,,,,,,Y,3,0,1,1,A,-,01,23152,A,N,E,I,A,A,H,-,C,D,0,,,,,Y,Y,A,01,0,1,0,0,0,0,0,0,0,"- ","- ",,,"SANTA CRUZ",WATSONVILLE,-121.77228546142578,36.934097290039062
92601407,2024,2024-07-24,9720,2024-07-24,"901 ",022140,,3,1,9,4400,0,2,4,,1,021,"SOQUEL DR","ROBERTSON ST",0.00,,Y,A,-,N,,,,,,,,,,Y,3,0,2,2,A,-,12,22450,A,F,D,C,A,A,H,-,A,A,0,,,,,Y,,A,01,0,2,0,0,0,0,0,0,0,"- ","- ",36.987739562988281,-121.96051788330078,"SANTA CRUZ",UNINCORPORATED,-121.9605712890625,36.987758636474609
9275203,2021,2021-07-16,4403,2021-06-10,0652,341,"5 27",4,5,4,4403,0,0,0,,0,005,"AIRPORT BL","LARKIN VALLEY RD",17.00,E,N,A,-,N,,,,,,,,,,N,4,0,1,2,A,-,10,21950,A,N,G,B,D,A,H,-,A,A,0,Y,,,,Y,,A,01,0,0,1,0,1,0,0,0,0,"- ","- ",,,"SANTA CRUZ",WATSONVILLE,-121.79636383056641,36.925643920898438
9282860,2021,2021-07-21,4403,2021-06-28,2107,406,,1,5,4,4403,0,0,0,,0,,"FREEDOM BL","BLANCA LN",152.00,N,N,A,-,N,,,,,,,,,,Y,4,0,2,2,A,-,01,23152,A,N,C,D,A,A,H,-,C,D,0,,,,,Y,Y,A,01,0,0,2,0,0,0,0,0,0,"- ","- ",,,"SANTA CRUZ",WATSONVILLE,-121.76948547363281,36.931587219238281
92877702,2024,2024-07-29,9720,2024-07-19,"619 ",023186,,5,1,9,4400,0,1,3,,1,034,SR-152,"COLEMAN AVE",0.00,,Y,A,-,N,,,,,,,,,,N,3,0,1,2,A,-,09,21804,A,N,D,C,A,A,H,-,A,D,0,,,,,Y,,A,07,0,1,0,0,0,0,0,0,0,"- ","- ",36.930419921875,-121.74437713623047,"SANTA CRUZ",UNINCORPORATED,-121.74436187744141,36.930419921875
9289436,2021,2021-07-26,4403,2021-06-28,1311,335,305,1,5,4,4403,0,0,0,,0,003,"STANFORD ST","BREWINGTON AV",0.00,,Y,A,-,N,,,,,,,,,,,4,0,2,2,A,-,12,22450,A,N,D,C,A,A,H,-,A,D,0,,,,,Y,,-,"- ",0,0,2,0,0,0,0,0,0,"- ","- ",,,"SANTA CRUZ",WATSONVILLE,-121.75555419921875,36.923122406005859
9299146,2021,2021-08-30,4402,2021-07-18,1655,194,4402,7,5,5,4402,0,0,0,,0,000,"SEASIDE ST","RANKIN ST",0.00,,Y,A,-,N,,,,,,,,,,N,3,0,1,2,A,-,12,22450,A,N,H,G,A,A,H,-,A,A,0,,Y,,,Y,,A,01,0,1,0,0,0,0,1,0,0,"- ","- ",,,"SANTA CRUZ","SANTA CRUZ",-122.04222106933594,36.960712432861328
9301415,2021,2021-08-24,4403,2021-08-05,1326,335,2-21,4,5,4,4403,0,0,0,,0,002,"HARKINS SLOUGH RD","SILVER LEAF DR",600.00,W,N,A,-,Y,SCR,5,1,-,R,2.112,R,4,N,N,3,0,2,2,A,-,03,22350,,N,C,C,A,A,H,-,A,D,0,,,,,Y,,-,,0,1,1,0,0,0,0,0,0,"- ","- ",,,"SANTA CRUZ",WATSONVILLE,-121.78549957275391,36.912441253662109
9303697,2021,2021-08-20,4402,2021-05-31,1621,425,4402,1,5,5,4402,0,0,0,,0,000,"SOQUEL AV","LA FONDA AV",0.00,,Y,A,-,N,,,,,,,,,,Y,4,0,1,2,A,-,12,21453,A,N,D,C,A,A,H,-,A,A,0,,,,,Y,,A,07,0,0,1,0,0,0,0,0,0,"- ","- ",,,"SANTA CRUZ","SANTA CRUZ",-121.994873046875,36.983230590820312
93098185,2024,2024-08-01,9720,2024-07-24,1840,023245,,3,2,9,4400,0,2,4,,1,024,"BROMMER ST","7TH AVE",0.00,,Y,A,-,N,,,,,,,,,,N,2,0,1,2,A,-,09,21800,A,N,H,G,A,A,H,-,A,A,0,,Y,,,Y,,A,07,1,0,0,0,0,0,1,0,0,"- ","- ",36.972461700439453,-121.99588012695312,"SANTA CRUZ",UNINCORPORATED,-121.99575805664062,36.972503662109375
9326601,2021,2021-10-28,4402,2021-09-02,1650,156,4402,4,5,5,4402,0,0,0,,0,,"DELAWARE AV","FAIR AV",0.00,,Y,A,-,N,,,,,,,,,,N,4,0,1,2,A,-,12,22450,A,N,H,G,A,A,H,-,A,A,0,,Y,,,Y,,L,04,0,0,1,0,0,0,1,0,0,"- ","- ",,,"SANTA CRUZ","SANTA CRUZ",-122.04520416259766,36.956035614013672
93276818,2024,2024-08-01,9720,2024-05-19,1050,023573,,7,1,9,4400,0,1,3,,1,034,SR-152,"COLLEGE RD",100.00,E,N,A,-,N,,,,,,,,,,N,3,0,3,2,A,-,03,22350,,M,C,C,A,A,D,-,A,A,0,,,,,Y,,A,01,0,3,0,0,0,0,0,0,0,"- ","- ",36.936500549316406,-121.74333190917969,"SANTA CRUZ",UNINCORPORATED,-121.74333190917969,36.936000823974609
9354775,2021,2021-11-02,4402,2021-09-21,1051,440,4402,2,5,5,4402,0,0,0,,0,000,"EAST CLIFF DR","JESSIE ST",134.00,W,N,A,-,N,,,,,,,,,,N,3,0,1,1,C,-,18,,,N,F,A,A,A,H,-,A,D,0,,Y,,,Y,,-,"- ",0,1,0,0,0,0,1,0,0,"- ","- ",,,"SANTA CRUZ","SANTA CRUZ",-122.01498413085938,36.968643188476562
9362122,2021,2021-12-20,4403,2021-11-07,1749,T0002,108,7,5,4,4403,0,0,0,,0,001,"LINCOLN ST","5TH ST",146.00,S,N,A,-,N,,,,,,,,,,N,4,0,1,2,A,-,11,21954,A,N,G,B,E,A,H,-,D,D,0,Y,,,,Y,,N,60,0,0,1,0,1,0,0,0,0,"- ","- ",,,"SANTA CRUZ",WATSONVILLE,-121.75464630126953,36.916019439697266
9367999,2021,2021-12-08,4403,2021-10-31,0040,T0005,429,7,5,4,4403,0,0,0,,0,004,"PEPPERTREE LN","KNOLLWOOD LN",20.00,S,N,A,-,N,,,,,,,,,,Y,4,0,1,3,A,-,08,22107,,M,B,E,A,A,H,-,C,D,0,,,,,Y,,A,01,0,0,1,0,0,0,0,0,0,"- ","- ",,,"SANTA CRUZ",WATSONVILLE,-121.77783966064453,36.926414489746094
9368811,2021,2022-01-12,4403,2021-11-23,1900,281,5-27,2,5,4,4403,0,0,0,,0,005,"AIRPORT BL","FREEDOM BL",30.00,E,N,A,-,N,,,,,,,,,,Y,4,0,1,2,A,-,08,22100,B,N,A,C,A,A,H,-,C,B,0,,,,,Y,,D,22,0,0,1,0,0,0,0,0,0,"- ","- ",,,"SANTA CRUZ",WATSONVILLE,-121.77788543701172,36.938426971435547
9370903,2021,2022-01-12,4402,2021-12-09,0843,191,4402,4,5,5,4402,0,0,0,,0,000,"WEST CLIFF DR","BAY ST",0.00,,Y,A,-,N,,,,,,,,,,Y,4,0,1,2,A,-,01,23153,F,N,A,C,A,A,H,-,A,A,0,,,,,Y,,A,01,0,0,1,0,0,0,0,0,0,"- ","- ",,,"SANTA CRUZ","SANTA CRUZ",-122.02552795410156,36.961273193359375
9374680,2021,2021-12-14,4402,2021-11-12,0828,152,4402,5,5,5,4402,0,0,0,,0,000,"POPLAR AV","WATER ST",266.00,N,N,A,-,N,,,,,,,,,,N,3,0,1,2,A,-,17,22517,,N,B,G,A,A,H,-,A,D,0,,Y,,,Y,,A,01,0,1,0,0,0,0,1,0,0,"- ","- ",,,"SANTA CRUZ","SANTA CRUZ",-122.00827026367188,36.982128143310547
9374721,2021,2021-12-20,4402,2021-11-20,2346,131,4402,6,5,5,4402,0,0,0,,0,000,"DAKOTA AV","OCEAN ST",161.00,W,N,A,-,N,,,,,,,,,,N,3,0,5,3,A,-,06,21750,A,N,D,C,A,A,H,-,C,D,0,,,,,Y,,A,01,0,1,4,0,0,0,0,0,0,"- ","- ",,,"SANTA CRUZ","SANTA CRUZ",-122.02005004882812,36.976821899414062
9379598,2021,2022-01-25,4402,2021-11-30,1615,185JG,4402,2,5,5,4402,0,0,0,,0,000,"SOQUEL AV","CAPITOLA RD",0.00,,Y,A,-,N,,,,,,,,,,N,3,0,2,2,A,-,12,21453,A,F,D,C,A,A,H,-,A,A,0,,,,,Y,,A,01,0,1,1,0,0,0,0,0,0,"- ","- ",,,"SANTA CRUZ","SANTA CRUZ",-121.99741363525391,36.981925964355469
9380098,2022,2022-02-07,4403,2022-01-11,1636,418,1-13,2,5,4,4403,0,0,0,,0,001,"BRIDGE ST","BLACKBURN ST",8.00,E,N,A,-,Y,SCR,5,129,-,-,0.540,I,6,W,N,4,0,1,2,A,-,10,21950,A,F,G,B,B,A,H,-,A,A,0,Y,,,,Y,,A,01,0,0,1,0,1,0,0,0,0,"- ","- ",,,"SANTA CRUZ",WATSONVILLE,-121.74613189697266,36.912269592285156
9384397,2021,2022-01-04,4403,2021-12-11,1029,341,4-02,6,5,4,4403,0,0,0,,0,004,"FREEDOM BL","SYDNEY AV",0.00,,Y,A,-,N,,,,,,,,,,N,4,0,1,2,A,-,09,21804,A,N,D,C,A,A,H,-,A,D,0,,,,,Y,,A,07,0,0,1,0,0,0,0,0,0,"- ","- ",,,"SANTA CRUZ",WATSONVILLE,-121.76981353759766,36.931896209716797
9390905,2021,2022-01-25,4402,2021-12-21,0621,140,4402,2,5,5,4402,0,0,0,,0,000,"FRONT ST","COOPER ST",124.00,N,N,A,-,N,,,,,,,,,,N,4,0,1,2,A,-,11,21954,A,N,G,B,D,A,H,-,D,D,0,Y,,,,Y,,N,60,0,0,1,0,1,0,0,0,0,"- ","- ",,,"SANTA CRUZ","SANTA CRUZ",-122.02568817138672,36.975517272949219
9406025,2022,2022-05-23,4403,2022-05-09,1012,418,1-09,1,5,4,4403,0,0,0,,0,001,"MAIN ST","BEACH ST",20.00,S,N,A,-,Y,SCR,5,152,-,T,2.928,I,6,E,Y,4,0,1,2,A,-,03,22350,,N,C,C,A,A,H,-,A,A,0,,,,,Y,,A,01,0,0,1,0,0,0,0,0,0,"- ","- ",,,"SANTA CRUZ",WATSONVILLE,-121.75690460205078,36.910259246826172
9407157,2022,2022-03-08,4402,2022-01-05,1459,194,4402,3,5,5,4402,0,0,0,,0,000,"MISSION ST","LAURENT ST",104.00,E,N,A,-,N,,,,,,,,,,N,3,0,1,1,A,-,08,22107,,N,E,I,A,A,G,H,A,D,0,,Y,,,Y,,L,04,0,1,0,0,0,0,1,0,0,"- ","- ",,,"SANTA CRUZ","SANTA CRUZ",-122.03842163085938,36.967891693115234
9416035,2022,2022-03-22,4402,2022-02-06,0645,186,4402,7,5,5,4402,0,0,0,,0,000,"SOQUEL AV","PENNSYLVANIA AV",40.00,E,N,A,-,N,,,,,,,,,,Y,4,0,1,2,A,-,08,22102,,N,D,C,A,A,H,-,C,D,0,,,,,Y,,A,07,0,0,1,0,0,0,0,0,0,"- ","- ",,,"SANTA CRUZ","SANTA CRUZ",-122.01283264160156,36.978630065917969
9425997,2022,2022-04-13,4402,2022-03-08,1452,192,4402,2,5,5,4402,0,0,0,,0,000,"PLYMOUTH ST","GRANT ST",150.00,,N,-,-,N,,,,,,,,,,N,4,0,1,2,A,-,09,21804,A,F,D,G,A,A,H,-,A,D,0,,Y,,,Y,,D,22,0,0,1,0,0,0,1,0,0,"- ","- ",,,"SANTA CRUZ","SANTA CRUZ",-122.02304840087891,36.985759735107422
9432006,2022,2022-05-11,4403,2022-04-23,0051,419,1-09,6,5,4,4403,0,0,0,,0,001,"MAIN ST","RIVERSIDE DR",0.00,,Y,A,-,Y,SCR,5,129,-,-,0.000,I,5,E,Y,4,0,1,2,A,-,12,21453,A,N,D,C,A,A,H,-,C,A,0,,,,,Y,,A,01,0,0,1,0,0,0,0,0,0,"- ","- ",,,"SANTA CRUZ",WATSONVILLE,-121.75333404541016,36.907108306884766
94365895,2024,2024-08-22,9720,2024-08-15,2140,023419,,4,2,9,4400,0,3,5,,2,100,SR-35,"BEAR CREEK RD",1584.00,N,N,A,-,Y,SCR,,35," "," ",4.051,H,,R,N,3,0,1,1,A,-,08,22107,,N,E,I,A,A,H,-,D,D,0,,,,,Y,,A,01,0,1,0,0,0,0,0,0,0,"- ","- ",37.171348571777344,-122.02739715576172,"SANTA CRUZ",UNINCORPORATED,-122.02740478515625,37.171352386474609
94388037,2024,2024-09-10,9720,2024-09-03,1500,022140,,2,2,9,4400,0,3,5,,2,200,"PRESCOTT RD","GLEN HAVEN RD",3960.00,N,N,A,-,N,,,,,,,,,,N,3,0,1,1,A,-,03,22350,,N,F,A,A,A,H,-,A,D,0,,Y,,,Y,,L,04,0,1,0,0,0,0,1,0,0,"- ","- ",37.008289337158203,-121.93669128417969,"SANTA CRUZ",UNINCORPORATED,-121.94548797607422,37.001049041748047
94393997,2024,2024-09-16,9720,2024-09-04,"310 ",023959,,3,3,9,4400,0,1,3,,2,020,"SR-1 N/B TO OCEAN ST","OCEAN ST",833.00,N,N,A,-,Y,SCR,,1," "," ",17.149,H,,R,Y,4,0,1,1,A,-,08,22107,,N,E,8,A,A,H,-,C,D,0,,,,,Y,,A,01,0,0,1,0,0,0,0,0,0,"- ","- ",36.987770080566406,-122.02356719970703,"SANTA CRUZ",UNINCORPORATED,-122.02367401123047,36.987808227539062
94395393,2024,2024-09-16,9720,2024-09-05,1600,023573,,4,2,9,4400,0,1,3,,1,010,SR-1,"LAGUNA RD",150.00,N,N,A,-,Y,SCR,,1," "," ",25.991,H,,R,Y,3,0,1,2,A,-,03,22350,,N,C,C,A,A,H,-,A,D,0,,,,,Y,,A,08,0,1,0,0,0,0,0,0,0,"- ","- ",36.987068176269531,-122.15547943115234,"SANTA CRUZ",UNINCORPORATED,-122.15547180175781,36.987087249755859
94401081,2024,2024-09-20,9720,2024-09-09,2011,023959,,1,2,9,4400,0,1,3,,2,020,"SR-1 N/B TO STATE PARK DR.","STATE PARD DR",22.00,S,N,A,-,Y,,,,,,,,,,N,3,0,2,2,A,-,01,23152,A,F,C,C,A,A,H,-,C,A,0,,,,,Y,Y,A,01,0,1,1,0,0,0,0,0,0,"- ","- ",36.978851318359375,-121.90940093994141,"SANTA CRUZ",UNINCORPORATED,,
94404904,2024,2024-09-23,9720,2024-09-11,"900 ",023103,,3,1,9,4400,0,2,4,,1,021,"SOQUEL DRIVE","N MAIN ST",0.00,,Y,A,-,N,,,,,,,,,,N,4,0,1,2,A,-,06,21755,A,N,H,G,A,A,H,-,A,A,0,,Y,,,Y,,M,91,0,0,1,0,0,0,1,0,0,"- ","- ",36.988899230957031,-121.95456695556641,"SANTA CRUZ",UNINCORPORATED,-121.95462799072266,36.988838195800781
94413770,2024,2024-10-01,9720,2024-09-20,1000,023507,,5,1,9,4400,0,2,4,,1,021,"SOQUEL DR","ROBERTSON ST",100.00,N,N,A,-,N,,,,,,,,,,N,4,0,1,2,C,-,18,,,N,E,J,A,A,H,-,A,D,0,,Y,,,Y,,-,"- ",0,0,1,0,0,0,0,0,0,"- ","- ",36.987918853759766,-121.96098327636719,"SANTA CRUZ",UNINCORPORATED,-121.96090698242188,36.987823486328125
94435204,2024,2024-10-17,9720,2024-10-15,1159,023103,,2,1,9,4400,0,1,3,,1,015,SR-9,"PIKE RD",360.00,S,N,A,-,Y,SCR,,9," "," ",10.523,H,,R,N,4,0,2,3,A,-,03,22350,,N,C,2,A,A,H,-,A,D,0,,,,Y,Y,,F,26,0,0,2,0,0,0,0,0,0,"- ","- ",37.099510192871094,-122.09992218017578,"SANTA CRUZ",UNINCORPORATED,-122.09990692138672,37.099533081054688
94438769,2024,2024-10-21,9720,2024-10-14,1430,023959,,1,2,9,4400,0,1,3,,1,015,SR-9,"LOMOND ST",30.00,N,N,A,-,N,,,,,,,,,,Y,3,0,1,4,A,-,03,22350,,N,B,E,A,A,H,-,A,D,0,,,,,Y,,A,07,0,1,0,0,0,0,0,0,0,"- ","- ",37.123611450195312,-122.12165832519531,"SANTA CRUZ",UNINCORPORATED,-122.12168121337891,37.123420715332031
94443110,2024,2024-10-23,9720,2024-10-13,1910,023573,,7,2,9,4400,0,1,3,,2,020,"SR-1 S/B","BAY AVE",528.00,N,N,A,-,Y,SCR,,1," "," ",13.322,H,,L,Y,3,0,1,2,A,-,03,22350,,N,C,C,A,A,D,-,C,D,0,,,,,Y,,D,22,0,1,0,0,0,0,0,0,0,"- ","- ",36.982929229736328,-121.95913696289062,"SANTA CRUZ",UNINCORPORATED,-121.95914459228516,36.982986450195312
94444169,2024,2024-10-24,9720,2024-10-18,2349,023636,,5,3,9,4400,0,3,5,,2,100,"EMPIRE GRADE RD","HELLER DR",4066.00,N,N,A,-,N,,,,,,,,,,Y,4,0,1,1,A,-,08,22107,,N,E,8,A,A,H,-,D,D,0,,,,,Y,,A,01,0,0,1,0,0,0,0,0,0,"- ","- ",36.999019622802734,-122.06876373291016,"SANTA CRUZ",UNINCORPORATED,-122.06874847412109,36.998580932617188
9446497,2022,2022-06-13,4403,2022-05-18,2320,421,"3 05",3,5,4,4403,0,0,0,,0,003,"MARTINELLI ST","MADISON ST",0.00,,Y,A,-,N,,,,,,,,,,Y,4,0,1,2,A,-,01,23152,A,N,D,C,A,A,H,-,C,A,0,,,,,Y,Y,A,01,0,0,1,0,0,0,0,0,0,"- ","- ",,,"SANTA CRUZ",WATSONVILLE,-121.76168060302734,36.925479888916016
94483249,2024,2024-11-25,9720,2024-11-13,2050,024053,,3,2,9,4400,0,3,5,,2,200,"EATON ST","LAKE AVE",70.00,W,N,A,-,N,,,,,,,,,,Y,3,0,1,1,A,-,01,23152,F,N,E,I,A,A,H,-,C,D,0,,,,,Y,,D,22,0,1,0,0,0,0,0,0,0,"- ","- ",36.967960357666016,-122.00147247314453,"SANTA CRUZ",UNINCORPORATED,-122.00141906738281,36.967922210693359
94489513,2024,2024-12-02,9720,2024-11-04,2135,022976,,1,2,9,4400,0,1,3,,2,030,"SR-1 S/B","BUENA VISTA DR",1531.00,S,N,A,-,Y,SCR,,1," ",R,3.810,H,,L,Y,3,0,1,1,A,-,01,23152,F,N,F,0,A,A,H,-,C,D,0,,,,,Y,,A,01,0,1,0,0,0,0,0,0,0,"- ","- ",36.929828643798828,-121.80619049072266,"SANTA CRUZ",UNINCORPORATED,-121.80619812011719,36.929821014404297
94497357,2024,2024-12-13,9720,2024-11-24,1105,023146,,7,1,9,4400,0,1,3,,1,014,SR-9,"SARATOGA TOLL RD",350.00,N,N,B,-,Y,SCR,,9," "," ",19.342,H,,R,Y,3,0,1,1,A,-,03,22350,,N,E,I,A,B,H,-,A,D,0,,,,,Y,,A,01,0,1,0,0,0,0,0,0,0,"- ","- ",37.207740783691406,-122.14452362060547,"SANTA CRUZ",UNINCORPORATED,-122.14450073242188,37.207714080810547