CASE_ID,ACCIDENT_YEAR,PROC_DATE,JURIS,COLLISION_DATE,COLLISION_TIME,OFFICER_ID,REPORTING_DISTRICT,DAY_OF_WEEK,CHP_SHIFT,POPULATION,CNTY_CITY_LOC,SPECIAL_COND,BEAT_TYPE,CHP_BEAT_TYPE,CITY_DIVISION_LAPD,CHP_BEAT_CLASS,BEAT_NUMBER,PRIMARY_RD,SECONDARY_RD,DISTANCE,DIRECTION,INTERSECTION,WEATHER_1,WEATHER_2,STATE_HWY_IND,CALTRANS_COUNTY,CALTRANS_DISTRICT,STATE_ROUTE,ROUTE_SUFFIX,POSTMILE_PREFIX,POSTMILE,LOCATION_TYPE,RAMP_INTERSECTION,SIDE_OF_HWY,TOW_AWAY,COLLISION_SEVERITY,NUMBER_KILLED,NUMBER_INJURED,PARTY_COUNT,PRIMARY_COLL_FACTOR,PCF_CODE_OF_VIOL,PCF_VIOL_CATEGORY,PCF_VIOLATION,PCF_VIOL_SUBSECTION,HIT_AND_RUN,TYPE_OF_COLLISION,MVIW,PED_ACTION,ROAD_SURFACE,ROAD_COND_1,ROAD_COND_2,LIGHTING,CONTROL_DEVICE,CHP_ROAD_TYPE,PEDESTRIAN_ACCIDENT,BICYCLE_ACCIDENT,MOTORCYCLE_ACCIDENT,TRUCK_ACCIDENT,NOT_PRIVATE_PROPERTY,ALCOHOL_INVOLVED,STWD_VEHTYPE_AT_FAULT,CHP_VEHTYPE_AT_FAULT,COUNT_SEVERE_INJ,COUNT_VISIBLE_INJ,COUNT_COMPLAINT_PAIN,COUNT_PED_KILLED,COUNT_PED_INJURED,COUNT_BICYCLIST_KILLED,COUNT_BICYCLIST_INJURED,COUNT_MC_KILLED,COUNT_MC_INJURED,PRIMARY_RAMP,SECONDARY_RAMP,LATITUDE,LONGITUDE,COUNTY,CITY,POINT_X,POINT_Y
94502503,2024,2024-12-13,9720,2024-11-21,"717 ",023103,,4,1,9,4400,0,3,5,,2,100,"HOPKINS GULCH ROAD","DORRANCE ROAD",5808.00,N,N,B,C,N,,,,,,,,,,N,4,0,1,2,A,-,09,21661,,N,B,C,A,B,H,-,A,D,0,,,,,Y,,A,01,0,0,1,0,0,0,0,0,0,"- ","- ",37.152248382568359,-122.10430145263672,"SANTA CRUZ",UNINCORPORATED,-122.10491180419922,37.152431488037109
94515835,2024,2024-12-24,9720,2024-12-18,"820 ",019956,,3,1,9,4400,0,2,4,,1,021,"SOQUEL DR","CABRILLO COLLEGE DR",252.00,E,N,A,-,N,,,,,,,,,,Y,4,0,1,2,A,-,03,22350,,N,C,C,A,A,H,-,A,D,0,,,,,Y,,A,07,0,0,1,0,0,0,0,0,0,"- ","- ",36.988010406494141,-121.92324066162109,"SANTA CRUZ",UNINCORPORATED,-121.92423248291016,36.988193511962891
94529045,2024,2025-01-07,9720,2024-12-26,1210,023146,,4,1,9,4400,0,1,3,,1,015,SR-9,"IRWIN WAY",0.00,,Y,B,C,Y,SCR,,9," "," ",12.001,H,,R,N,4,0,2,2,A,-,04,21703,,N,C,C,A,B,H,-,A,D,0,,,,,Y,,A,07,0,0,2,0,0,0,0,0,0,"- ","- ",37.112388610839844,-122.11485290527344,"SANTA CRUZ",UNINCORPORATED,-122.11480712890625,37.112415313720703
94530765,2024,2025-01-08,9720,2024-12-29,1240,023146,,7,1,9,4400,0,1,3,,1,017,"SR-17 S/B","MT HERMON RD",3168.00,S,N,B,-,Y,SCR,,17," "," ",2.838,H,,L,Y,3,0,1,1,A,-,03,22350,,N,E,I,A,B,H,-,A,D,0,,,,,Y,,D,22,0,1,0,0,0,0,0,0,0,"- ","- ",37.027698516845703,-122.02449035644531,"SANTA CRUZ",UNINCORPORATED,-122.02454376220703,37.027740478515625
9453274,2022,2022-07-01,4403,2022-06-10,1236,T0009,224,5,5,4,4403,0,0,0,,0,002,"WALKER ST","2ND ST",0.00,,Y,A,-,N,,,,,,,,,,Y,4,0,1,2,A,-,09,21802,A,N,-,C,A,A,H,-,A,D,0,,,,,Y,,D,22,0,0,1,0,0,0,0,0,0,"- ","- ",,,"SANTA CRUZ",WATSONVILLE,-121.75956726074219,36.906444549560547
94534738,2025,2025-01-13,9720,2025-01-04,1320,023959,,6,1,9,4400,0,1,3,,1,013,SR-35,"BEAR CREEK RD",5280.00,N,N,A,-,Y,SCR,,35," "," ",4.443,H,,R,N,2,0,1,1,A,-,03,22350,,N,E,I,A,A,H,-,A,D,0,,Y,,,Y,,L,04,1,0,0,0,0,0,1,0,0,"- ","- ",37.17388916015625,-122.02671813964844,"SANTA CRUZ",UNINCORPORATED,-122.02670288085938,37.173923492431641
9453768,2022,2022-07-11,4402,2022-06-11,1557,177,4402,6,5,5,4402,0,0,0,,0,000,"MORA ST","AMAT ST",39.00,W,N,A,-,N,,,,,,,,,,N,3,0,1,1,A,-,03,22350,,N,E,-,A,A,A,-,A,D,0,,Y,,,Y,,L,04,0,1,0,0,0,0,1,0,0,"- ","- ",,,"SANTA CRUZ","SANTA CRUZ",-122.030029296875,36.980129241943359
94537775,2025,2025-01-14,9720,2025-01-05,1440,023959,,7,2,9,4400,0,1,3,,1,014,SR-9,"SHINGLE MILL RD",528.00,S,N,A,-,Y,SCR,,9," "," ",24.313,H,,R,Y,2,0,3,4,A,-,05,21460,,N,A,C,A,A,H,-,A,D,0,,,Y,,Y,,C,02,2,0,1,0,0,0,0,0,3,"- ","- ",37.244979858398438,-122.15135955810547,"SANTA CRUZ",UNINCORPORATED,-122.15139770507812,37.245006561279297
94542993,2025,2025-01-20,9720,2025-01-10,1820,023636,,5,2,9,4400,0,1,3,,1,015,SR-9,"BRACKNEY ROAD",70.00,S,N,A,-,Y,SCR,,9," "," ",7.818,H,,R,Y,4,0,1,2,A,-,05,21460,,N,A,C,A,A,H,-,D,D,0,,,,,Y,,A,01,0,0,1,0,0,0,0,0,0,"- ","- ",37.068809509277344,-122.08351898193359,"SANTA CRUZ",UNINCORPORATED,-122.08349609375,37.068824768066406
94564946,2025,2025-02-04,9720,2025-01-25,1320,023959,,6,1,9,4400,0,2,4,,1,021,"SOQUEL DR","ROBERTSON ST",20.00,E,N,A,-,N,,,,,,,,,,Y,3,0,1,2,A,-,04,21703,,N,C,C,A,A,H,-,A,D,0,,,,,Y,,A,01,0,1,0,0,0,0,0,0,0,"- ","- ",36.987789154052734,-121.96038055419922,"SANTA CRUZ",UNINCORPORATED,-121.96050262451172,36.987747192382812
94565187,2024,2025-02-04,9720,2024-10-17,2213,023618,,4,3,9,4400,0,1,3,,1,014,SR-9,"JUANITA ROAD",225.00,S,N,A,-,Y,SCR,,9," "," ",14.224,H,,R,Y,1,1,0,1,A,-,01,23152,A,N,E,8,A,A,H,-,D,D,0,,,,,Y,Y,A,01,0,0,0,0,0,0,0,0,0,"- ","- ",37.139659881591797,-122.13050079345703,"SANTA CRUZ",UNINCORPORATED,-122.13054656982422,37.139629364013672
94570418,2025,2025-02-07,9720,2025-01-29,"625 ",024207,,3,1,9,4400,0,1,3,,1,015,SR-9,"MAIN ST",0.00,,Y,A,-,Y,SCR,,9," "," ",9.509,H,,R,N,4,0,1,2,A,-,09,21802,A,N,D,C,A,A,H,-,C,A,0,,,,,Y,,A,01,0,0,1,0,0,0,0,0,0,"- ","- ",37.089771270751953,-122.09005737304688,"SANTA CRUZ",UNINCORPORATED,-122.09006500244141,37.089790344238281
94573661,2025,2025-02-11,9720,2025-02-05,"840 ",024068,,3,1,9,4400,0,1,3,,1,015,SR-9,"LAZY WOODS RD",1056.00,S,N,A,-,Y,SCR,,9," "," ",7.258,H,,R,N,4,0,1,2,A,-,03,22350,,N,C,C,A,B,H,-,A,D,0,,,,,Y,,D,22,0,0,1,0,0,0,0,0,0,"- ","- ",37.062549591064453,-122.08010101318359,"SANTA CRUZ",UNINCORPORATED,-122.08007049560547,37.062549591064453
9463218,2022,2022-08-31,4403,2022-07-02,2055,417,,6,5,4,4403,0,0,0,,0,,"LINCOLN ST","PROSPECT ST",12.00,S,N,A,-,N,,,,,,,,,,Y,2,0,1,2,A,-,09,21802,A,F,D,C,A,A,H,-,C,A,0,,,Y,,Y,,A,01,1,0,0,0,0,0,0,0,0,"- ","- ",,,"SANTA CRUZ",WATSONVILLE,-121.76084899902344,36.92254638671875
94671798,2025,2025-05-01,9720,2025-04-19,2150,024053,,6,2,9,4400,0,1,3,,1,012,SR-236,SR-9,1478.00,S,N,A,-,Y,SCR,,236," "," ",17.376,H,,R,N,3,0,2,1,A,-,08,22107,,N,E,I,A,A,H,-,D,D,0,,,,,Y,,A,01,0,2,0,0,0,0,0,0,0,"- ","- ",37.207901000976562,-122.15609741210938,"SANTA CRUZ",UNINCORPORATED,-122.15610504150391,37.207897186279297
94675884,2025,2025-05-05,9720,2025-04-22,"520 ",024283,,2,3,9,4400,0,1,3,,1,017,"SR-17 N/B","JARVIS RD",111.00,S,N,B,-,Y,SCR,,17," "," ",7.895,H,,R,N,4,0,1,2,A,-,07,21658,A,N,B,C,A,B,H,-,B,D,0,,,,Y,Y,,F,26,0,0,1,0,0,0,0,0,0,"- ","- ",37.082180023193359,-121.97662353515625,"SANTA CRUZ",UNINCORPORATED,-121.97663116455078,37.082180023193359
94680333,2025,2025-05-08,9720,2025-05-01,1550,022140,,4,2,9,4400,0,1,3,,2,020,"SR-1 N/B","RIO DEL MAR BLVD",2376.00,N,N,A,-,Y,SCR,,1," "," ",9.685,H,,R,Y,4,0,2,3,A,-,03,22350,,N,C,C,A,A,H,-,A,D,0,,,,,Y,,A,01,0,0,2,0,0,0,0,0,0,"- ","- ",36.975120544433594,-121.89594268798828,"SANTA CRUZ",UNINCORPORATED,-121.89594268798828,36.975109100341797
94687462,2025,2025-05-14,9720,2025-05-07,1145,023502,,3,1,9,4400,0,1,3,,2,020,"SR-1 N/B","STATE PARK DRIVE",550.00,N,N,A,-,Y,SCR,,1," "," ",11.321,H,,R,Y,4,0,1,1,A,-,08,22107,,N,E,8,A,A,H,-,A,D,0,,,,,Y,,A,01,0,0,1,0,0,0,0,0,0,"- ","- ",36.982730865478516,-121.92308044433594,"SANTA CRUZ",UNINCORPORATED,-121.92307281494141,36.982753753662109
94689453,2025,2025-05-15,9720,2025-05-04,1715,021548,,7,2,9,4400,0,3,5,,2,200,"RODRIGUEZ ST","HARKLEROAD AVE.",35.00,E,N,A,-,N,,,,,,,,,,N,3,0,1,1,A,-,08,22107,,N,E,I,A,A,H,-,A,D,0,,,Y,,Y,,O,05,0,1,0,0,0,0,0,0,1,"- ","- ",36.982288360595703,-121.98304748535156,"SANTA CRUZ",UNINCORPORATED,-121.98305511474609,36.982315063476562
94692734,2025,2025-05-19,9720,2025-05-02,1900,024068,,5,2,9,4400,0,3,5,,2,100,"EMPIRE GRADE RD","EMERALD FOREST LN",581.00,S,N,A,-,N,,,,,,,,,,N,3,0,1,1,A,-,03,22350,,N,F,0,A,A,H,-,A,D,0,,,Y,,Y,,C,02,0,1,0,0,0,0,0,0,1,"- ","- ",37.077438354492188,-122.13157653808594,"SANTA CRUZ",UNINCORPORATED,-122.13165283203125,37.077541351318359
94692776,2025,2025-05-19,9720,2025-05-07,2100,022976,,3,2,9,4400,0,3,5,,2,300,"VARNI RD","STOREY RD",245.00,E,N,A,-,N,,,,,,,,,,Y,4,0,1,1,A,-,01,23152,A,N,E,J,A,A,H,-,D,D,0,,,,,Y,Y,D,22,0,0,1,0,0,0,0,0,0,"- ","- ",36.968120574951172,-121.79750061035156,"SANTA CRUZ",UNINCORPORATED,-121.79763031005859,36.968063354492188
94704085,2025,2025-05-28,9720,2025-05-18,1605,023345,,7,2,9,4400,0,2,4,,1,032,"COLLEGE RD","ANDERSON RD",78.00,E,N,A,-,N,,,,,,,,,,Y,3,0,2,3,A,-,08,22107,,N,C,4,A,A,H,-,A,D,0,,,,,Y,,A,01,0,2,0,0,0,0,0,0,0,"- ","- ",36.934219360351562,-121.73835754394531,"SANTA CRUZ",UNINCORPORATED,-121.73924255371094,36.934360504150391
9471772,2023,2024-01-11,4403,2023-09-28,1713,433,109,4,5,4,4403,0,0,0,,0,001,"MAIN ST","LAKE AV",260.00,S,N,A,-,N,,,,,,,,,,N,4,0,1,2,A,-,10,21950,A,N,G,B,C,A,H,-,A,A,0,Y,,,,Y,,D,22,0,0,1,0,1,0,0,0,0,"- ","- ",,,"SANTA CRUZ",WATSONVILLE,-121.75783538818359,36.911075592041016
9472209,2022,2022-08-04,4401,2022-05-05,1748,523,4401,4,5,3,4401,0,0,0,,0,,"BAY AV","OAK DR",0.00,,Y,A,-,N,,,,,,,,,,N,2,0,1,1,A,-,03,22350,,N,H,-,A,A,-,-,A,A,0,,Y,,,Y,Y,L,04,1,0,0,0,0,0,1,0,0,"- ","- ",,,"SANTA CRUZ",CAPITOLA,-121.95382690429688,36.979408264160156
94736378,2025,2025-06-23,9720,2025-06-09,1453,023214,,1,2,9,4400,0,1,3,,1,017,"SR-17 S/B","SUGARLOAF RD",50.00,S,N,A,-,Y,SCR,,17," "," ",8.687,H,,L,N,3,0,2,3,A,-,04,21703,,N,C,C,A,A,H,-,A,D,0,,,,,Y,,D,22,0,1,1,0,0,0,0,0,0,"- ","- ",37.094989776611328,-121.97698974609375,"SANTA CRUZ",UNINCORPORATED,-121.97698974609375,37.094989776611328
94741273,2024,2025-06-26,9720,2024-11-19,"627 ",022140,,2,1,9,4400,0,2,4,,1,032,"GREEN VALLEY RD","PINTO LAKE RD",0.00,,Y,A,-,N,,,,,,,,,,N,1,1,0,2,A,-,10,21950,A,N,G,B,B,A,D,-,B,D,0,Y,,,,Y,,A,01,0,0,0,1,0,0,0,0,0,"- ","- ",36.948211669921875,-121.76548004150391,"SANTA CRUZ",UNINCORPORATED,,
94748479,2025,2025-07-07,9720,2025-06-21,2220,023502,,6,3,9,4400,0,1,3,,2,020,"SR-1 S/B","RIVER STREET",1919.00,S,N,A,-,Y,SCR,,1," "," ",17.154,H,,L,Y,4,0,1,1,A,-,08,22107,,N,E,I,A,A,H,-,D,D,0,,,,,Y,,A,07,0,0,1,0,0,0,0,0,0,"- ","- ",36.986408233642578,-122.02353668212891,"SANTA CRUZ",UNINCORPORATED,-122.02350616455078,36.986381530761719
94752306,2025,2025-07-07,9720,2025-06-25,1540,024068,,3,2,9,4400,0,1,3,,2,020,"SR-1 S/B","MORRISSEY BLVD",792.00,N,N,A,-,Y,SCR,,1," "," ",15.068,H,,L,N,3,0,1,2,A,-,07,21658,A,N,B,C,A,A,H,-,A,D,0,,,Y,,Y,,A,01,0,1,0,0,0,0,0,0,1,"- ","- ",36.987571716308594,-121.98989868164062,"SANTA CRUZ",UNINCORPORATED,-121.98989105224609,36.987613677978516
94768707,2025,2025-07-18,9720,2025-07-09,"855 ",024283,,3,1,9,4400,0,3,5,,2,100,"ICE CREAM GRADE","EMPIRE GRADE RD",0.00,,Y,A,-,N,,,,,,,,,,Y,2,0,1,2,A,-,09,21802,A,N,D,C,A,A,H,-,A,A,0,,,Y,,Y,,A,01,1,0,0,0,0,0,0,0,1,"- ","- ",37.057929992675781,-122.12312316894531,"SANTA CRUZ",UNINCORPORATED,-122.12308502197266,37.057960510253906
94771159,2025,2025-07-21,9720,2025-06-15,2035,023516,,7,2,9,4400,0,3,5,,2,300,"MAR MONTE AVENUE","LA SELVA DRIVE",1056.00,W,N,A,-,N,,,,,,,,,,Y,4,0,1,1,A,-,01,23152,A,N,E,I,A,A,H,-,A,D,0,,,,,Y,Y,D,22,0,0,1,0,0,0,0,0,0,"- ","- ",36.94573974609375,-121.85205078125,"SANTA CRUZ",UNINCORPORATED,-121.85202026367188,36.945919036865234
9478993,2022,2022-09-26,4403,2022-07-27,1941,417,221,3,5,4,4403,0,0,0,,0,002,"2ND ST","RODRIGUEZ ST",151.00,W,N,A,-,N,,,,,,,,,,N,2,0,1,1,A,-,05,21650,1,N,E,J,A,A,H,-,A,D,0,,Y,,,Y,,L,04,1,0,0,0,0,0,1,0,0,"- ","- ",,,"SANTA CRUZ",WATSONVILLE,-121.75727844238281,36.908039093017578
94790568,2025,2025-08-05,9720,2025-07-28,2030,024471,,1,2,9,4400,0,2,4,,1,022,"SOQUEL SAN JOSE RD","HOOVER RD",300.00,N,N,A,-,N,,,,,,,,,,Y,4,0,1,1,A,-,01,23152,A,N,E,I,A,A,H,-,D,D,0,,,,,Y,Y,A,01,0,0,1,0,0,0,0,0,0,"- ","- ",37.055931091308594,-121.94162750244141,"SANTA CRUZ",UNINCORPORATED,-121.9415283203125,37.055923461914062
94820843,2025,2025-08-28,9720,2025-06-06,2115,023026,,5,2,9,4400,0,3,5,,2,300,"LAKEVIEW RD","MARSH LN",50.00,N,N,A,-,N,,,,,,,,,,N,3,0,1,2,A,-,08,22107,,F,C,C,A,A,H,-,D,D,0,,,,,Y,,-,99,0,1,0,0,0,0,0,0,0,"- ","- ",36.939029693603516,-121.72512054443359,"SANTA CRUZ",UNINCORPORATED,-121.72509765625,36.939075469970703
94822463,2025,2025-08-28,9720,2025-08-16,1313,021211,,6,1,9,4400,0,1,3,,2,020,"SR-1 S/B","PARK AVE.",60.00,N,N,B,-,Y,SCR,,1," "," ",12.129,H,,L,Y,4,0,1,3,A,-,03,22350,,N,C,C,A,A,D,-,A,D,0,,,,,Y,,A,07,0,0,1,0,0,0,0,0,0,"- ","- ",36.983921051025391,-121.93759918212891,"SANTA CRUZ",UNINCORPORATED,-121.93759918212891,36.983917236328125
94830441,2025,2025-09-04,9720,2025-08-22,1410,024053,,5,2,9,4400,0,2,4,,1,021,"SOQUEL DR","MISSION DR",350.00,W,N,A,-,N,,,,,,,,,,N,3,0,1,2,A,-,09,21804,A,N,D,C,A,A,H,-,A,D,0,,,Y,,Y,,A,07,0,1,0,0,0,0,0,0,1,"- ","- ",36.989059448242188,-121.98197937011719,"SANTA CRUZ",UNINCORPORATED,-121.98191833496094,36.988975524902344
9483079,2022,2022-08-11,4403,2022-07-21,1601,418,5-28,4,5,4,4403,0,0,0,,0,005,"GREEN VALLEY RD","MAGNOLIA DR",0.00,,Y,A,-,N,,,,,,,,,,Y,4,0,2,2,A,-,08,22100,A,N,B,D,A,A,H,-,A,D,0,,,,,Y,,D,22,0,0,2,0,0,0,0,0,0,"- ","- ",,,"SANTA CRUZ",WATSONVILLE,-121.78090667724609,36.923770904541016
9483131,2022,2022-08-03,4403,2022-07-17,1155,368,220,7,5,4,4403,0,0,0,,0,002,"RODRIGUEZ ST","LAKE AV",4.00,E,N,A,-,N,,,,,,,,,,N,3,0,1,2,A,-,05,21650,1,N,C,G,A,A,H,-,A,A,0,,Y,,,Y,,L,04,0,1,0,0,0,0,1,0,0,"- ","- ",,,"SANTA CRUZ",WATSONVILLE,-121.76017761230469,36.910312652587891
9483134,2022,2022-08-03,4403,2022-07-25,0708,418,224,1,5,4,4403,0,0,0,,0,002,"LEE RD","RIVERSIDE DR",605.00,N,N,B,-,N,,,,,,,,,,Y,4,0,1,1,A,-,03,22350,,N,E,I,A,A,H,-,A,D,0,,,,,Y,,A,01,0,0,1,0,0,0,0,0,0,"- ","- ",,,"SANTA CRUZ",WATSONVILLE,-121.77737426757812,36.895088195800781
94839779,2025,2025-09-11,9720,2025-09-02,1512,023245,,2,2,9,4400,0,2,4,,1,023,"41ST AVE","CORY ST",0.00,,Y,B,-,N,,,,,,,,,,Y,4,0,1,2,A,-,05,21460,A,N,A,C,A,A,H,-,A,A,0,,,,,Y,,A,07,0,0,1,0,0,0,0,0,0,"- ","- ",36.984260559082031,-121.96482086181641,"SANTA CRUZ",UNINCORPORATED,-121.96477508544922,36.984142303466797
94841542,2025,2025-09-12,9720,2025-09-04,1325,022976,,4,1,9,4400,0,1,3,,1,017,"SR-17 S/B","LAUREL RD",5438.00,N,N,A,-,Y,SCR,,17," "," ",10.157,H,,L,Y,4,0,1,4,A,-,03,22350,,N,C,2,A,A,H,-,A,D,0,,,,Y,Y,,F,26,0,0,1,0,0,0,0,0,0,"- ","- ",37.113460540771484,-121.97477722167969,"SANTA CRUZ",UNINCORPORATED,-121.97483825683594,37.113483428955078
94866742,2025,2025-09-30,9720,2025-09-23,1358,022140,,2,1,9,4400,0,1,3,,2,020,"SR-1 S/B","BAY AVE",950.00,S,N,A,-,Y,SCR,,1," "," ",13.018,H,,L,N,4,0,1,2,A,-,03,22350,,N,C,C,A,A,D,-,A,D,0,,,,,Y,,A,07,0,0,1,0,0,0,0,0,0,"- ","- ",36.9835205078125,-121.95368957519531,"SANTA CRUZ",UNINCORPORATED,-121.95368957519531,36.983505249023438
94869962,2025,2025-10-02,9720,2025-09-20,1535,024068,,6,2,9,4400,0,3,5,,2,100,"MT. HERMON ROAD","LILAC LN",528.00,E,N,A,-,N,,,,,,,,,,N,3,0,1,1,A,-,03,22350,,N,F,A,A,A,H,-,A,D,0,,Y,,,Y,,M,91,0,1,0,0,0,0,1,0,0,"- ","- ",37.055290222167969,-122.05648803710938,"SANTA CRUZ",UNINCORPORATED,-122.05665588378906,37.055442810058594
94894147,2025,2025-10-20,9720,2025-10-13,1820,023516,,1,2,9,4400,0,1,3,,2,020,"SR-1 N/B","MORRISSEY BLVD",2112.00,S,N,C,-,Y,SCR,,1," "," ",15.390,H,,R,Y,4,0,1,1,A,-,03,22350,,N,E,I,A,B,H,-,D,D,0,,,,,Y,,A,01,0,0,1,0,0,0,0,0,0,"- ","- ",36.988361358642578,-121.99553680419922,"SANTA CRUZ",UNINCORPORATED,-121.99554443359375,36.988250732421875
9490694,2022,2022-09-01,4402,2022-08-09,1710,157,4402,2,5,5,4402,0,0,0,,0,000,"OCEAN ST","LEONARD ST",0.00,,Y,A,-,N,,,,,,,,,,N,3,0,1,2,A,-,09,21800,A,N,D,G,A,A,H,-,A,D,0,,Y,,,Y,,A,07,0,1,0,0,0,0,1,0,0,"- ","- ",,,"SANTA CRUZ","SANTA CRUZ",-122.02078247070312,36.978084564208984
94908114,2025,2025-10-30,9720,2025-10-20,1548,024068,,1,2,9,4400,0,3,5,,2,200,"CHANTICLEER AVE","RODRIGUEZ STREET",50.00,S,N,A,-,N,,,,,,,,,,N,3,0,1,2,A,-,03,22350,,N,H,G,A,A,H,-,A,D,0,,Y,,,Y,,M,91,0,1,0,0,0,0,1,0,0,"- ","- ",36.981689453125,-121.97930145263672,"SANTA CRUZ",UNINCORPORATED,-121.979248046875,36.981792449951172
94912477,2025,2025-11-05,9720,2025-10-19,1644,023959,,7,2,9,4400,0,1,3,,2,020,"SR-1 N/B","PARK AVE",528.00,S,N,A,-,Y,SCR,,1," "," ",11.942,H,,R,Y,3,0,1,1,A,-,01,23152,A,N,E,I,A,A,D,-,A,D,0,,,,,Y,Y,D,22,0,1,0,0,0,0,0,0,0,"- ","- ",36.984111785888672,-121.93417358398438,"SANTA CRUZ",UNINCORPORATED,-121.93417358398438,36.984058380126953
94920022,2025,2025-11-11,9720,2025-10-26,1718,024595,,7,2,9,4400,0,2,4,,1,031,"FREEDOM BOULEVARD","MCDONALD ROAD",100.00,N,N,B,C,N,,,,,,,,,,Y,3,0,1,2,A,-,08,22107,,N,B,2,A,B,H,-,A,D,0,,,,,Y,,D,22,0,1,0,0,0,0,0,0,0,"- ","- ",36.986198425292969,-121.86039733886719,"SANTA CRUZ",UNINCORPORATED,-121.85973358154297,36.986492156982422
9492721,2022,2022-09-16,4403,2022-08-26,0724,358,527,5,5,4,4403,0,0,0,,0,005,"RANPORT RD","AIRPORT BL",0.00,,Y,B,C,N,,,,,,,,,,,4,0,1,1,A,-,03,22350,,N,F,A,A,B,H,-,A,A,0,,,Y,,Y,,C,02,0,0,1,0,0,0,0,0,1,"- ","- ",,,"SANTA CRUZ",WATSONVILLE,-121.79732513427734,36.923904418945312
94934587,2025,2025-11-18,9720,2025-10-25,1148,024616,,6,1,9,4400,0,2,4,,1,021,"SOQUEL DR","TROUT GULCH RD",370.00,E,N,B,C,N,,,,,,,,,,N,4,0,1,2,A,-,05,21460,,F,B,C,A,B,H,-,A,D,0,,,,,Y,,-,"- ",0,0,1,0,0,0,0,0,0,"- ","- ",36.976139068603516,-121.89922332763672,"SANTA CRUZ",UNINCORPORATED,-121.89933013916016,36.97613525390625
94938510,2025,2025-11-20,9720,2025-10-28,2015,023478,,2,2,5,4402,0,2,4,,1,024,"E CLIFF DRIVE","BLACK POINT LN",15.00,W,N,A,-,N,,,,,,,,,,N,2,0,1,2,A,-,10,21950,A,N,G,B,C,A,H,-,C,D,0,Y,,,,Y,,A,01,1,0,0,0,1,0,0,0,0,"- ","- ",36.963260650634766,-121.99018859863281,"SANTA CRUZ","SANTA CRUZ",-121.99012756347656,36.963294982910156
9496475,2022,2022-09-30,4403,2022-09-21,0652,418,4-34,3,5,4,4403,0,0,0,,0,004,"FREEDOM BL","ARTHUR RD",89.00,S,N,A,-,N,,,,,,,,,,Y,4,0,1,2,A,-,09,21801,A,N,D,C,A,A,H,-,A,D,0,,,,,Y,,A,01,0,0,1,0,0,0,0,0,0,"- ","- ",,,"SANTA CRUZ",WATSONVILLE,-121.76740264892578,36.929481506347656
94968514,2025,2025-12-11,9720,2025-12-02,"945 ",021717,,2,1,9,4400,0,2,4,,1,021,"SOQUEL DR","APTOS RANCHO RD",155.00,E,N,A,-,N,,,,,,,,,,N,4,0,1,2,A,-,03,22350,,N,C,C,A,A,H,-,A,D,0,,,,,Y,,A,01,0,0,1,0,0,0,0,0,0,"- ","- ",36.978408813476562,-121.90708923339844,"SANTA CRUZ",UNINCORPORATED,-121.90713500976562,36.9783935546875
94975166,2025,2025-12-17,9720,2025-12-08,1630,024752,,1,2,9,4400,0,1,3,,2,020,"SR-1 S/B","LA FONDA AVE",275.00,S,N,A,-,Y,SCR,,1," "," ",15.195,H,,L,Y,4,0,1,3,A,-,03,22350,,N,C,C,A,A,H,-,A,D,0,,,,Y,Y,,F,56,0,0,1,0,0,0,0,0,0,"- ","- ",36.987831115722656,-121.99214172363281,"SANTA CRUZ",UNINCORPORATED,-121.99213409423828,36.987861633300781
94978408,2025,2025-12-19,9720,2025-12-14,1415,024068,,7,2,9,4400,0,1,3,,1,017,"SR-17 S/B","GLENWOOD DR",55.00,N,N,A,-,Y,SCR,,17," "," ",10.652,H,,L,Y,4,0,1,2,A,-,03,22350,,N,C,C,A,A,H,-,A,D,0,,,,,Y,,A,01,0,0,1,0,0,0,0,0,0,"- ","- ",37.120010375976562,-121.97608947753906,"SANTA CRUZ",UNINCORPORATED,-121.97610473632812,37.120010375976562
9501055,2022,2022-10-19,4403,2022-09-26,1249,418,306,1,5,4,4403,0,0,0,,0,003,"FREEDOM BL","MARIN ST",0.00,,Y,A,-,N,,,,,,,,,,Y,4,0,1,2,A,-,09,21802,A,N,D,C,A,A,H,-,A,A,0,,,,,Y,,D,22,0,0,1,0,0,0,0,0,0,"- ","- ",,,"SANTA CRUZ",WATSONVILLE,-121.76262664794922,36.924247741699219
95018091,2025,2026-01-19,9720,2025-12-13,1000,023478,,6,1,9,4400,0,3,5,,2,200,"SUMMIT RD","LOMA PRIETA AVE",3696.00,E,N,A,-,N,,,,,,,,,,N,2,0,1,2,A,-,05,21650,,N,H,G,A,A,H,-,A,D,0,,Y,,,Y,,M,91,1,0,0,0,0,0,1,0,0,"- ","- ",37.091510772705078,-121.83567810058594,"SANTA CRUZ",UNINCORPORATED,-121.92542266845703,37.118709564208984
9502772,2022,2022-09-16,4402,2022-08-25,2101,187,4402,4,5,5,4402,0,0,0,,0,000,"BROADWAY ST","SEABRIGHT AV",0.00,,Y,A,-,N,,,,,,,,,,N,3,0,1,2,A,-,09,21801,A,N,H,G,A,A,H,-,D,A,0,,Y,,,Y,,A,01,0,1,0,0,0,0,1,0,0,"- ","- ",,,"SANTA CRUZ","SANTA CRUZ",-122.00856018066406,36.975292205810547